Predicted duration,6.0,,,
Predicted error,0.5,,,
Predicted start,04:22:42,,,
Notes,none,,,
FrameNum,timeInfo,signal-target,signal-track1
0,[04:21:42.3431267],1110109,98394
1,[04:21:42.3933928],1105439,93707
2,[04:21:42.4432419],1115053,91056
3,[04:21:42.4949386],1088963,94641
4,[04:21:42.5433415],1084104,97265
5,[04:21:42.5931645],1044487,94436
6,[04:21:42.6433202],1104793,89106
7,[04:21:42.6936433],1024440,88787
8,[04:21:42.7436056],1086909,93432
9,[04:21:42.7934238],1104035,90441
10,[04:21:42.8436695],1076545,90775
11,[04:21:42.8937593],1078239,89704
12,[04:21:42.9438081],1070671,95772
13,[04:21:42.9937594],1038089,92050
14,[04:21:43.0437834],1104252,95340
15,[04:21:43.0944983],1126521,83701
16,[04:21:43.1440322],1115230,91254
17,[04:21:43.1942007],1100427,96409
18,[04:21:43.2442919],1113137,98194
19,[04:21:43.2943892],1109332,95929
20,[04:21:43.3444745],1102819,92800
21,[04:21:43.3947064],1077276,95925
22,[04:21:43.4448480],1112556,91720
23,[04:21:43.4944026],1041659,94402
24,[04:21:43.5449350],1004626,90630
25,[04:21:43.5949330],1039473,86365
26,[04:21:43.6451843],1133925,96655
27,[04:21:43.6949678],1069510,89242
28,[04:21:43.7450847],1032890,94842
29,[04:21:43.7949542],1102046,93318
30,[04:21:43.8452296],1054121,95218
31,[04:21:43.8954409],1090034,89544
32,[04:21:43.9453326],1112708,94254
33,[04:21:43.9954008],1063770,94204
34,[04:21:44.0453385],1069219,91678
35,[04:21:44.0955213],1063120,98751
36,[04:21:44.1455263],1031301,94800
37,[04:21:44.1960783],1092766,93437
38,[04:21:44.2458228],1098205,96730
39,[04:21:44.2958348],1032616,93251
40,[04:21:44.3458612],1076453,91932
41,[04:21:44.3960552],1139976,91692
42,[04:21:44.4459214],1109090,90971
43,[04:21:44.4960711],1083780,92854
44,[04:21:44.5462879],1062586,88515
45,[04:21:44.5963717],1045832,90799
46,[04:21:44.6464369],1074489,90144
47,[04:21:44.6965086],1036001,87652
48,[04:21:44.7467111],1040200,96036
49,[04:21:44.7966574],1048732,92714
50,[04:21:44.8466851],1086365,92359
51,[04:21:44.8967821],1081304,95033
52,[04:21:44.9470559],1027535,92977
53,[04:21:44.9968619],1096462,88853
54,[04:21:45.0470282],1069859,92547
55,[04:21:45.0971131],1067279,92045
56,[04:21:45.1474811],1093177,90567
57,[04:21:45.1972809],1085381,86455
58,[04:21:45.2472802],1098308,92173
59,[04:21:45.2973080],1117635,94679
60,[04:21:45.3475515],1105638,89654
61,[04:21:45.3978540],996925,88942
62,[04:21:45.4474569],1083858,95858
63,[04:21:45.4975921],1076517,91272
64,[04:21:45.5478687],1112334,92502
65,[04:21:45.5977129],1108830,94013
66,[04:21:45.6479564],1026292,82968
67,[04:21:45.6978191],1029309,92800
68,[04:21:45.7482724],1112023,92839
69,[04:21:45.7980207],1054573,90188
70,[04:21:45.8482672],1069705,91241
71,[04:21:45.8983729],1117576,93150
72,[04:21:45.9485007],1065792,90619
73,[04:21:45.9983592],1037819,88223
74,[04:21:46.0484438],1035676,96982
75,[04:21:46.0986600],1099107,92009
76,[04:21:46.1485007],1088469,90632
77,[04:21:46.1986310],1058309,93202
78,[04:21:46.2488235],1069142,96276
79,[04:21:46.2988396],1127841,94307
80,[04:21:46.3492503],1087097,88468
81,[04:21:46.3991498],1079860,93789
82,[04:21:46.4490388],1118394,90563
83,[04:21:46.4993254],1070953,98882
84,[04:21:46.5499242],1089144,92723
85,[04:21:46.5999848],1071091,88279
86,[04:21:46.6498596],1022945,90647
87,[04:21:46.6997885],1099987,87702
88,[04:21:46.7494593],1081119,91846
89,[04:21:46.7996734],1082954,91289
90,[04:21:46.8501281],1056370,97286
91,[04:21:46.8999548],1045026,92337
92,[04:21:46.9498809],1128527,90636
93,[04:21:47.0000816],1087175,91155
94,[04:21:47.0503709],1073003,87957
95,[04:21:47.1009188],998504,89523
96,[04:21:47.1504554],1071916,95095
97,[04:21:47.2009492],1077742,89660
98,[04:21:47.2508902],1050799,90972
99,[04:21:47.3008586],1063187,90936
100,[04:21:47.3526535],1049983,95456
101,[04:21:47.4026161],1026140,88820
102,[04:21:47.4513326],1186557,94031
103,[04:21:47.5030290],1089585,96369
104,[04:21:47.5520801],1013941,98007
105,[04:21:47.6011555],1069912,92975
106,[04:21:47.6508434],1092602,92516
107,[04:21:47.7010902],1042551,95967
108,[04:21:47.7510201],1081053,93147
109,[04:21:47.8012265],1168233,93947
110,[04:21:47.8514102],1055347,95464
111,[04:21:47.9014756],1023332,94220
112,[04:21:47.9514445],1063993,98496
113,[04:21:48.0015466],1064312,88691
114,[04:21:48.0515584],1068769,90660
115,[04:21:48.1015588],1066714,92136
116,[04:21:48.1517691],1079221,86034
117,[04:21:48.2017027],1007409,91393
118,[04:21:48.2519148],1061484,90030
119,[04:21:48.3020086],1124038,94058
120,[04:21:48.3522274],1050560,92887
121,[04:21:48.4023758],1070660,94309
122,[04:21:48.4522377],1090774,91636
123,[04:21:48.5020928],1086686,91784
124,[04:21:48.5523777],1048711,94282
125,[04:21:48.6024435],1076024,89370
126,[04:21:48.6525425],1077044,91011
127,[04:21:48.7024277],1140078,90327
128,[04:21:48.7525866],1086314,89508
129,[04:21:48.8027755],1040923,87721
130,[04:21:48.8527857],1067347,92637
131,[04:21:48.9031081],1100789,87686
132,[04:21:48.9529162],1051259,89523
133,[04:21:49.0028421],1040288,85829
134,[04:21:49.0530351],1072674,92191
135,[04:21:49.1031665],1098265,93564
136,[04:21:49.1533178],1094860,96686
137,[04:21:49.2031774],1108503,92465
138,[04:21:49.2534661],1052903,89107
139,[04:21:49.3034671],1053372,89868
140,[04:21:49.3536326],1115453,88061
141,[04:21:49.4039402],1098218,89930
142,[04:21:49.4535260],1040068,88429
143,[04:21:49.5038257],1100439,99602
144,[04:21:49.5539078],1114091,92787
145,[04:21:49.6038094],1034495,89938
146,[04:21:49.6540678],1081433,90843
147,[04:21:49.7041322],1054717,95436
148,[04:21:49.7541373],1098636,93402
149,[04:21:49.8042213],1053330,93138
150,[04:21:49.8541995],1072995,89655
151,[04:21:49.9044162],998686,90836
152,[04:21:49.9544839],982842,97550
153,[04:21:50.0045781],1012378,89079
154,[04:21:50.0548688],1042706,96289
155,[04:21:50.1058431],1065293,94828
156,[04:21:50.1548529],1083319,100894
157,[04:21:50.2048459],1077931,97001
158,[04:21:50.2549927],1027280,94040
159,[04:21:50.3048960],1065020,91077
160,[04:21:50.3550987],1080835,89498
161,[04:21:50.4051967],1073029,96696
162,[04:21:50.4551462],1052334,93591
163,[04:21:50.5054925],1061738,91529
164,[04:21:50.5557113],1072149,91824
165,[04:21:50.6052494],1073688,93577
166,[04:21:50.6557310],1086362,86807
167,[04:21:50.7073536],1069924,87538
168,[04:21:50.7559254],1070276,85563
169,[04:21:50.8059534],1078882,84946
170,[04:21:50.8558107],1075460,95261
171,[04:21:50.9064375],1054813,95255
172,[04:21:50.9560914],1123584,90835
173,[04:21:51.0063512],1051322,93463
174,[04:21:51.0560297],1078912,93921
175,[04:21:51.1062173],1082540,96310
176,[04:21:51.1562859],1055155,95305
177,[04:21:51.2063134],1009944,90986
178,[04:21:51.2564943],1019587,94675
179,[04:21:51.3064918],1159018,94532
180,[04:21:51.3566812],1109767,85073
181,[04:21:51.4068068],1028209,92115
182,[04:21:51.4567229],1081308,92469
183,[04:21:51.5068250],1101438,85554
184,[04:21:51.5569925],1129979,88036
185,[04:21:51.6072200],1084106,83927
186,[04:21:51.6570938],1058073,91974
187,[04:21:51.7071794],1025918,93030
188,[04:21:51.7571396],1040533,90396
189,[04:21:51.8073348],1047008,88821
190,[04:21:51.8573785],1072614,87428
191,[04:21:51.9094784],1031496,91818
192,[04:21:51.9573464],1115625,92453
193,[04:21:52.0074368],1015954,88485
194,[04:21:52.0576732],1077864,93561
195,[04:21:52.1079141],1115287,95580
196,[04:21:52.1580276],1026158,92273
197,[04:21:52.2077778],1082200,97794
198,[04:21:52.2579581],1063729,87983
199,[04:21:52.3079821],1085852,97859
200,[04:21:52.3580759],1067406,97099
201,[04:21:52.4082057],1037635,90596
202,[04:21:52.4581181],1060214,96506
203,[04:21:52.5084568],1081571,92678
204,[04:21:52.5583546],1038789,89770
205,[04:21:52.6085955],1073251,96116
206,[04:21:52.6585253],1060445,97422
207,[04:21:52.7086132],1068788,92412
208,[04:21:52.7586684],1048902,91611
209,[04:21:52.8088396],1107865,91765
210,[04:21:52.8587690],1158880,91889
211,[04:21:52.9092538],1085863,95489
212,[04:21:52.9592081],1046665,94768
213,[04:21:53.0089938],1001695,94298
214,[04:21:53.0591700],1095272,93070
215,[04:21:53.1095208],1133763,88561
216,[04:21:53.1593544],1095957,93919
217,[04:21:53.2095524],1092427,93035
218,[04:21:53.2592421],1143384,86367
219,[04:21:53.3096015],1092941,97230
220,[04:21:53.3595870],1091690,93501
221,[04:21:53.4098012],1100333,94106
222,[04:21:53.4598668],1065834,93822
223,[04:21:53.5098632],1094083,93630
224,[04:21:53.5602639],1089157,92005
225,[04:21:53.6103439],1014333,89530
226,[04:21:53.6605152],1095858,93500
227,[04:21:53.7104993],1089743,94200
228,[04:21:53.7604123],1090773,93554
229,[04:21:53.8105486],1060070,88179
230,[04:21:53.8606730],1123767,89823
231,[04:21:53.9108629],1046540,89809
232,[04:21:53.9609757],1028089,88610
233,[04:21:54.0104104],1078113,93139
234,[04:21:54.0606452],1087535,91234
235,[04:21:54.1110191],1054617,89843
236,[04:21:54.1609894],1059816,97628
237,[04:21:54.2111060],1115167,89976
238,[04:21:54.2616378],1099511,89390
239,[04:21:54.3113409],1075371,93758
240,[04:21:54.3612854],1099241,91576
241,[04:21:54.4116471],1087800,92710
242,[04:21:54.4614493],1063326,95032
243,[04:21:54.5114317],1041622,93144
244,[04:21:54.5616928],1065352,90002
245,[04:21:54.6115091],1047133,93507
246,[04:21:54.6615163],1038749,87205
247,[04:21:54.7117460],1067116,88933
248,[04:21:54.7616467],1103422,87276
249,[04:21:54.8119163],1037894,91190
250,[04:21:54.8619262],1126488,90773
251,[04:21:54.9120668],1037093,87444
252,[04:21:54.9621332],1082001,93794
253,[04:21:55.0122197],1029096,93131
254,[04:21:55.0621676],1017795,93273
255,[04:21:55.1123254],1073485,88070
256,[04:21:55.1624757],1029496,88461
257,[04:21:55.2124262],1068433,90170
258,[04:21:55.2627786],1061645,96625
259,[04:21:55.3126545],1078847,87885
260,[04:21:55.3629352],1103762,91738
261,[04:21:55.4126805],1080440,95169
262,[04:21:55.4629867],1047681,95164
263,[04:21:55.5127910],1102515,90772
264,[04:21:55.5629892],1071448,92436
265,[04:21:55.6130549],1049231,93183
266,[04:21:55.6631437],1012734,91429
267,[04:21:55.7132716],1076128,92485
268,[04:21:55.7632872],1108913,90915
269,[04:21:55.8133754],1060956,97983
270,[04:21:55.8634821],986191,92759
271,[04:21:55.9136320],1055673,91183
272,[04:21:55.9636225],1026105,90953
273,[04:21:56.0137172],1042852,93457
274,[04:21:56.0637817],1068517,89348
275,[04:21:56.1138318],1089953,97750
276,[04:21:56.1639661],1072995,93526
277,[04:21:56.2138996],1032297,92005
278,[04:21:56.2640700],1064404,84890
279,[04:21:56.3141815],1021579,88877
280,[04:21:56.3642279],1077252,87944
281,[04:21:56.4143076],1044646,89882
282,[04:21:56.4642367],1077313,89104
283,[04:21:56.5145244],1107726,89180
284,[04:21:56.5645926],1059573,92593
285,[04:21:56.6144646],1054495,88294
286,[04:21:56.6647097],1083037,93737
287,[04:21:56.7146666],1078059,91776
288,[04:21:56.7647890],1005174,97896
289,[04:21:56.8149444],1054829,92992
290,[04:21:56.8653069],1059146,85603
291,[04:21:56.9152962],1092618,87265
292,[04:21:56.9649937],1025226,91507
293,[04:21:57.0153601],1061778,92242
294,[04:21:57.0652742],1102649,90773
295,[04:21:57.1157440],1048511,99793
296,[04:21:57.1658652],1046632,88683
297,[04:21:57.2159998],1108395,91403
298,[04:21:57.2659655],1021927,94677
299,[04:21:57.3160447],1052195,93299
300,[04:21:57.3679746],1057011,88163
301,[04:21:57.4162012],1051823,92918
302,[04:21:57.4661608],1100715,86827
303,[04:21:57.5168101],1050933,91848
304,[04:21:57.5660731],1121091,89337
305,[04:21:57.6168127],1058364,94211
306,[04:21:57.6664890],1071774,92454
307,[04:21:57.7160921],1043938,86773
308,[04:21:57.7666755],1067803,101320
309,[04:21:57.8166682],1088190,91701
310,[04:21:57.8721569],1051486,91489
311,[04:21:57.9180704],1051925,88902
312,[04:21:57.9666889],1019977,90086
313,[04:21:58.0167704],1084551,96767
314,[04:21:58.0668279],1032893,93182
315,[04:21:58.1177393],1000694,93598
316,[04:21:58.1668995],1049897,89531
317,[04:21:58.2169668],1145520,92562
318,[04:21:58.2671356],1069929,87764
319,[04:21:58.3172102],1108092,94749
320,[04:21:58.3677607],1057695,91784
321,[04:21:58.4173063],1099277,94135
322,[04:21:58.4676689],1115222,87786
323,[04:21:58.5174994],1105080,96444
324,[04:21:58.5675017],1078096,89353
325,[04:21:58.6176517],1035253,87193
326,[04:21:58.6675529],1037670,87980
327,[04:21:58.7177750],1058718,96972
328,[04:21:58.7679321],1035935,94078
329,[04:21:58.8180469],1094682,93245
330,[04:21:58.8680110],1073301,95251
331,[04:21:58.9181729],1118467,92577
332,[04:21:58.9682680],1064402,90602
333,[04:21:59.0183046],1093510,94212
334,[04:21:59.0683749],1077808,86598
335,[04:21:59.1184515],1089690,100480
336,[04:21:59.1684143],1029741,94795
337,[04:21:59.2185778],1105207,92255
338,[04:21:59.2686831],1058866,94603
339,[04:21:59.3187744],1047275,95364
340,[04:21:59.3689342],1048705,92048
341,[04:21:59.4190267],1080807,100575
342,[04:21:59.4690321],1046272,92310
343,[04:21:59.5190790],1123916,93750
344,[04:21:59.5690635],1085190,91692
345,[04:21:59.6191915],1011216,94533
346,[04:21:59.6692732],1072341,88994
347,[04:21:59.7192454],1049712,97533
348,[04:21:59.7693707],1063723,97146
349,[04:21:59.8195186],1052861,89483
350,[04:21:59.8696712],994811,94448
351,[04:21:59.9196992],1043105,87163
352,[04:21:59.9699125],1080721,92166
353,[04:22:00.0197613],1064122,95536
354,[04:22:00.0698715],1069812,88395
355,[04:22:00.1197874],1079117,94850
356,[04:22:00.1699233],1062912,92574
357,[04:22:00.2200113],1083375,90880
358,[04:22:00.2700790],1075636,94870
359,[04:22:00.3200478],1073385,92569
360,[04:22:00.3703367],1059198,92368
361,[04:22:00.4203999],1060728,88939
362,[04:22:00.4705559],1078138,97141
363,[04:22:00.5206453],1042681,93418
364,[04:22:00.5706722],1048619,96214
365,[04:22:00.6207462],1073749,98397
366,[04:22:00.6713970],1040794,100465
367,[04:22:00.7222713],1034513,85980
368,[04:22:00.7709597],1063098,90065
369,[04:22:00.8210462],1063649,100497
370,[04:22:00.8713659],1039785,91151
371,[04:22:00.9214285],1013600,93608
372,[04:22:00.9717596],1047540,84102
373,[04:22:01.0215464],1061023,96222
374,[04:22:01.0714512],1089199,87746
375,[04:22:01.1213765],1091529,91207
376,[04:22:01.1714297],1066930,91100
377,[04:22:01.2214525],1065882,101433
378,[04:22:01.2718166],1048612,91744
379,[04:22:01.3219984],1059628,89792
380,[04:22:01.3721959],1052644,93209
381,[04:22:01.4222383],1079245,91177
382,[04:22:01.4723117],1036815,92198
383,[04:22:01.5222944],1022806,95255
384,[04:22:01.5720784],1053468,100059
385,[04:22:01.6224616],1058086,93468
386,[04:22:01.6722659],1084587,89849
387,[04:22:01.7222648],1075661,95755
388,[04:22:01.7724675],1048882,87623
389,[04:22:01.8225110],1066498,88572
390,[04:22:01.8725051],1102119,93386
391,[04:22:01.9227093],1082443,94174
392,[04:22:01.9729755],1090572,91607
393,[04:22:02.0227287],1030489,88451
394,[04:22:02.0732616],1142384,93762
395,[04:22:02.1228884],1097383,93481
396,[04:22:02.1729502],1079053,92207
397,[04:22:02.2230148],1048934,87356
398,[04:22:02.2734401],1058732,91105
399,[04:22:02.3231953],1077354,85049
400,[04:22:02.3734257],1037702,83975
401,[04:22:02.4235059],1063845,85572
402,[04:22:02.4739203],1054521,91902
403,[04:22:02.5236896],1040244,90659
404,[04:22:02.5736478],1038055,87865
405,[04:22:02.6237042],1057470,95233
406,[04:22:02.6738688],1073301,88394
407,[04:22:02.7240073],1060560,89144
408,[04:22:02.7739652],1083719,95073
409,[04:22:02.8241546],1070037,87891
410,[04:22:02.8741897],1064268,94372
411,[04:22:02.9242459],1077421,89673
412,[04:22:02.9745858],1091052,92855
413,[04:22:03.0244275],1117593,87495
414,[04:22:03.0745273],1031988,85239
415,[04:22:03.1245331],1044082,87719
416,[04:22:03.1750256],1021690,88329
417,[04:22:03.2247583],1020467,93521
418,[04:22:03.2747860],1061966,91588
419,[04:22:03.3248415],1104567,97332
420,[04:22:03.3748543],1075391,95268
421,[04:22:03.4250266],1144886,92342
422,[04:22:03.4753328],1084808,96891
423,[04:22:03.5251860],1150580,95240
424,[04:22:03.5752942],1081300,91636
425,[04:22:03.6254609],1096420,97781
426,[04:22:03.6753714],1061583,91609
427,[04:22:03.7254849],996990,94741
428,[04:22:03.7754525],1055393,91753
429,[04:22:03.8253964],1030454,92311
430,[04:22:03.8754607],1033021,91532
431,[04:22:03.9257803],1056475,93565
432,[04:22:03.9758380],1097345,89253
433,[04:22:04.0261491],1033295,90155
434,[04:22:04.0760059],1064387,94401
435,[04:22:04.1262519],1082558,95812
436,[04:22:04.1760853],1039545,95555
437,[04:22:04.2263603],1105084,93315
438,[04:22:04.2764535],1070941,95365
439,[04:22:04.3265529],1054981,94579
440,[04:22:04.3767866],1108796,94622
441,[04:22:04.4263050],1010283,92480
442,[04:22:04.4769908],1083514,93218
443,[04:22:04.5266755],1058998,89399
444,[04:22:04.5766347],1035606,93048
445,[04:22:04.6266886],1046511,89539
446,[04:22:04.6766735],1090792,87258
447,[04:22:04.7268144],1108470,92258
448,[04:22:04.7768930],1106341,93362
449,[04:22:04.8273192],1053458,90230
450,[04:22:04.8774561],1045754,89546
451,[04:22:04.9277290],1069287,90711
452,[04:22:04.9776096],1046124,99381
453,[04:22:05.0277046],1039882,92582
454,[04:22:05.0774798],1092343,90419
455,[04:22:05.1277417],1080036,89485
456,[04:22:05.1774619],1073413,99254
457,[04:22:05.2278670],1032827,96767
458,[04:22:05.2776651],1117793,99594
459,[04:22:05.3278835],1090440,89955
460,[04:22:05.3780880],1126007,92141
461,[04:22:05.4279789],1039286,91195
462,[04:22:05.4781479],1063590,89635
463,[04:22:05.5279309],1053237,92893
464,[04:22:05.5782827],1053749,91722
465,[04:22:05.6283896],1061845,88344
466,[04:22:05.6786190],1080393,97810
467,[04:22:05.7284925],1033690,92222
468,[04:22:05.7786022],1054067,92288
469,[04:22:05.8285852],1057960,92389
470,[04:22:05.8787411],1058189,92884
471,[04:22:05.9286944],1104667,93708
472,[04:22:05.9788460],1081247,96803
473,[04:22:06.0289913],998029,92761
474,[04:22:06.0789685],1091918,95490
475,[04:22:06.1290986],1157497,91997
476,[04:22:06.1792666],1056905,91585
477,[04:22:06.2292853],1067332,89409
478,[04:22:06.2793695],1027169,91186
479,[04:22:06.3294920],1046566,97307
480,[04:22:06.3793132],1056197,81945
481,[04:22:06.4295960],1094139,91918
482,[04:22:06.4796777],1014843,93775
483,[04:22:06.5298441],1111177,92862
484,[04:22:06.5798271],1101550,91891
485,[04:22:06.6299458],1076766,95601
486,[04:22:06.6798666],1021532,94788
487,[04:22:06.7300517],1047329,90656
488,[04:22:06.7801282],1035027,91343
489,[04:22:06.8301177],1075216,84455
490,[04:22:06.8802759],1103853,91859
491,[04:22:06.9303746],1106414,93675
492,[04:22:06.9804772],1057347,98163
493,[04:22:07.0305458],1081611,94385
494,[04:22:07.0804992],1072208,91156
495,[04:22:07.1306558],1039093,89611
496,[04:22:07.1806766],1051478,85733
497,[04:22:07.2308647],1091764,90953
498,[04:22:07.2807382],1066004,95160
499,[04:22:07.3310116],1031165,92414
500,[04:22:07.3807723],1070104,93810
501,[04:22:07.4310266],1099376,95742
502,[04:22:07.4811326],1061560,99230
503,[04:22:07.5313224],1119274,95407
504,[04:22:07.5815011],1079763,96312
505,[04:22:07.6315414],1054065,95711
506,[04:22:07.6815417],1056414,92007
507,[04:22:07.7316200],1058129,99841
508,[04:22:07.7819564],1057282,91878
509,[04:22:07.8319889],1075037,94078
510,[04:22:07.8824682],1078710,92960
511,[04:22:07.9323523],1089159,93944
512,[04:22:07.9824310],1096038,88726
513,[04:22:08.0324458],1048416,86943
514,[04:22:08.0826302],975234,92073
515,[04:22:08.1324285],1077808,89832
516,[04:22:08.1820917],1081381,98261
517,[04:22:08.2321417],1042957,96204
518,[04:22:08.2825161],1047363,92084
519,[04:22:08.3322615],1124701,90604
520,[04:22:08.3825039],1045605,94931
521,[04:22:08.4342797],1022920,93706
522,[04:22:08.4847262],1001358,92640
523,[04:22:08.5336020],1053759,96411
524,[04:22:08.5832668],1079879,96267
525,[04:22:08.6332174],1041168,92445
526,[04:22:08.6830859],1128640,89055
527,[04:22:08.7330873],1038195,91501
528,[04:22:08.7837136],1027566,91832
529,[04:22:08.8331117],1073447,87564
530,[04:22:08.8831815],1125003,90204
531,[04:22:08.9332747],1095490,91275
532,[04:22:08.9834646],1082922,97277
533,[04:22:09.0335995],1049856,90876
534,[04:22:09.0836584],1058277,92086
535,[04:22:09.1336430],1069797,96897
536,[04:22:09.1838309],1068248,85597
537,[04:22:09.2338050],1030690,88087
538,[04:22:09.2838464],1063340,98720
539,[04:22:09.3340493],1085929,95031
540,[04:22:09.3840495],1087630,89872
541,[04:22:09.4340970],1063332,89629
542,[04:22:09.4842270],1064075,94324
543,[04:22:09.5343870],1067555,93280
544,[04:22:09.5844770],1044933,91910
545,[04:22:09.6345063],1104213,93807
546,[04:22:09.6844101],1091530,96992
547,[04:22:09.7346120],1037828,94243
548,[04:22:09.7847528],1011918,92812
549,[04:22:09.8348123],1095753,91476
550,[04:22:09.8848177],1009149,90626
551,[04:22:09.9349589],1031996,91876
552,[04:22:09.9849371],1068331,91613
553,[04:22:10.0351137],1029905,94143
554,[04:22:10.0850760],1070885,93683
555,[04:22:10.1355399],1048090,90385
556,[04:22:10.1852234],1024528,91219
557,[04:22:10.2353118],1094896,100460
558,[04:22:10.2854500],1092065,91938
559,[04:22:10.3357270],1035712,93740
560,[04:22:10.3856324],1085772,88186
561,[04:22:10.4356988],1108020,94905
562,[04:22:10.4856381],1063464,93195
563,[04:22:10.5358533],1043679,97704
564,[04:22:10.5861957],1066836,90170
565,[04:22:10.6361973],1058786,96886
566,[04:22:10.6860618],1081604,95630
567,[04:22:10.7361103],1064600,92558
568,[04:22:10.7862851],1117191,92215
569,[04:22:10.8363270],1053846,90517
570,[04:22:10.8863760],1051000,86393
571,[04:22:10.9363585],1090526,88649
572,[04:22:10.9865600],1088367,89093
573,[04:22:11.0366695],1054528,92600
574,[04:22:11.0866343],1093099,92410
575,[04:22:11.1371235],1045493,92317
576,[04:22:11.1869045],1040994,89176
577,[04:22:11.2368623],1106672,90721
578,[04:22:11.2871446],1095810,92355
579,[04:22:11.3371941],1066017,92483
580,[04:22:11.3873802],1069732,87810
581,[04:22:11.4376006],1050257,95512
582,[04:22:11.4875243],1099059,91222
583,[04:22:11.5373077],1037282,95818
584,[04:22:11.5872698],1060498,92695
585,[04:22:11.6376927],1069518,91287
586,[04:22:11.6873402],1076998,91701
587,[04:22:11.7375709],1112748,86798
588,[04:22:11.7876218],1034662,92173
589,[04:22:11.8377826],1103552,96579
590,[04:22:11.8877763],1051163,89977
591,[04:22:11.9381668],1075401,92634
592,[04:22:11.9882832],1095686,88985
593,[04:22:12.0384889],1075543,98587
594,[04:22:12.0883616],1045948,96939
595,[04:22:12.1387309],1036502,93623
596,[04:22:12.1885114],1096462,89268
597,[04:22:12.2383135],1084441,93964
598,[04:22:12.2887951],1054413,97562
599,[04:22:12.3383018],1109422,87323
600,[04:22:12.3886364],1099782,91823
601,[04:22:12.4385867],1084138,98302
602,[04:22:12.4889960],1008074,91551
603,[04:22:12.5389619],1117725,94941
604,[04:22:12.5888489],1082191,84847
605,[04:22:12.6391023],1088533,92609
606,[04:22:12.6891666],1068010,93744
607,[04:22:12.7392371],1050810,96558
608,[04:22:12.7893161],1093721,93149
609,[04:22:12.8392621],1106563,93775
610,[04:22:12.8896158],1119606,88152
611,[04:22:12.9394832],1077838,86601
612,[04:22:12.9896521],1055530,89827
613,[04:22:13.0395139],1079757,86913
614,[04:22:13.0897582],1073436,95932
615,[04:22:13.1399145],1026095,89810
616,[04:22:13.1898505],1025632,91519
617,[04:22:13.2397996],1040983,93339
618,[04:22:13.2900928],1065290,94526
619,[04:22:13.3401600],1035579,95683
620,[04:22:13.3902631],1113323,94953
621,[04:22:13.4403488],1087275,92583
622,[04:22:13.4903256],1038978,83835
623,[04:22:13.5404413],1037472,95204
624,[04:22:13.5904196],1066798,95716
625,[04:22:13.6406201],1065317,89642
626,[04:22:13.6907473],992776,94304
627,[04:22:13.7407409],1061386,86736
628,[04:22:13.7908229],1115779,92198
629,[04:22:13.8408413],1089104,99673
630,[04:22:13.8910166],1072533,90121
631,[04:22:13.9410651],1085592,93887
632,[04:22:13.9911169],1119896,93412
633,[04:22:14.0412289],1094760,91625
634,[04:22:14.0910818],1047591,92682
635,[04:22:14.1414469],1047986,96455
636,[04:22:14.1914580],1128077,89659
637,[04:22:14.2413548],1086829,93155
638,[04:22:14.2916187],1113760,90554
639,[04:22:14.3416745],1122550,93707
640,[04:22:14.3915404],1078464,91498
641,[04:22:14.4417916],1051197,96268
642,[04:22:14.4916186],1029414,97899
643,[04:22:14.5418255],1109657,95739
644,[04:22:14.5918748],1085095,94183
645,[04:22:14.6420556],1027428,93796
646,[04:22:14.6920545],1045754,95240
647,[04:22:14.7422215],1085770,98430
648,[04:22:14.7926911],1073839,90531
649,[04:22:14.8422207],1117619,90742
650,[04:22:14.8927543],1069621,93989
651,[04:22:14.9426593],1098935,95394
652,[04:22:14.9927253],1059763,92856
653,[04:22:15.0430983],1117749,93227
654,[04:22:15.0930568],1141717,95357
655,[04:22:15.1431348],1089656,93168
656,[04:22:15.1930764],1097548,99799
657,[04:22:15.2432422],1094492,91404
658,[04:22:15.2929683],1109652,96190
659,[04:22:15.3430093],1107325,90119
660,[04:22:15.3930836],1136889,95423
661,[04:22:15.4434277],1109690,89063
662,[04:22:15.4936171],1080468,94907
663,[04:22:15.5435191],1104203,89917
664,[04:22:15.5935941],1052805,98395
665,[04:22:15.6441117],1078073,97401
666,[04:22:15.6937881],1088421,93490
667,[04:22:15.7435550],1094591,90199
668,[04:22:15.7937582],1063750,93347
669,[04:22:15.8436701],1028933,91056
670,[04:22:15.8942852],1096765,89401
671,[04:22:15.9439790],1094749,91628
672,[04:22:15.9940651],1067578,94652
673,[04:22:16.0442282],1137438,98729
674,[04:22:16.0943204],1056613,92395
675,[04:22:16.1444394],1027000,91766
676,[04:22:16.1944411],1078060,95363
677,[04:22:16.2444322],1131577,90076
678,[04:22:16.2946057],1072292,96176
679,[04:22:16.3446515],1078994,93015
680,[04:22:16.3946629],1113791,92983
681,[04:22:16.4450675],1105388,92433
682,[04:22:16.4950197],1053683,94119
683,[04:22:16.5448700],1059606,90623
684,[04:22:16.5950573],1137805,98964
685,[04:22:16.6453749],1077850,90789
686,[04:22:16.6953758],1093903,95580
687,[04:22:16.7453258],1086170,91518
688,[04:22:16.7954078],1088894,94176
689,[04:22:16.8455012],1106610,93005
690,[04:22:16.8954469],1156622,96452
691,[04:22:16.9456489],1060514,96664
692,[04:22:16.9955771],1071103,93731
693,[04:22:17.0458045],1098115,90818
694,[04:22:17.0958203],1073149,98121
695,[04:22:17.1458552],1084197,92050
696,[04:22:17.1960326],1118796,97961
697,[04:22:17.2460784],1120265,90145
698,[04:22:17.2961463],1085328,92605
699,[04:22:17.3463087],1155379,97195
700,[04:22:17.3964650],1125978,95416
701,[04:22:17.4462237],1080507,93351
702,[04:22:17.4964358],1111442,93626
703,[04:22:17.5465539],1084340,104724
704,[04:22:17.5964309],1059507,91326
705,[04:22:17.6466106],1060194,92319
706,[04:22:17.6969033],1153556,96604
707,[04:22:17.7469008],1148037,93353
708,[04:22:17.7968238],1178278,96851
709,[04:22:17.8469714],1101308,94246
710,[04:22:17.8970990],1136570,93629
711,[04:22:17.9472448],1097773,99147
712,[04:22:17.9971214],1098902,92863
713,[04:22:18.0472732],1070755,93206
714,[04:22:18.0974410],1052419,93366
715,[04:22:18.1477578],1088638,90774
716,[04:22:18.1976615],1107721,92931
717,[04:22:18.2476606],1094724,90065
718,[04:22:18.2977851],1088704,90045
719,[04:22:18.3480330],1084575,92263
720,[04:22:18.3995569],1080873,91345
721,[04:22:18.4483159],1092926,94462
722,[04:22:18.4985391],1096763,101331
723,[04:22:18.5490494],1047890,92460
724,[04:22:18.5983571],1090704,102072
725,[04:22:18.6485388],1127195,92163
726,[04:22:18.6982741],1165702,92683
727,[04:22:18.7494481],1113464,97702
728,[04:22:18.7991203],1111913,91253
729,[04:22:18.8485492],1079514,99432
730,[04:22:18.8983668],1088758,97605
731,[04:22:18.9487022],1061290,95142
732,[04:22:18.9989418],1043212,94992
733,[04:22:19.0491329],1069738,93964
734,[04:22:19.1006836],1075205,92253
735,[04:22:19.1503717],1095642,93885
736,[04:22:19.1992436],1116944,96112
737,[04:22:19.2493090],1043061,94787
738,[04:22:19.2990380],1102524,95083
739,[04:22:19.3492877],1096030,97521
740,[04:22:19.3993646],1127392,99349
741,[04:22:19.4494850],1119270,90914
742,[04:22:19.4994009],1108015,94848
743,[04:22:19.5495319],1091162,95272
744,[04:22:19.5997262],1131879,96465
745,[04:22:19.6495627],1055119,93006
746,[04:22:19.6998681],1064295,99072
747,[04:22:19.7498173],1108059,94842
748,[04:22:19.7999748],1153884,94416
749,[04:22:19.8501623],1066259,95904
750,[04:22:19.9000758],1028251,90914
751,[04:22:19.9503266],1051298,94281
752,[04:22:20.0001575],1079948,95829
753,[04:22:20.0503970],1118302,95124
754,[04:22:20.1005218],1032321,97200
755,[04:22:20.1504795],1086400,100024
756,[04:22:20.2004532],1070113,100336
757,[04:22:20.2506548],1117154,89382
758,[04:22:20.3005981],1060110,92853
759,[04:22:20.3508601],1122005,94872
760,[04:22:20.4008835],1079795,98640
761,[04:22:20.4509430],1062747,91936
762,[04:22:20.5008441],1092421,90307
763,[04:22:20.5510893],1033369,97877
764,[04:22:20.6011590],1084036,96311
765,[04:22:20.6515204],1112459,91998
766,[04:22:20.7015354],1133928,94932
767,[04:22:20.7512879],1132784,98169
768,[04:22:20.8015630],1086036,94845
769,[04:22:20.8514303],1092861,91621
770,[04:22:20.9016809],1121794,94338
771,[04:22:20.9516793],1083352,94480
772,[04:22:21.0018329],1036431,90201
773,[04:22:21.0518807],1056372,94527
774,[04:22:21.1019897],1049919,94162
775,[04:22:21.1522994],1096094,98788
776,[04:22:21.2021090],1025006,95603
777,[04:22:21.2522233],1076299,97551
778,[04:22:21.3022847],1049019,98365
779,[04:22:21.3521644],1032438,90414
780,[04:22:21.4023038],1047605,94044
781,[04:22:21.4524763],1107271,92437
782,[04:22:21.5025297],1093175,97714
783,[04:22:21.5526782],1116482,99071
784,[04:22:21.6028733],1134435,97702
785,[04:22:21.6525257],1113085,93790
786,[04:22:21.7026614],1084927,90879
787,[04:22:21.7528943],1074609,95750
788,[04:22:21.8030515],1104496,95243
789,[04:22:21.8529850],1084263,95406
790,[04:22:21.9032343],1127334,92609
791,[04:22:21.9536937],1164657,94077
792,[04:22:22.0034682],1109170,97935
793,[04:22:22.0533694],1087410,96215
794,[04:22:22.1035160],1046959,94812
795,[04:22:22.1538982],1107467,91057
796,[04:22:22.2036608],1046436,100322
797,[04:22:22.2539879],999353,88658
798,[04:22:22.3037192],1102885,95053
799,[04:22:22.3538777],1074828,97153
800,[04:22:22.4039087],1092241,94266
801,[04:22:22.4538722],1091816,100336
802,[04:22:22.5042641],1050261,100262
803,[04:22:22.5545073],1112902,90459
804,[04:22:22.6045135],1144475,99664
805,[04:22:22.6547145],1087938,88223
806,[04:22:22.7046006],1106851,98974
807,[04:22:22.7545898],1103989,98759
808,[04:22:22.8044581],1128207,95274
809,[04:22:22.8545032],1107326,96099
810,[04:22:22.9044342],1139528,103077
811,[04:22:22.9545727],1089185,96600
812,[04:22:23.0047632],1105760,92503
813,[04:22:23.0549981],1087988,95242
814,[04:22:23.1049792],1099856,95340
815,[04:22:23.1552518],1149498,95220
816,[04:22:23.2049943],1139231,89057
817,[04:22:23.2552964],1087776,99368
818,[04:22:23.3053110],1069251,103817
819,[04:22:23.3554674],1106411,99795
820,[04:22:23.4053620],1116008,93270
821,[04:22:23.4555677],1089065,94624
822,[04:22:23.5056672],1087880,91676
823,[04:22:23.5558632],1050354,89558
824,[04:22:23.6058069],1073712,90386
825,[04:22:23.6558304],1106768,93483
826,[04:22:23.7059132],1132573,95003
827,[04:22:23.7559751],1119823,94479
828,[04:22:23.8060928],1102802,94731
829,[04:22:23.8560335],1125201,97221
830,[04:22:23.9062167],1088738,94536
831,[04:22:23.9562991],1107068,93000
832,[04:22:24.0062770],1103087,97875
833,[04:22:24.0564140],1150610,90885
834,[04:22:24.1065867],1094374,95074
835,[04:22:24.1569225],1089513,95602
836,[04:22:24.2067018],1037661,94505
837,[04:22:24.2569872],1125754,93731
838,[04:22:24.3068439],1121345,97750
839,[04:22:24.3567860],1027481,89503
840,[04:22:24.4069766],1077446,85382
841,[04:22:24.4568390],1085560,94087
842,[04:22:24.5070069],1086628,94983
843,[04:22:24.5573119],1123847,89223
844,[04:22:24.6072975],1161445,93109
845,[04:22:24.6573936],1025168,93105
846,[04:22:24.7076055],1131619,93553
847,[04:22:24.7573885],1100021,94518
848,[04:22:24.8075022],1117859,92178
849,[04:22:24.8576735],1104598,98130
850,[04:22:24.9077674],1073066,92673
851,[04:22:24.9577663],1128884,95720
852,[04:22:25.0076707],1130250,90195
853,[04:22:25.0580809],1082675,93614
854,[04:22:25.1079851],1105003,102146
855,[04:22:25.1580943],1044579,97803
856,[04:22:25.2081838],1120478,95960
857,[04:22:25.2581743],1162677,87676
858,[04:22:25.3082411],1046458,94262
859,[04:22:25.3583794],1084070,96832
860,[04:22:25.4082950],1110326,93176
861,[04:22:25.4587614],1066821,103113
862,[04:22:25.5087527],1164891,89428
863,[04:22:25.5589441],1133867,95581
864,[04:22:25.6090591],1155198,99327
865,[04:22:25.6592858],1108424,94174
866,[04:22:25.7092144],1078174,88806
867,[04:22:25.7588449],1083397,99014
868,[04:22:25.8091194],1118543,93673
869,[04:22:25.8590760],1043438,97163
870,[04:22:25.9090567],1125192,86191
871,[04:22:25.9594499],1129716,90049
872,[04:22:26.0091868],1074284,90522
873,[04:22:26.0596813],1103859,101529
874,[04:22:26.1097844],1066495,94412
875,[04:22:26.1600313],1083067,94386
876,[04:22:26.2097843],1088276,92177
877,[04:22:26.2598237],1110647,90364
878,[04:22:26.3100449],1131936,95337
879,[04:22:26.3603658],1079946,97187
880,[04:22:26.4099825],1110293,96708
881,[04:22:26.4601259],1137822,94001
882,[04:22:26.5100459],1176485,94340
883,[04:22:26.5601972],1140241,97391
884,[04:22:26.6102179],1105695,98075
885,[04:22:26.6604977],1122920,99484
886,[04:22:26.7105387],1044753,100437
887,[04:22:26.7605383],1035474,101266
888,[04:22:26.8106246],1101414,94345
889,[04:22:26.8606718],1088008,94433
890,[04:22:26.9106838],1059399,98076
891,[04:22:26.9607467],1114042,98866
892,[04:22:27.0108826],1074723,91719
893,[04:22:27.0616329],1116119,98106
894,[04:22:27.1114816],1097734,97796
895,[04:22:27.1614411],1095582,97448
896,[04:22:27.2111435],1067541,97934
897,[04:22:27.2614938],1153082,94927
898,[04:22:27.3115069],1115598,90555
899,[04:22:27.3615743],1104776,98038
900,[04:22:27.4117556],1101389,95471
901,[04:22:27.4616542],1050963,95485
902,[04:22:27.5117012],1070825,98004
903,[04:22:27.5616506],1098312,97537
904,[04:22:27.6118268],1068305,103236
905,[04:22:27.6619204],1068015,100654
906,[04:22:27.7120371],1122566,92440
907,[04:22:27.7620935],1112589,92700
908,[04:22:27.8121882],1084011,96422
909,[04:22:27.8622471],1136141,101011
910,[04:22:27.9122770],1102956,101761
911,[04:22:27.9623561],1140151,98605
912,[04:22:28.0124649],1096126,94186
913,[04:22:28.0624949],1123811,91955
914,[04:22:28.1126750],1100367,100008
915,[04:22:28.1626058],1130056,95869
916,[04:22:28.2127108],1049007,98618
917,[04:22:28.2629776],1086955,98444
918,[04:22:28.3130311],1126654,92947
919,[04:22:28.3632507],1033305,98195
920,[04:22:28.4131516],1096782,96325
921,[04:22:28.4631767],1078645,96399
922,[04:22:28.5133569],1068646,96458
923,[04:22:28.5631598],1070951,95465
924,[04:22:28.6149126],1080115,91414
925,[04:22:28.6634905],1103663,96318
926,[04:22:28.7141962],1116791,91036
927,[04:22:28.7638895],1039319,95822
928,[04:22:28.8136179],1108895,95894
929,[04:22:28.8653395],1104027,93886
930,[04:22:28.9136084],1072805,98914
931,[04:22:28.9638276],1066115,95693
932,[04:22:29.0140858],1068450,93451
933,[04:22:29.0644508],1117940,101552
934,[04:22:29.1157429],1049145,100580
935,[04:22:29.1650140],1055882,95493
936,[04:22:29.2145218],1105619,92544
937,[04:22:29.2643655],1060652,95144
938,[04:22:29.3142879],1102908,92848
939,[04:22:29.3656366],1132170,94787
940,[04:22:29.4143969],1154824,94000
941,[04:22:29.4645302],1142784,107071
942,[04:22:29.5147604],1140212,94503
943,[04:22:29.5648674],1081374,93339
944,[04:22:29.6155245],1100034,98270
945,[04:22:29.6667008],1060063,94208
946,[04:22:29.7156008],1098240,97562
947,[04:22:29.7659375],1115858,95503
948,[04:22:29.8154034],1109534,96381
949,[04:22:29.8656374],1080466,96024
950,[04:22:29.9156043],1061822,95429
951,[04:22:29.9653355],1017475,87166
952,[04:22:30.0153840],1070600,94628
953,[04:22:30.0654366],1058648,98303
954,[04:22:30.1156143],1041563,94177
955,[04:22:30.1656153],1093454,88761
956,[04:22:30.2156727],1046227,98617
957,[04:22:30.2659234],1086414,98013
958,[04:22:30.3158973],1097202,96621
959,[04:22:30.3661100],1177954,96274
960,[04:22:30.4160292],1123957,99157
961,[04:22:30.4662821],1082958,90674
962,[04:22:30.5163210],1085870,95187
963,[04:22:30.5663560],1108944,94229
964,[04:22:30.6164522],1104209,99006
965,[04:22:30.6664879],1057942,97164
966,[04:22:30.7165750],1107497,95763
967,[04:22:30.7666721],1135792,98191
968,[04:22:30.8166877],1063599,93585
969,[04:22:30.8667851],1097846,88057
970,[04:22:30.9167201],1137223,98243
971,[04:22:30.9670387],1077586,90307
972,[04:22:31.0169333],1024660,94518
973,[04:22:31.0671261],1040245,90645
974,[04:22:31.1173125],1116358,95269
975,[04:22:31.1673421],1069431,89692
976,[04:22:31.2172668],1127312,93456
977,[04:22:31.2673471],1095485,96752
978,[04:22:31.3175502],1073277,94290
979,[04:22:31.3676809],1105644,95276
980,[04:22:31.4177115],1125826,95446
981,[04:22:31.4676740],1111645,95569
982,[04:22:31.5178858],1092158,95755
983,[04:22:31.5678968],1022287,98385
984,[04:22:31.6179206],1078361,102769
985,[04:22:31.6680203],1112351,95295
986,[04:22:31.7181292],1113523,93356
987,[04:22:31.7683743],1131240,91158
988,[04:22:31.8182896],1070564,99236
989,[04:22:31.8682198],1120635,93430
990,[04:22:31.9183290],1155300,87403
991,[04:22:31.9685135],1070749,99872
992,[04:22:32.0184317],1053262,95147
993,[04:22:32.0687028],1053408,90985
994,[04:22:32.1188858],1088353,89365
995,[04:22:32.1686014],1131525,96064
996,[04:22:32.2192573],1117946,91348
997,[04:22:32.2689243],1087037,94131
998,[04:22:32.3190808],1150749,94662
999,[04:22:32.3689921],1084528,93044
1000,[04:22:32.4191564],1117661,93917
1001,[04:22:32.4692835],1116927,91192
1002,[04:22:32.5195767],1084753,95227
1003,[04:22:32.5702754],1112781,98899
1004,[04:22:32.6204975],1160228,94973
1005,[04:22:32.6697952],1150224,90930
1006,[04:22:32.7200117],1054181,94880
1007,[04:22:32.7701048],1103718,95215
1008,[04:22:32.8200060],1121570,98340
1009,[04:22:32.8700714],1130424,99295
1010,[04:22:32.9198927],1052246,99112
1011,[04:22:32.9699122],1098132,99370
1012,[04:22:33.0198648],1048453,93483
1013,[04:22:33.0699355],1038456,97688
1014,[04:22:33.1203190],1063602,98436
1015,[04:22:33.1706499],1066268,92820
1016,[04:22:33.2209249],1111755,95797
1017,[04:22:33.2705137],1069660,95330
1018,[04:22:33.3207023],1086067,96108
1019,[04:22:33.3706634],1144779,92961
1020,[04:22:33.4206823],1109467,92229
1021,[04:22:33.4707246],1067860,87018
1022,[04:22:33.5208619],1079062,100585
1023,[04:22:33.5706944],1075340,90912
1024,[04:22:33.6210192],1111719,98277
1025,[04:22:33.6710300],1118644,94617
1026,[04:22:33.7211905],1083865,90644
1027,[04:22:33.7712601],1117505,91662
1028,[04:22:33.8214291],1096761,94015
1029,[04:22:33.8713859],1073627,96246
1030,[04:22:33.9214720],1126806,93346
1031,[04:22:33.9714234],1080238,98951
1032,[04:22:34.0220584],1083223,96760
1033,[04:22:34.0724026],1042873,99036
1034,[04:22:34.1218113],1155267,92067
1035,[04:22:34.1719681],1078586,95108
1036,[04:22:34.2219035],1078049,95160
1037,[04:22:34.2720318],1104590,91867
1038,[04:22:34.3223059],1071927,91239
1039,[04:22:34.3720549],1081188,98840
1040,[04:22:34.4222038],1044346,95206
1041,[04:22:34.4723246],1109175,94268
1042,[04:22:34.5223260],1069782,103284
1043,[04:22:34.5724323],1089704,95761
1044,[04:22:34.6227048],1079277,96446
1045,[04:22:34.6726830],1048609,97539
1046,[04:22:34.7225042],1103947,96349
1047,[04:22:34.7728930],1156692,91967
1048,[04:22:34.8227516],1064961,92298
1049,[04:22:34.8729168],1052442,94581
1050,[04:22:34.9230187],1122713,90958
1051,[04:22:34.9730624],1066890,91621
1052,[04:22:35.0231876],1096557,101069
1053,[04:22:35.0742443],1074161,93808
1054,[04:22:35.1233815],1088822,95513
1055,[04:22:35.1734156],1130293,101458
1056,[04:22:35.2233687],1109967,94367
1057,[04:22:35.2735472],1111324,92496
1058,[04:22:35.3234946],1098607,94814
1059,[04:22:35.3737267],1098259,101195
1060,[04:22:35.4237914],1128571,93492
1061,[04:22:35.4739162],1075230,98710
1062,[04:22:35.5237888],1069545,94229
1063,[04:22:35.5742446],1080983,94093
1064,[04:22:35.6242135],1074889,97274
1065,[04:22:35.6739733],1090497,94267
1066,[04:22:35.7240509],1103022,90152
1067,[04:22:35.7742694],1053201,96326
1068,[04:22:35.8242214],1055108,95520
1069,[04:22:35.8744007],1033608,100490
1070,[04:22:35.9244642],1059610,94933
1071,[04:22:35.9744367],1088899,97182
1072,[04:22:36.0247622],1123062,95429
1073,[04:22:36.0750545],1098752,91753
1074,[04:22:36.1250769],1103097,94366
1075,[04:22:36.1751983],1159196,94948
1076,[04:22:36.2251645],1098228,90575
1077,[04:22:36.2755793],1100980,99070
1078,[04:22:36.3253973],1139329,100274
1079,[04:22:36.3752614],1159365,95101
1080,[04:22:36.4251962],1111192,93837
1081,[04:22:36.4750852],1056741,100255
1082,[04:22:36.5252498],1080393,97335
1083,[04:22:36.5753500],1122472,94391
1084,[04:22:36.6256434],1087558,94598
1085,[04:22:36.6762442],1038387,94386
1086,[04:22:36.7259649],1157662,89561
1087,[04:22:36.7761776],1088929,93094
1088,[04:22:36.8268592],1076309,96570
1089,[04:22:36.8760019],1108774,93875
1090,[04:22:36.9258875],1107874,97045
1091,[04:22:36.9762503],1109108,97523
1092,[04:22:37.0262771],1083009,91306
1093,[04:22:37.0761708],1087479,90085
1094,[04:22:37.1262065],1117131,87113
1095,[04:22:37.1764683],1103889,94761
1096,[04:22:37.2263743],1088204,93431
1097,[04:22:37.2766311],1062944,90773
1098,[04:22:37.3266966],1057955,92606
1099,[04:22:37.3767444],1113653,91927
1100,[04:22:37.4268139],1096591,97797
1101,[04:22:37.4768489],1134994,92460
1102,[04:22:37.5271757],1082723,97194
1103,[04:22:37.5771542],1077241,90467
1104,[04:22:37.6270844],1074766,91142
1105,[04:22:37.6772662],1114841,98663
1106,[04:22:37.7272939],1013642,95385
1107,[04:22:37.7773512],1085085,93874
1108,[04:22:37.8275212],1140239,90591
1109,[04:22:37.8773923],1048344,92808
1110,[04:22:37.9276205],1100896,89839
1111,[04:22:37.9776358],1109978,98581
1112,[04:22:38.0277365],1147222,95640
1113,[04:22:38.0777858],1109096,95359
1114,[04:22:38.1279417],1106891,94090
1115,[04:22:38.1778712],1096374,97560
1116,[04:22:38.2280577],1053920,95091
1117,[04:22:38.2783330],1130151,91741
1118,[04:22:38.3282078],1108633,95321
1119,[04:22:38.3784892],1109781,97782
1120,[04:22:38.4283423],1140036,99139
1121,[04:22:38.4783800],1057028,99211
1122,[04:22:38.5285687],1111640,94504
1123,[04:22:38.5787003],1109922,96045
1124,[04:22:38.6288066],1087531,90049
1125,[04:22:38.6788677],1099057,99674
1126,[04:22:38.7289243],1054561,90645
1127,[04:22:38.7789655],1089119,93014
1128,[04:22:38.8290627],1108186,90514
1129,[04:22:38.8791918],1142788,95543
1130,[04:22:38.9292362],1085432,91195
1131,[04:22:38.9791816],1090714,90972
1132,[04:22:39.0294945],1105891,98097
1133,[04:22:39.0796473],1169460,98099
1134,[04:22:39.1297240],539455,94159
1135,[04:22:39.1793674],62754,94907
1136,[04:22:39.2293503],35677,97394
1137,[04:22:39.2793631],35539,97031
1138,[04:22:39.3300090],33978,94146
1139,[04:22:39.3801393],30959,89588
1140,[04:22:39.4298366],32685,94399
1141,[04:22:39.4797716],33597,92018
1142,[04:22:39.5299289],31250,92361
1143,[04:22:39.5804385],31475,92169
1144,[04:22:39.6305500],31004,96927
1145,[04:22:39.6812790],34201,99120
1146,[04:22:39.7325016],28728,87790
1147,[04:22:39.7813201],32666,91960
1148,[04:22:39.8318759],29294,91449
1149,[04:22:39.8808282],30567,98474
1150,[04:22:39.9308790],32242,92825
1151,[04:22:39.9804972],32289,96532
1152,[04:22:40.0314281],31321,92959
1153,[04:22:40.0808523],30958,90377
1154,[04:22:40.1310775],31045,93648
1155,[04:22:40.1807723],35837,93676
1156,[04:22:40.2313048],32611,91977
1157,[04:22:40.2836170],30760,96773
1158,[04:22:40.3317351],30228,103492
1159,[04:22:40.3821431],32430,98442
1160,[04:22:40.4315918],31703,98419
1161,[04:22:40.4814408],30376,94289
1162,[04:22:40.5316020],32935,90417
1163,[04:22:40.5815554],28864,97353
1164,[04:22:40.6317499],28040,94165
1165,[04:22:40.6820574],30504,95442
1166,[04:22:40.7317000],30544,95790
1167,[04:22:40.7817805],32149,98789
1168,[04:22:40.8323246],32642,90819
1169,[04:22:40.8822887],28378,91812
1170,[04:22:40.9319830],29647,92554
1171,[04:22:40.9821844],32145,97931
1172,[04:22:41.0322699],31603,95758
1173,[04:22:41.0823040],31164,89815
1174,[04:22:41.1324617],32865,93593
1175,[04:22:41.1824154],29021,97596
1176,[04:22:41.2326218],34538,95890
1177,[04:22:41.2826801],31685,102462
1178,[04:22:41.3328498],30077,96150
1179,[04:22:41.3828038],32061,97655
1180,[04:22:41.4329915],31308,93687
1181,[04:22:41.4830845],33141,97161
1182,[04:22:41.5329245],32247,100422
1183,[04:22:41.5831560],31693,93093
1184,[04:22:41.6331074],29664,91604
1185,[04:22:41.6832874],31378,98607
1186,[04:22:41.7333936],28774,99163
1187,[04:22:41.7834565],30481,96849
1188,[04:22:41.8334746],33813,93796
1189,[04:22:41.8839099],30301,93471
1190,[04:22:41.9337127],29497,99166
1191,[04:22:41.9837692],28919,95713
1192,[04:22:42.0337330],29431,98602
1193,[04:22:42.0838669],31240,99150
1194,[04:22:42.1339641],30413,92903
1195,[04:22:42.1841549],31272,91892
1196,[04:22:42.2341619],32059,86912
1197,[04:22:42.2843613],32231,97269
1198,[04:22:42.3341340],32617,91728
1199,[04:22:42.3843456],32026,92484
1200,[04:22:42.4344520],31753,93785
1201,[04:22:42.4845471],31925,97223
1202,[04:22:42.5346005],29962,97566
1203,[04:22:42.5846778],29839,96254
1204,[04:22:42.6348672],30210,93318
1205,[04:22:42.6847226],28586,92070
1206,[04:22:42.7346761],32974,93634
1207,[04:22:42.7847449],30398,88677
1208,[04:22:42.8352794],33115,102120
1209,[04:22:42.8854535],29070,95612
1210,[04:22:42.9350259],32815,95710
1211,[04:22:42.9852678],30353,95021
1212,[04:22:43.0354212],30689,95047
1213,[04:22:43.0858958],31002,95627
1214,[04:22:43.1356748],32739,91436
1215,[04:22:43.1857338],29899,92871
1216,[04:22:43.2362395],32444,93420
1217,[04:22:43.2856405],31010,90583
1218,[04:22:43.3361310],34628,96945
1219,[04:22:43.3861857],29900,96011
1220,[04:22:43.4362203],30545,96284
1221,[04:22:43.4859332],32378,93064
1222,[04:22:43.5362845],31886,94298
1223,[04:22:43.5862565],29245,96317
1224,[04:22:43.6365427],31277,94767
1225,[04:22:43.6866651],30895,97166
1226,[04:22:43.7363967],30960,97786
1227,[04:22:43.7863262],31006,94120
1228,[04:22:43.8368997],32276,98175
1229,[04:22:43.8869708],30517,95013
1230,[04:22:43.9372893],33702,91720
1231,[04:22:43.9871348],33832,97186
1232,[04:22:44.0368869],32576,98788
1233,[04:22:44.0872558],30478,101731
1234,[04:22:44.1371650],31762,98446
1235,[04:22:44.1871330],31939,97869
1236,[04:22:44.2369410],32282,95720
1237,[04:22:44.2871259],32228,101045
1238,[04:22:44.3371952],31780,97241
1239,[04:22:44.3876564],31156,91567
1240,[04:22:44.4373891],29827,97405
1241,[04:22:44.4876243],32600,96754
1242,[04:22:44.5376448],31533,94428
1243,[04:22:44.5875853],31483,95064
1244,[04:22:44.6380285],32379,94099
1245,[04:22:44.6878607],29033,88770
1246,[04:22:44.7378932],30658,100768
1247,[04:22:44.7880475],32967,94138
1248,[04:22:44.8381721],30671,98778
1249,[04:22:44.8882014],30237,93670
1250,[04:22:44.9382459],32795,97058
1251,[04:22:44.9883823],33536,99920
1252,[04:22:45.0392172],30998,96229
1253,[04:22:45.0885493],32903,95729
1254,[04:22:45.1384812],34320,95534
1255,[04:22:45.1886480],31165,90314
1256,[04:22:45.2387388],30088,97910
1257,[04:22:45.2888045],28866,92420
1258,[04:22:45.3387694],34041,97436
1259,[04:22:45.3891991],34078,96523
1260,[04:22:45.4389732],34307,91283
1261,[04:22:45.4891219],34167,96377
1262,[04:22:45.5390229],38047,97555
1263,[04:22:45.5893272],40402,96104
1264,[04:22:45.6392321],54459,96570
1265,[04:22:45.6898366],172162,96465
1266,[04:22:45.7394902],876840,98973
1267,[04:22:45.7895573],1085214,94525
1268,[04:22:45.8394776],1062691,93137
1269,[04:22:45.8898120],1100630,94532
1270,[04:22:45.9397118],1078583,99600
1271,[04:22:45.9898969],1113457,95851
1272,[04:22:46.0399128],1123741,100387
1273,[04:22:46.0900897],1097551,95350
1274,[04:22:46.1399889],1124829,97066
1275,[04:22:46.1901737],1099604,98822
1276,[04:22:46.2402791],1125237,99651
1277,[04:22:46.2902933],1117252,96401
1278,[04:22:46.3402696],1081845,97047
1279,[04:22:46.3906427],1115545,97385
1280,[04:22:46.4404609],1110449,93206
1281,[04:22:46.4906032],1110638,92077
1282,[04:22:46.5405354],1125710,95601
1283,[04:22:46.5905381],1114539,93671
1284,[04:22:46.6407826],1079647,94733
1285,[04:22:46.6910880],1080345,94556
1286,[04:22:46.7408622],1123699,90490
1287,[04:22:46.7912719],1136669,94165
1288,[04:22:46.8413528],1078342,94427
1289,[04:22:46.8915568],1134182,96135
1290,[04:22:46.9413452],1092246,98107
1291,[04:22:46.9913575],1092689,99804
1292,[04:22:47.0416565],1110623,98653
1293,[04:22:47.0913322],1084998,96614
1294,[04:22:47.1418100],1163165,95021
1295,[04:22:47.1914998],1101930,94876
1296,[04:22:47.2416543],1103387,93356
1297,[04:22:47.2917009],1112156,94938
1298,[04:22:47.3420941],1134690,100320
1299,[04:22:47.3925256],1046165,93821
1300,[04:22:47.4422863],1105427,90464
1301,[04:22:47.4923036],1106805,95335
1302,[04:22:47.5422026],1090956,94767
1303,[04:22:47.5924150],1076214,98590
1304,[04:22:47.6425153],1069290,94402
1305,[04:22:47.6926740],1097953,94389
1306,[04:22:47.7426454],1118769,95801
1307,[04:22:47.7927309],1117312,97319
1308,[04:22:47.8425481],1193582,92518
1309,[04:22:47.8927016],1096081,97695
1310,[04:22:47.9426845],1100317,92897
1311,[04:22:47.9927822],1055399,94728
1312,[04:22:48.0430153],1144152,98126
1313,[04:22:48.0930817],1083268,97908
1314,[04:22:48.1429249],1088943,91582
1315,[04:22:48.1930828],1106500,100146
1316,[04:22:48.2433513],1083887,94719
1317,[04:22:48.2933936],1082874,92097
1318,[04:22:48.3432922],1100376,88196
1319,[04:22:48.3935587],1109044,95102
1320,[04:22:48.4434777],1086528,100377
1321,[04:22:48.4935788],1082475,94338
1322,[04:22:48.5436424],1132234,98880
1323,[04:22:48.5937946],1111671,89375
1324,[04:22:48.6439141],1130764,98315
1325,[04:22:48.6938682],1106723,91654
1326,[04:22:48.7438757],1133888,94293
1327,[04:22:48.7944253],1120868,101220
1328,[04:22:48.8442551],1098820,93601
1329,[04:22:48.8945168],1116593,88774
1330,[04:22:48.9444855],1109813,93850
1331,[04:22:48.9947444],1107098,95967
1332,[04:22:49.0446469],1120413,99239
1333,[04:22:49.0946350],1114770,101107
1334,[04:22:49.1447389],1069548,101147
1335,[04:22:49.1949873],1067983,92019
1336,[04:22:49.2449434],1152668,90082
1337,[04:22:49.2948830],1134637,93383
1338,[04:22:49.3450442],1080458,92302
1339,[04:22:49.3954627],1067290,95367
1340,[04:22:49.4456044],1103129,99111
1341,[04:22:49.4954767],1108299,102213
1342,[04:22:49.5458025],1098331,98844
1343,[04:22:49.5955640],1101479,96301
1344,[04:22:49.6460920],1140702,102069
1345,[04:22:49.6963883],1165950,96634
1346,[04:22:49.7463927],1005462,92817
1347,[04:22:49.7965902],1115187,101721
1348,[04:22:49.8466789],1172746,93009
1349,[04:22:49.8968284],1132394,91854
1350,[04:22:49.9467239],1083373,89310
1351,[04:22:49.9969705],1144959,93190
1352,[04:22:50.0466955],1105468,98914
1353,[04:22:50.0972003],1087081,95982
1354,[04:22:50.1471503],1165053,102759
1355,[04:22:50.1972937],1110269,96442
1356,[04:22:50.2469000],1088556,97236
1357,[04:22:50.2976008],1137884,94132
1358,[04:22:50.3482959],1089555,93299
1359,[04:22:50.3991400],1105419,99523
1360,[04:22:50.4484032],1101547,97827
1361,[04:22:50.4979775],1117322,98258
1362,[04:22:50.5476153],1094131,101848
1363,[04:22:50.5972816],1081649,95118
1364,[04:22:50.6468976],1088529,99122
1365,[04:22:50.6973086],1113814,100869
1366,[04:22:50.7470481],1126315,93106
1367,[04:22:50.7970631],1088781,100141
1368,[04:22:50.8471484],1102712,93267
1369,[04:22:50.8977436],1104644,88828
1370,[04:22:50.9505797],1137330,89703
1371,[04:22:51.0000827],1129418,104089
1372,[04:22:51.0477378],1163829,100542
1373,[04:22:51.0978912],1132271,95955
1374,[04:22:51.1477134],1139081,99178
1375,[04:22:51.1979797],1136692,95003
1376,[04:22:51.2478327],1135798,96483
1377,[04:22:51.2978773],1096815,96347
1378,[04:22:51.3479194],1086142,94662
1379,[04:22:51.3982198],1133560,98541
1380,[04:22:51.4483336],1079432,96702
1381,[04:22:51.4982966],1129487,93924
1382,[04:22:51.5483929],1090749,88361
1383,[04:22:51.5983106],1080418,100089
1384,[04:22:51.6485057],1123144,94597
1385,[04:22:51.6984162],1094224,97818
1386,[04:22:51.7488349],1107463,99670
1387,[04:22:51.7986902],1125659,98582
1388,[04:22:51.8487600],1103771,99648
1389,[04:22:51.8986530],1066291,93593
1390,[04:22:51.9487600],1089143,96189
1391,[04:22:51.9990078],1079964,100990
1392,[04:22:52.0490084],1097364,95618
1393,[04:22:52.0992393],1087846,94334
1394,[04:22:52.1493201],1082242,95743
1395,[04:22:52.1991453],1060708,92610
1396,[04:22:52.2496114],1143495,96068
1397,[04:22:52.2994815],1134543,95949
1398,[04:22:52.3500085],1163464,94929
1399,[04:22:52.3995412],1098218,95797
1400,[04:22:52.4497246],1154847,96766
1401,[04:22:52.4998645],1108982,94880
1402,[04:22:52.5500170],1096576,100796
1403,[04:22:52.5999039],1078780,96112
1404,[04:22:52.6501330],1061923,92147
1405,[04:22:52.6999339],1128740,89628
1406,[04:22:52.7502223],1121864,94376
1407,[04:22:52.8001254],1114615,96919
1408,[04:22:52.8504125],1140497,99496
1409,[04:22:52.9002273],1145477,93564
1410,[04:22:52.9505299],1101981,96849
1411,[04:22:53.0003521],1091006,92801
1412,[04:22:53.0505524],1131511,94154
1413,[04:22:53.1006932],1095384,94153
1414,[04:22:53.1507245],1109469,96590
1415,[04:22:53.2008085],1054170,96926
1416,[04:22:53.2510712],1088388,95898
1417,[04:22:53.3009389],1177995,96322
1418,[04:22:53.3513954],1170413,100042
1419,[04:22:53.4011888],1035817,97797
1420,[04:22:53.4515526],1163466,98810
1421,[04:22:53.5010505],1104069,101566
1422,[04:22:53.5511402],1044752,98211
1423,[04:22:53.6014625],1088766,97726
1424,[04:22:53.6513716],1090245,94837
1425,[04:22:53.7016263],1120588,94308
1426,[04:22:53.7517349],1070741,89583
1427,[04:22:53.8016882],1097494,100299
1428,[04:22:53.8522127],1122641,93087
1429,[04:22:53.9022886],1143518,96870
1430,[04:22:53.9520001],1095327,97540
1431,[04:22:54.0024762],1137133,101240
1432,[04:22:54.0522501],1097697,96022
1433,[04:22:54.1020837],1121963,101578
1434,[04:22:54.1524996],1137869,94107
1435,[04:22:54.2024556],1117079,100410
1436,[04:22:54.2523192],1131196,94681
1437,[04:22:54.3024193],1116326,96510
1438,[04:22:54.3526867],1090414,95024
1439,[04:22:54.4026112],1110173,99282
1440,[04:22:54.4528981],1101627,98655
1441,[04:22:54.5032011],1147186,95556
1442,[04:22:54.5530224],1177670,93351
1443,[04:22:54.6032380],1134916,100101
1444,[04:22:54.6530522],1086526,94317
1445,[04:22:54.7029069],1184765,96799
1446,[04:22:54.7535103],1096085,95298
1447,[04:22:54.8034228],1139343,94361
1448,[04:22:54.8532747],1040371,94673
1449,[04:22:54.9033151],1069329,97032
1450,[04:22:54.9534617],1143076,97642
1451,[04:22:55.0036302],1090057,98695
1452,[04:22:55.0535991],1165923,100361
1453,[04:22:55.1034926],1119084,91479
1454,[04:22:55.1538808],1141146,92690
1455,[04:22:55.2038722],1110028,98736
1456,[04:22:55.2539253],1090129,96958
1457,[04:22:55.3041004],1155490,94791
1458,[04:22:55.3540658],1100760,100476
1459,[04:22:55.4041017],1132848,91130
1460,[04:22:55.4545996],1102162,95577
1461,[04:22:55.5042873],1099461,101443
1462,[04:22:55.5544949],1113420,103471
1463,[04:22:55.6045312],1103705,96551
1464,[04:22:55.6547403],1105497,98853
1465,[04:22:55.7045913],1075249,100675
1466,[04:22:55.7547524],1108041,95964
1467,[04:22:55.8050896],1150183,95420
1468,[04:22:55.8550277],1117936,98756
1469,[04:22:55.9051621],1120839,96401
1470,[04:22:55.9554251],1100711,91231
1471,[04:22:56.0052105],1046513,95177
1472,[04:22:56.0552061],1081860,91720
1473,[04:22:56.1051167],1073428,99769
1474,[04:22:56.1554019],1128645,94972
1475,[04:22:56.2054293],1090043,96693
1476,[04:22:56.2554287],1096096,95415
1477,[04:22:56.3056275],1062157,99447
1478,[04:22:56.3556691],1104222,88954
1479,[04:22:56.4057025],1125199,95090
1480,[04:22:56.4559112],1090402,96991
1481,[04:22:56.5057862],1159801,98551
1482,[04:22:56.5561338],1138970,102700
1483,[04:22:56.6060809],1197282,94175
1484,[04:22:56.6561277],1076576,97408
1485,[04:22:56.7060810],1066289,101398
1486,[04:22:56.7562646],1158922,97577
1487,[04:22:56.8063791],1092010,96786
1488,[04:22:56.8564538],1084415,93487
1489,[04:22:56.9065185],1092369,98823
1490,[04:22:56.9563487],1062895,88162
1491,[04:22:57.0066315],1102830,96845
1492,[04:22:57.0564752],1118482,96329
1493,[04:22:57.1067809],1095722,97874
1494,[04:22:57.1568312],1101764,91564
1495,[04:22:57.2068156],1151322,95472
1496,[04:22:57.2569889],1135173,95916
1497,[04:22:57.3071313],1117112,97187
1498,[04:22:57.3572018],1079148,96501
1499,[04:22:57.4074696],1110358,103168
1500,[04:22:57.4576282],1129008,95357
1501,[04:22:57.5078808],1176823,102364
1502,[04:22:57.5574881],1112047,104172
1503,[04:22:57.6075944],1134312,94047
1504,[04:22:57.6576299],1101085,91936
1505,[04:22:57.7077607],1141843,94829
1506,[04:22:57.7578939],1106466,97720
1507,[04:22:57.8075816],1058171,97576
1508,[04:22:57.8580685],1148086,96443
1509,[04:22:57.9078261],1089714,99907
1510,[04:22:57.9580076],1151128,90325
1511,[04:22:58.0085568],1097198,100890
1512,[04:22:58.0585878],1113969,100117
1513,[04:22:58.1082383],1167423,94126
1514,[04:22:58.1584396],1155920,99842
1515,[04:22:58.2083610],1147218,90931
1516,[04:22:58.2585598],1119808,98155
1517,[04:22:58.3085439],1067226,94109
1518,[04:22:58.3586024],1104200,97384
1519,[04:22:58.4087058],1098303,95621
1520,[04:22:58.4587515],1103212,94770
1521,[04:22:58.5088871],1107114,97632
1522,[04:22:58.5591154],1131610,93882
1523,[04:22:58.6091616],1093801,97046
1524,[04:22:58.6592754],1104979,102123
1525,[04:22:58.7090267],1069907,99294
1526,[04:22:58.7593371],1121990,95796
1527,[04:22:58.8093194],1119253,93785
1528,[04:22:58.8594342],1111958,92647
1529,[04:22:58.9096613],1139844,101643
1530,[04:22:58.9595545],1160014,100561
1531,[04:22:59.0096588],1113469,93213
1532,[04:22:59.0596535],1041663,93231
1533,[04:22:59.1098652],1045612,93421
1534,[04:22:59.1599071],1055677,102256
1535,[04:22:59.2098450],1118375,101193
1536,[04:22:59.2601300],1102103,95927
1537,[04:22:59.3102674],1090554,97771
1538,[04:22:59.3604140],1159556,87950
1539,[04:22:59.4102889],1120800,90316
1540,[04:22:59.4603647],1104424,93416
1541,[04:22:59.5103854],1052688,97938
1542,[04:22:59.5608509],1102317,99623
1543,[04:22:59.6110309],1135882,97597
1544,[04:22:59.6609165],1073126,93635
1545,[04:22:59.7109543],1152683,97166
1546,[04:22:59.7611394],1099784,94108
1547,[04:22:59.8109222],1129276,99463
1548,[04:22:59.8618078],1176639,101453
1549,[04:22:59.9109707],1136889,99720
1550,[04:22:59.9617011],1211482,94190
1551,[04:23:00.0110945],1134126,97348
1552,[04:23:00.0616792],1117330,98890
1553,[04:23:00.1126703],1108053,96016
1554,[04:23:00.1612955],1092134,94745
1555,[04:23:00.2114193],1107744,97434
1556,[04:23:00.2614071],1118587,98811
1557,[04:23:00.3116308],1112876,94184
1558,[04:23:00.3626189],1127829,99795
1559,[04:23:00.4117864],1126141,92203
1560,[04:23:00.4617425],1127878,94599
1561,[04:23:00.5118931],1089820,98083
1562,[04:23:00.5621067],1077120,95994
1563,[04:23:00.6132765],1101263,99748
1564,[04:23:00.6620281],1105477,93820
1565,[04:23:00.7122977],1150925,98455
1566,[04:23:00.7623566],1114787,94030
1567,[04:23:00.8124571],1172119,87667
1568,[04:23:00.8628464],1159126,93401
1569,[04:23:00.9128393],1077406,102463
1570,[04:23:00.9648603],1129719,101126
1571,[04:23:01.0153888],1075062,97667
1572,[04:23:01.0640148],1106386,95114
1573,[04:23:01.1131770],1102459,98336
1574,[04:23:01.1631948],1104908,98367
1575,[04:23:01.2130583],1160265,99466
1576,[04:23:01.2633316],1106194,98137
1577,[04:23:01.3132253],1163701,93927
1578,[04:23:01.3634435],1087983,93278
1579,[04:23:01.4132392],1053837,97523
1580,[04:23:01.4632017],1150717,96872
1581,[04:23:01.5133709],1092728,97680
1582,[04:23:01.5638274],1053771,94536
1583,[04:23:01.6160171],1129482,97814
1584,[04:23:01.6639410],1080741,93217
1585,[04:23:01.7138238],1086543,93137
1586,[04:23:01.7637254],1136461,89938
1587,[04:23:01.8141217],1142657,95660
1588,[04:23:01.8641404],1152873,97640
1589,[04:23:01.9141092],1182119,95214
1590,[04:23:01.9639454],1069024,94314
1591,[04:23:02.0141280],1133551,93243
1592,[04:23:02.0643551],1129006,94526
1593,[04:23:02.1147670],1074890,98975
1594,[04:23:02.1645571],1134117,94943
1595,[04:23:02.2144419],1072129,99748
1596,[04:23:02.2645913],1077712,96053
1597,[04:23:02.3146369],1083777,93594
1598,[04:23:02.3648443],1115223,95846
1599,[04:23:02.4147809],1060834,95466
1600,[04:23:02.4648703],1125446,101181
1601,[04:23:02.5150281],1091558,91814
1602,[04:23:02.5651310],1075924,98616
1603,[04:23:02.6153665],1164941,99952
1604,[04:23:02.6654194],1172791,99870
1605,[04:23:02.7153683],1144497,87605
1606,[04:23:02.7655780],1107407,91898
1607,[04:23:02.8154594],1083876,96915
1608,[04:23:02.8655033],1141443,97290
1609,[04:23:02.9156784],1109659,93851
1610,[04:23:02.9657146],1169320,100258
1611,[04:23:03.0156827],1090825,101010
1612,[04:23:03.0658302],1105827,91778
1613,[04:23:03.1160283],1092858,91351
1614,[04:23:03.1658152],1078221,97377
1615,[04:23:03.2160714],1121884,99328
1616,[04:23:03.2662147],1113273,98477
1617,[04:23:03.3161874],1112527,91790
1618,[04:23:03.3662320],1082609,91259
1619,[04:23:03.4163093],1098145,90522
1620,[04:23:03.4664079],1084850,98299
1621,[04:23:03.5165708],1139751,97028
1622,[04:23:03.5666764],1129128,95338
1623,[04:23:03.6168121],1144492,89804
1624,[04:23:03.6666828],1130936,91328
1625,[04:23:03.7168434],1133764,98582
1626,[04:23:03.7669140],1119111,96809
1627,[04:23:03.8170138],1124169,95921
1628,[04:23:03.8671284],1112971,97199
1629,[04:23:03.9170662],1121208,98681
1630,[04:23:03.9673692],1081139,97528
1631,[04:23:04.0171479],1120833,96580
1632,[04:23:04.0673706],1102977,100781
1633,[04:23:04.1173730],1124852,90773
1634,[04:23:04.1677042],1138757,94605
1635,[04:23:04.2173752],1112461,95522
1636,[04:23:04.2675195],1068536,95314
1637,[04:23:04.3177687],1128908,95035
1638,[04:23:04.3677487],1117648,94022
1639,[04:23:04.4179294],1146739,92240
1640,[04:23:04.4680760],1128044,96849
1641,[04:23:04.5181715],1138685,109864
1642,[04:23:04.5684684],1104225,98553
1643,[04:23:04.6186170],1101198,94040
1644,[04:23:04.6686589],1124874,96852
1645,[04:23:04.7185041],1146325,101079
1646,[04:23:04.7682537],1133538,96564
1647,[04:23:04.8186045],1144845,96761
1648,[04:23:04.8685495],1130737,98977
1649,[04:23:04.9185929],1093334,99315
1650,[04:23:04.9685797],1104571,98580
1651,[04:23:05.0186378],1097295,95884
1652,[04:23:05.0689351],1092764,97434
1653,[04:23:05.1206924],1187628,96385
1654,[04:23:05.1693537],1111769,92908
1655,[04:23:05.2194010],1148187,101111
1656,[04:23:05.2695841],1113931,97006
1657,[04:23:05.3194921],1083795,95974
1658,[04:23:05.3696173],1116420,102805
1659,[04:23:05.4194952],1127732,93426
1660,[04:23:05.4696150],1116085,100213
1661,[04:23:05.5195266],1149369,95354
1662,[04:23:05.5695017],1105922,93107
1663,[04:23:05.6198589],1116038,100992
1664,[04:23:05.6698921],1096394,96436
1665,[04:23:05.7198828],1090754,93805
1666,[04:23:05.7701861],1075292,96038
1667,[04:23:05.8199059],1136673,95103
1668,[04:23:05.8700792],1122026,91190
1669,[04:23:05.9201768],1079752,100670
1670,[04:23:05.9702164],1142725,96291
1671,[04:23:06.0203867],1083508,93824
1672,[04:23:06.0708799],1155855,98102
1673,[04:23:06.1207385],1101765,94196
1674,[04:23:06.1705247],1140526,97537
1675,[04:23:06.2205536],1157621,94683
1676,[04:23:06.2708264],1092056,99861
1677,[04:23:06.3208773],1117230,99477
1678,[04:23:06.3709761],1142266,100909
1679,[04:23:06.4210061],1145684,95281
1680,[04:23:06.4711143],1089126,97031
1681,[04:23:06.5211457],1106274,98858
1682,[04:23:06.5712600],1051065,99695
1683,[04:23:06.6212875],1113945,97043
1684,[04:23:06.6714349],1115183,92775
1685,[04:23:06.7214589],1142160,94973
1686,[04:23:06.7714341],1189539,94036
1687,[04:23:06.8215835],1138440,93418
1688,[04:23:06.8721947],1164416,98159
1689,[04:23:06.9217992],1134481,95299
1690,[04:23:06.9717092],1116412,93512
1691,[04:23:07.0219436],1142101,94120
1692,[04:23:07.0720070],1113168,98896
1693,[04:23:07.1226966],1113861,91371
1694,[04:23:07.1723817],1131328,94002
1695,[04:23:07.2223787],1098901,94214
1696,[04:23:07.2724313],1092798,95449
1697,[04:23:07.3223766],1081290,98243
1698,[04:23:07.3722987],1131260,99441
1699,[04:23:07.4225339],1125696,99052
1700,[04:23:07.4726383],1079173,94738
1701,[04:23:07.5225956],1107344,101986
1702,[04:23:07.5726503],1044050,92848
1703,[04:23:07.6230892],1139989,92940
1704,[04:23:07.6730123],1104782,95395
1705,[04:23:07.7228962],1125028,92807
1706,[04:23:07.7727761],1124376,95151
1707,[04:23:07.8230244],1167213,97387
1708,[04:23:07.8732700],1120128,96985
1709,[04:23:07.9232956],1100032,94726
1710,[04:23:07.9733431],1137246,99406
1711,[04:23:08.0236087],1102426,96681
1712,[04:23:08.0735804],1161100,95636
1713,[04:23:08.1235739],1093143,95355
1714,[04:23:08.1739128],1143836,93341
1715,[04:23:08.2240015],1118364,92957
1716,[04:23:08.2738079],1193029,93296
1717,[04:23:08.3240776],1104166,94313
1718,[04:23:08.3742375],1097535,97952
1719,[04:23:08.4238944],1114292,95275
1720,[04:23:08.4741943],1131578,93408
1721,[04:23:08.5240286],1126659,91124
1722,[04:23:08.5740209],1132951,99612
1723,[04:23:08.6250904],1159850,95945
1724,[04:23:08.6745548],1149807,94326
1725,[04:23:08.7247048],1105682,96900
1726,[04:23:08.7749114],1154245,92753
1727,[04:23:08.8246548],1148632,97534
1728,[04:23:08.8749879],1126399,96472
1729,[04:23:08.9250284],1090370,98443
1730,[04:23:08.9750402],1081933,98038
1731,[04:23:09.0249851],1094321,98900
1732,[04:23:09.0748834],1111036,99416
1733,[04:23:09.1255567],1124650,94701
1734,[04:23:09.1751384],1161788,103623
1735,[04:23:09.2252497],1100560,97431
1736,[04:23:09.2753526],1064848,95649
1737,[04:23:09.3255651],1091302,100975
1738,[04:23:09.3754746],1073302,103145
1739,[04:23:09.4255019],1087003,93747
1740,[04:23:09.4756876],1078536,99285
1741,[04:23:09.5256595],1130335,93398
1742,[04:23:09.5757877],1106574,93458
1743,[04:23:09.6260170],1119609,92994
1744,[04:23:09.6760337],1095506,91206
1745,[04:23:09.7261498],1144445,97592
1746,[04:23:09.7763415],1124147,98755
1747,[04:23:09.8262933],1072621,96073
1748,[04:23:09.8763506],1088035,102163
1749,[04:23:09.9265023],1157468,99702
1750,[04:23:09.9765693],1107113,92562
1751,[04:23:10.0264697],1101363,98423
1752,[04:23:10.0765921],1077062,97356
1753,[04:23:10.1267982],1072868,95505
1754,[04:23:10.1774152],1153991,91142
1755,[04:23:10.2268305],1113098,98671
1756,[04:23:10.2767084],1101717,100514
1757,[04:23:10.3268351],1084311,98990
1758,[04:23:10.3769209],1123101,94553
1759,[04:23:10.4269169],1136268,98611
1760,[04:23:10.4769464],1157281,99719
1761,[04:23:10.5270919],1108010,100796
1762,[04:23:10.5772665],1106814,93386
1763,[04:23:10.6272251],1088511,101314
1764,[04:23:10.6774898],1161808,95310
1765,[04:23:10.7274975],1129352,92940
1766,[04:23:10.7775338],1111918,100998
1767,[04:23:10.8276428],1120037,89549
1768,[04:23:10.8780569],1126638,94098
1769,[04:23:10.9280187],1138566,95872
1770,[04:23:10.9781082],1112148,99361
1771,[04:23:11.0279137],1162476,96569
1772,[04:23:11.0780413],1105270,97373
1773,[04:23:11.1282722],1107420,98136
1774,[04:23:11.1785139],1089125,96511
1775,[04:23:11.2280619],1154587,93447
1776,[04:23:11.2785270],1161328,98707
1777,[04:23:11.3283913],1131440,96541
1778,[04:23:11.3785491],1097511,94597
1779,[04:23:11.4285159],1160137,90971
1780,[04:23:11.4787143],1078818,97693
1781,[04:23:11.5287596],1077985,94123
1782,[04:23:11.5789877],1128725,95204
1783,[04:23:11.6294671],1075668,102026
1784,[04:23:11.6814085],1104351,104204
1785,[04:23:11.7297178],1120399,94120
1786,[04:23:11.7792767],1060313,94811
1787,[04:23:11.8295340],1141277,106207
1788,[04:23:11.8795950],1144425,98009
1789,[04:23:11.9294611],1170075,93614
1790,[04:23:11.9794044],1176544,100647
1791,[04:23:12.0295163],1109699,97719
1792,[04:23:12.0794787],1122776,95011
1793,[04:23:12.1297210],1121017,95364
1794,[04:23:12.1797611],1091067,92622
1795,[04:23:12.2300842],1162555,92098
1796,[04:23:12.2818333],1149963,89576
1797,[04:23:12.3301600],1152635,97139
1798,[04:23:12.3803258],1118427,100619
1799,[04:23:12.4301476],1112687,87561
1800,[04:23:12.4801439],1133816,100602
1801,[04:23:12.5305742],1110163,93492
1802,[04:23:12.5803431],1154726,90287
1803,[04:23:12.6304849],1079829,95243
1804,[04:23:12.6804770],1132504,99273
1805,[04:23:12.7305051],1118832,99598
1806,[04:23:12.7806713],1079292,99835
1807,[04:23:12.8306351],1106012,93714
1808,[04:23:12.8807918],1128516,101744
1809,[04:23:12.9311647],1108465,96530
1810,[04:23:12.9809526],1103297,90517
1811,[04:23:13.0311257],1064556,95132
1812,[04:23:13.0810031],1131780,92403
1813,[04:23:13.1315122],1120108,90975
1814,[04:23:13.1812501],1088062,91547
1815,[04:23:13.2314115],1093898,100607
1816,[04:23:13.2816635],1087819,103862
1817,[04:23:13.3316378],1076552,99448
1818,[04:23:13.3815711],1136184,98793
1819,[04:23:13.4315665],1127405,97234
1820,[04:23:13.4817192],1132176,90527
1821,[04:23:13.5318476],1104348,96221
1822,[04:23:13.5820675],1100730,92539
1823,[04:23:13.6320323],1093545,96632
1824,[04:23:13.6819001],1096353,99709
1825,[04:23:13.7320236],1099257,91546
1826,[04:23:13.7822392],1140424,99032
1827,[04:23:13.8322342],1130371,93129
1828,[04:23:13.8822444],1097418,97248
1829,[04:23:13.9324390],1116187,100299
1830,[04:23:13.9824949],1107896,95172
1831,[04:23:14.0326201],1151763,98975
1832,[04:23:14.0826929],1147992,99163
1833,[04:23:14.1329781],1079939,95326
1834,[04:23:14.1828881],1099357,94377
1835,[04:23:14.2328169],1125534,92941
1836,[04:23:14.2829874],1106214,93869
1837,[04:23:14.3330821],1138003,97611
1838,[04:23:14.3831618],1109435,93481
1839,[04:23:14.4331571],1117396,100201
1840,[04:23:14.4833470],1120284,98392
1841,[04:23:14.5334634],1155961,93390
1842,[04:23:14.5834832],1074932,92544
1843,[04:23:14.6337061],1152983,99068
1844,[04:23:14.6837057],1126301,101658
1845,[04:23:14.7334515],1087434,94118
1846,[04:23:14.7839430],1177505,93489
1847,[04:23:14.8338278],1071672,91522
1848,[04:23:14.8840334],1097471,93591
1849,[04:23:14.9338945],1091333,91766
1850,[04:23:14.9840312],1074386,96659
1851,[04:23:15.0339887],1084559,94533
1852,[04:23:15.0842412],1108202,96229
1853,[04:23:15.1343976],1115723,95195
1854,[04:23:15.1846028],1088732,95698
1855,[04:23:15.2346256],1132739,95070
1856,[04:23:15.2846819],1102263,88441
1857,[04:23:15.3346338],1079468,91778
1858,[04:23:15.3848019],1106197,88612
1859,[04:23:15.4346558],1097424,96390
1860,[04:23:15.4848049],1153393,94974
1861,[04:23:15.5349164],1113697,98236
1862,[04:23:15.5850942],1123984,96982
1863,[04:23:15.6351300],1098583,99520
1864,[04:23:15.6853932],1123630,95261
1865,[04:23:15.7351847],1129495,90458
1866,[04:23:15.7851253],1203097,93566
1867,[04:23:15.8354781],1100084,92056
1868,[04:23:15.8856848],1127554,101268
1869,[04:23:15.9356666],1134341,93894
1870,[04:23:15.9856578],1073807,87161
1871,[04:23:16.0355313],1071428,94172
1872,[04:23:16.0858707],1157662,96364
1873,[04:23:16.1360711],1177225,95535
1874,[04:23:16.1857199],1124099,91066
1875,[04:23:16.2357964],1083001,93427
1876,[04:23:16.2859996],1146029,93887
1877,[04:23:16.3360936],1087716,88936
1878,[04:23:16.3861672],1141035,96299
1879,[04:23:16.4362470],1133281,98430
1880,[04:23:16.4863451],1083089,97037
1881,[04:23:16.5364137],1096447,100981
1882,[04:23:16.5864194],1059570,91537
1883,[04:23:16.6367227],1140210,95200
1884,[04:23:16.6866337],1123850,93749
1885,[04:23:16.7364736],1120799,100261
1886,[04:23:16.7868354],1088140,97530
1887,[04:23:16.8367827],1144102,102344
1888,[04:23:16.8869937],1140005,100192
1889,[04:23:16.9369190],1149808,95191
1890,[04:23:16.9870725],1085019,100799
1891,[04:23:17.0370664],1129884,101708
1892,[04:23:17.0871437],1114812,100214
1893,[04:23:17.1374975],1143876,98415
1894,[04:23:17.1872688],1136165,93856
1895,[04:23:17.2374547],1107195,99676
1896,[04:23:17.2875604],1112190,94422
1897,[04:23:17.3377376],1071618,95761
1898,[04:23:17.3878152],1084136,96766
1899,[04:23:17.4377817],1123944,97351
1900,[04:23:17.4878452],1121767,94196
1901,[04:23:17.5378076],1080034,96102
1902,[04:23:17.5881468],1093811,97396
1903,[04:23:17.6383825],1086154,98346
1904,[04:23:17.6883433],1111529,102572
1905,[04:23:17.7381110],1072407,95425
1906,[04:23:17.7883435],1120212,100953
1907,[04:23:17.8382837],1149670,97523
1908,[04:23:17.8884897],1147514,99524
1909,[04:23:17.9384462],1136598,95304
1910,[04:23:17.9885385],1110093,95561
1911,[04:23:18.0387167],1109876,91026
1912,[04:23:18.0886548],1080315,96982
1913,[04:23:18.1391447],1095137,98241
1914,[04:23:18.1889391],1122272,101146
1915,[04:23:18.2387684],1107355,97291
1916,[04:23:18.2890342],1152383,94842
1917,[04:23:18.3391193],1091337,97808
1918,[04:23:18.3890151],1144081,92846
1919,[04:23:18.4391369],1126913,96801
1920,[04:23:18.4891900],1130421,94468
1921,[04:23:18.5393899],1121277,99491
1922,[04:23:18.5895176],1076315,96078
1923,[04:23:18.6398642],1142330,96889
1924,[04:23:18.6899254],1113435,94400
1925,[04:23:18.7408349],1125864,97725
1926,[04:23:18.7902203],1070438,95281
1927,[04:23:18.8399107],1089639,96634
1928,[04:23:18.8900264],1095489,96363
1929,[04:23:18.9401932],1048939,98104
1930,[04:23:18.9902752],1110461,95855
1931,[04:23:19.0401768],1094400,97316
1932,[04:23:19.0901230],1126105,97016
1933,[04:23:19.1405859],1119608,94176
1934,[04:23:19.1905176],1115294,94338
1935,[04:23:19.2405758],1111313,97694
1936,[04:23:19.2905757],1111418,94071
1937,[04:23:19.3409000],1111527,98230
1938,[04:23:19.3911446],1158542,102781
1939,[04:23:19.4408660],1089482,98655
1940,[04:23:19.4910229],1091691,96129
1941,[04:23:19.5411789],1151216,93487
1942,[04:23:19.5909650],1101678,94003
1943,[04:23:19.6413924],1103865,95156
1944,[04:23:19.6911215],1113620,107492
1945,[04:23:19.7411721],1098945,97342
1946,[04:23:19.7912279],1131634,100203
1947,[04:23:19.8414857],1115552,95634
1948,[04:23:19.8914711],1158030,98299
1949,[04:23:19.9416073],1127036,90865
1950,[04:23:19.9917115],1098714,97412
1951,[04:23:20.0417679],1109445,93036
1952,[04:23:20.0917861],1136095,95353
1953,[04:23:20.1421987],1129194,94197
1954,[04:23:20.1920566],1103489,102163
1955,[04:23:20.2424083],1140421,96556
1956,[04:23:20.2922257],1177373,96549
1957,[04:23:20.3422920],1135657,94818
1958,[04:23:20.3923127],1114030,91212
1959,[04:23:20.4424069],1171488,100115
1960,[04:23:20.4931217],1146754,95885
1961,[04:23:20.5429434],1160206,100764
1962,[04:23:20.5926569],1113563,95682
1963,[04:23:20.6429682],1140401,99761
1964,[04:23:20.6927766],1092675,100238
1965,[04:23:20.7426843],1148445,99807
1966,[04:23:20.7927268],1158152,100656
1967,[04:23:20.8427307],1114237,100828
1968,[04:23:20.8929711],1124549,95215
1969,[04:23:20.9430912],1132334,93806
1970,[04:23:20.9930555],1146318,95511
1971,[04:23:21.0433134],1049939,97554
1972,[04:23:21.0933964],1116101,94005
1973,[04:23:21.1435375],1115102,96562
1974,[04:23:21.1934803],1118337,99447
1975,[04:23:21.2435513],1156879,94197
1976,[04:23:21.2939353],1147790,97934
1977,[04:23:21.3436794],1095685,97620
1978,[04:23:21.3938219],1080429,93890
1979,[04:23:21.4439153],1105503,100257
1980,[04:23:21.4939697],1086566,96163
1981,[04:23:21.5440419],1101207,95547
1982,[04:23:21.5940996],1147633,94572
1983,[04:23:21.6441967],1073773,96499
1984,[04:23:21.6943235],1111519,91184
1985,[04:23:21.7443414],1145513,92116
1986,[04:23:21.7942944],1150248,95291
1987,[04:23:21.8446600],1115983,100913
1988,[04:23:21.8947346],1123570,94431
1989,[04:23:21.9447827],1147081,97761
1990,[04:23:21.9947103],1117410,91723
1991,[04:23:22.0451411],1111796,87502
1992,[04:23:22.0948233],1127955,95725
1993,[04:23:22.1450591],1147480,99120
1994,[04:23:22.1949822],1138667,94622
1995,[04:23:22.2457335],1089704,99165
1996,[04:23:22.2976503],1130270,97758
1997,[04:23:22.3481929],1157120,96795
1998,[04:23:22.3953734],1107229,93345
1999,[04:23:22.4455707],1105042,101071
2000,[04:23:22.4953585],1112813,93459
2001,[04:23:22.5453945],1119124,99179
2002,[04:23:22.5957186],1128282,94464
2003,[04:23:22.6458540],1127382,97881
2004,[04:23:22.6957177],1120224,96139
2005,[04:23:22.7457190],1159962,90227
2006,[04:23:22.7956979],1151930,98160
2007,[04:23:22.8461354],1142417,94279
2008,[04:23:22.8964242],1126023,99955
2009,[04:23:22.9464743],1076856,95529
2010,[04:23:22.9964269],1131947,94494
2011,[04:23:23.0464524],1124444,97883
2012,[04:23:23.0964787],1149031,96953
2013,[04:23:23.1467560],1125126,98144
2014,[04:23:23.1967013],1125818,101659
2015,[04:23:23.2466750],1127411,96075
2016,[04:23:23.2964632],1129419,96305
2017,[04:23:23.3466860],1122565,93242
2018,[04:23:23.3965990],1154384,92453
2019,[04:23:23.4468690],1110070,94702
2020,[04:23:23.4969673],1090140,96384
2021,[04:23:23.5471298],1163672,102877
2022,[04:23:23.5971965],1111246,95000
2023,[04:23:23.6475094],1124810,95001
2024,[04:23:23.6972530],1091305,99231
2025,[04:23:23.7473418],1104886,99974
2026,[04:23:23.7974695],1125855,96050
2027,[04:23:23.8476781],1105671,94883
2028,[04:23:23.8975475],1136376,102816
2029,[04:23:23.9476990],1128675,93683
2030,[04:23:23.9979134],1143813,99119
2031,[04:23:24.0477986],1109447,95502
2032,[04:23:24.0979741],1118227,101362
2033,[04:23:24.1481841],1060774,102639
2034,[04:23:24.1980973],1184581,94410
2035,[04:23:24.2480163],1174604,101109
2036,[04:23:24.2980197],1137674,96122
2037,[04:23:24.3482211],1103511,99070
2038,[04:23:24.3984461],1142231,96730
2039,[04:23:24.4485016],1118571,93675
2040,[04:23:24.4985559],1142795,96060
2041,[04:23:24.5486426],1069828,94676
2042,[04:23:24.5988754],1124306,103159
2043,[04:23:24.6492638],1130902,94447
2044,[04:23:24.6987915],1113039,97908
2045,[04:23:24.7489659],1089640,92931
2046,[04:23:24.7988807],1096247,89140
2047,[04:23:24.8488627],1141487,100450
2048,[04:23:24.8993768],1139160,98962
2049,[04:23:24.9491680],1163883,89661
2050,[04:23:24.9994414],1139561,98519
2051,[04:23:25.0492420],1150434,94055
2052,[04:23:25.0994775],1091765,94908
2053,[04:23:25.1495495],1136285,97302
2054,[04:23:25.1994365],1128610,96778
2055,[04:23:25.2500583],1159605,93469
2056,[04:23:25.2997714],1135580,99109
2057,[04:23:25.3497541],1142338,95357
2058,[04:23:25.3998372],1173590,98363
2059,[04:23:25.4498601],1131977,95131
2060,[04:23:25.4998486],1134656,91614
2061,[04:23:25.5500688],1078486,94750
2062,[04:23:25.6000818],1143131,101593
2063,[04:23:25.6503764],1156897,90700
2064,[04:23:25.7003967],1121454,91234
2065,[04:23:25.7502979],1132428,92400
2066,[04:23:25.8007172],1196980,94573
2067,[04:23:25.8508377],1153283,92591
2068,[04:23:25.9018551],1112635,90417
2069,[04:23:25.9508896],1134114,91826
2070,[04:23:26.0006552],1117240,96450
2071,[04:23:26.0512523],1163258,98731
2072,[04:23:26.1012931],1109977,94893
2073,[04:23:26.1510949],1171034,94004
2074,[04:23:26.2009579],1114312,93217
2075,[04:23:26.2509985],1186688,96679
2076,[04:23:26.3011473],1180353,89747
2077,[04:23:26.3513299],1189102,93560
2078,[04:23:26.4016507],1175661,99280
2079,[04:23:26.4516773],1146343,92986
2080,[04:23:26.5015875],1147047,93119
2081,[04:23:26.5518858],1147904,99786
2082,[04:23:26.6018231],1173231,100113
2083,[04:23:26.6520506],1095475,95715
2084,[04:23:26.7018970],1168506,98709
2085,[04:23:26.7521400],1138058,97718
2086,[04:23:26.8018845],1148212,96660
2087,[04:23:26.8524876],1117562,98136
2088,[04:23:26.9020342],1129698,96228
2089,[04:23:26.9520625],1123658,92010
2090,[04:23:27.0024008],1154183,96561
2091,[04:23:27.0526493],1098073,96218
2092,[04:23:27.1026016],1130395,92853
2093,[04:23:27.1527282],1088739,93712
2094,[04:23:27.2026201],1168528,93718
2095,[04:23:27.2527236],1211816,97511
2096,[04:23:27.3029987],1162252,97711
2097,[04:23:27.3529053],1195135,97069
2098,[04:23:27.4029249],1147488,95438
2099,[04:23:27.4529466],1144692,95018
2100,[04:23:27.5031390],1145225,102462
2101,[04:23:27.5531315],1084212,98294
2102,[04:23:27.6032712],1076193,101581
2103,[04:23:27.6533632],1069167,90974
2104,[04:23:27.7034566],1082878,90698
2105,[04:23:27.7533162],1158887,95411
2106,[04:23:27.8034237],1143640,97693
2107,[04:23:27.8535643],1136833,97078
2108,[04:23:27.9037372],1073144,98999
2109,[04:23:27.9538502],1106978,97391
2110,[04:23:28.0039101],1159558,94548
2111,[04:23:28.0539065],1109832,96861
2112,[04:23:28.1040968],1181955,93408
2113,[04:23:28.1541152],1134000,96481
2114,[04:23:28.2041714],1118841,93311
2115,[04:23:28.2541187],1150772,93751
2116,[04:23:28.3043399],1142793,95950
2117,[04:23:28.3544666],1142627,94279
2118,[04:23:28.4044677],1140783,97598
2119,[04:23:28.4545164],1107736,92623
2120,[04:23:28.5045351],1101734,95418
2121,[04:23:28.5547972],1061581,96514
2122,[04:23:28.6047728],1102374,100387
2123,[04:23:28.6554608],1061771,96596
2124,[04:23:28.7052953],1119886,93076
2125,[04:23:28.7550882],1126210,93971
2126,[04:23:28.8050464],1130481,96393
2127,[04:23:28.8553447],1154259,95196
2128,[04:23:28.9050725],1114321,93474
2129,[04:23:28.9552834],1143957,98515
2130,[04:23:29.0053567],1078886,97510
2131,[04:23:29.0554378],1155328,96924
2132,[04:23:29.1055751],1124990,96376
2133,[04:23:29.1558495],1098873,98068
2134,[04:23:29.2059343],1116390,100382
2135,[04:23:29.2557271],1145483,98066
2136,[04:23:29.3067076],1110926,100410
2137,[04:23:29.3561555],1129412,95714
2138,[04:23:29.4061153],1108078,97617
2139,[04:23:29.4560547],1186347,99385
2140,[04:23:29.5064356],1136318,95455
2141,[04:23:29.5560459],1122302,91170
2142,[04:23:29.6063112],1084988,96871
2143,[04:23:29.6563790],1175126,99937
2144,[04:23:29.7061945],1115740,96054
2145,[04:23:29.7564314],1129135,95671
2146,[04:23:29.8066943],1156036,91114
2147,[04:23:29.8567943],1155329,90107
2148,[04:23:29.9066104],1201721,95866
2149,[04:23:29.9569841],1137505,95976
2150,[04:23:30.0071411],1147909,92993
2151,[04:23:30.0570501],1075952,98016
2152,[04:23:30.1071034],1115734,94494
2153,[04:23:30.1574270],1140642,93490
2154,[04:23:30.2072704],1145923,92484
2155,[04:23:30.2576831],1133394,90435
2156,[04:23:30.3074452],1169736,100815
2157,[04:23:30.3578279],1110607,100025
2158,[04:23:30.4076026],1211450,96973
2159,[04:23:30.4579170],1132823,96505
2160,[04:23:30.5077491],1162920,98583
2161,[04:23:30.5579391],1164967,99408
2162,[04:23:30.6079364],1078758,100460
2163,[04:23:30.6579977],1147561,92032
2164,[04:23:30.7080537],1097461,102794
2165,[04:23:30.7583689],1162067,102090
2166,[04:23:30.8083177],1113588,96364
2167,[04:23:30.8585573],1127283,98305
2168,[04:23:30.9085361],1129459,95081
2169,[04:23:30.9583780],1133812,97725
2170,[04:23:31.0086536],1194046,98453
2171,[04:23:31.0584101],1144126,95057
2172,[04:23:31.1095458],1114700,97950
2173,[04:23:31.1584983],1150551,96390
2174,[04:23:31.2085385],1135119,100208
2175,[04:23:31.2588697],1088052,100338
2176,[04:23:31.3087128],1132476,96935
2177,[04:23:31.3596127],1151794,100586
2178,[04:23:31.4094020],1141802,97918
2179,[04:23:31.4592938],1134381,94220
2180,[04:23:31.5093803],1169407,95865
2181,[04:23:31.5594548],1074853,97089
2182,[04:23:31.6102521],1113687,101481
2183,[04:23:31.6592490],1183005,100517
2184,[04:23:31.7094765],1098129,91496
2185,[04:23:31.7598537],1089936,95422
2186,[04:23:31.8095560],1145303,99188
2187,[04:23:31.8597676],1103140,98510
2188,[04:23:31.9097655],1170175,95948
2189,[04:23:31.9599142],1085689,97229
2190,[04:23:32.0099781],1105457,92796
2191,[04:23:32.0599899],1166992,93284
2192,[04:23:32.1100232],1163609,99044
2193,[04:23:32.1602661],1094461,96263
2194,[04:23:32.2101480],1138287,96727
2195,[04:23:32.2603765],1111997,96086
2196,[04:23:32.3104400],1126020,99685
2197,[04:23:32.3605133],1136038,101874
2198,[04:23:32.4106291],1134721,96089
2199,[04:23:32.4604323],1141693,90210
2200,[04:23:32.5105923],1144436,98636
2201,[04:23:32.5606359],1124785,95029
2202,[04:23:32.6111920],1090871,94636
2203,[04:23:32.6608587],1128194,100644
2204,[04:23:32.7110377],1107258,97944
2205,[04:23:32.7611250],1146731,92781
2206,[04:23:32.8113162],1207608,95245
2207,[04:23:32.8616435],1160972,99230
2208,[04:23:32.9115017],1068845,93976
2209,[04:23:32.9616254],1162906,97391
2210,[04:23:33.0115807],1148180,94535
2211,[04:23:33.0617189],1157080,96362
2212,[04:23:33.1118521],1095953,96954
2213,[04:23:33.1618440],1154197,100848
2214,[04:23:33.2119356],1172822,100621
2215,[04:23:33.2617324],1152201,92654
2216,[04:23:33.3119881],1051769,100237
2217,[04:23:33.3621094],1102594,98000
2218,[04:23:33.4119711],1152709,100817
2219,[04:23:33.4622435],1161885,98599
2220,[04:23:33.5144508],1093524,99958
2221,[04:23:33.5623983],1127274,91889
2222,[04:23:33.6126811],1095613,95183
2223,[04:23:33.6626609],1148809,96589
2224,[04:23:33.7127391],1146544,94273
2225,[04:23:33.7628994],1115009,100533
2226,[04:23:33.8126972],1064621,99697
2227,[04:23:33.8630884],1129497,93872
2228,[04:23:33.9127123],1163937,106298
2229,[04:23:33.9630342],1143879,98755
2230,[04:23:34.0128518],1097799,102659
2231,[04:23:34.0629937],1074010,97892
2232,[04:23:34.1130894],1157669,97368
2233,[04:23:34.1632238],1139940,93707
2234,[04:23:34.2133401],1110518,94979
2235,[04:23:34.2632377],1130751,99108
2236,[04:23:34.3135353],1154444,98252
2237,[04:23:34.3635923],1187885,96359
2238,[04:23:34.4146655],1112615,97058
2239,[04:23:34.4648278],1138261,94081
2240,[04:23:34.5149061],1126461,99538
2241,[04:23:34.5671058],1152523,98869
2242,[04:23:34.6156523],1133949,97759
2243,[04:23:34.6674671],1160774,92738
2244,[04:23:34.7167351],1158805,97745
2245,[04:23:34.7645381],1140177,95045
2246,[04:23:34.8152951],1154330,96664
2247,[04:23:34.8646943],1151073,98699
2248,[04:23:34.9144265],1105001,105272
2249,[04:23:34.9642146],1138286,101083
2250,[04:23:35.0145407],1129082,97950
2251,[04:23:35.0646486],1139937,98999
2252,[04:23:35.1146167],1102984,100035
2253,[04:23:35.1646607],1112565,98515
2254,[04:23:35.2148480],1097182,94876
2255,[04:23:35.2649398],1171764,98592
2256,[04:23:35.3150454],1135372,102715
2257,[04:23:35.3651535],1054848,104420
2258,[04:23:35.4151791],1113681,94783
2259,[04:23:35.4652738],1121759,98838
2260,[04:23:35.5153432],1121849,96015
2261,[04:23:35.5652503],1065714,100062
2262,[04:23:35.6159123],1097434,95649
2263,[04:23:35.6656701],1126550,99669
2264,[04:23:35.7155010],1194377,92429
2265,[04:23:35.7657385],1149093,99649
2266,[04:23:35.8158715],1110074,94304
2267,[04:23:35.8658266],1157092,86892
2268,[04:23:35.9158987],1084943,97592
2269,[04:23:35.9658007],1101015,96640
2270,[04:23:36.0158241],1142121,96868
2271,[04:23:36.0660564],1104545,95386
2272,[04:23:36.1161663],1185193,91969
2273,[04:23:36.1661383],1123378,98082
2274,[04:23:36.2163943],1179951,97248
2275,[04:23:36.2664393],1114020,99280
2276,[04:23:36.3167245],1108501,98125
2277,[04:23:36.3669877],1074290,94871
2278,[04:23:36.4166735],1107610,99761
2279,[04:23:36.4669526],1169473,96980
2280,[04:23:36.5171243],1136720,96782
2281,[04:23:36.5669586],1160638,97493
2282,[04:23:36.6171991],1172766,98333
2283,[04:23:36.6670625],1125337,94555
2284,[04:23:36.7174103],1162150,92107
2285,[04:23:36.7672457],1122294,99024
2286,[04:23:36.8171469],1085933,94371
2287,[04:23:36.8674179],1103335,99911
2288,[04:23:36.9174557],1184773,98699
2289,[04:23:36.9673804],1115935,95056
2290,[04:23:37.0178212],1089508,92713
2291,[04:23:37.0678986],1127151,101107
2292,[04:23:37.1180186],1107993,105049
2293,[04:23:37.1680515],1150619,98835
2294,[04:23:37.2181247],1105066,97718
2295,[04:23:37.2677324],1151565,104527
2296,[04:23:37.3179071],1171082,96900
2297,[04:23:37.3685441],1120340,98980
2298,[04:23:37.4180584],1118449,95802
2299,[04:23:37.4682740],1103012,97141
2300,[04:23:37.5183946],1071857,95671
2301,[04:23:37.5683596],1135987,95070
2302,[04:23:37.6183863],1121058,99519
2303,[04:23:37.6685810],1156082,100359
2304,[04:23:37.7186533],1127477,97075
2305,[04:23:37.7687803],1111999,98186
2306,[04:23:37.8188644],1137148,96462
2307,[04:23:37.8687955],1145606,96174
2308,[04:23:37.9190297],1093566,96045
2309,[04:23:37.9690162],1154793,101847
2310,[04:23:38.0191252],1087518,94975
2311,[04:23:38.0691046],1155852,100589
2312,[04:23:38.1192328],1134222,99465
2313,[04:23:38.1693585],1173872,92957
2314,[04:23:38.2193008],1142926,95461
2315,[04:23:38.2694599],1136832,92074
2316,[04:23:38.3194632],1153978,93824
2317,[04:23:38.3699676],1160480,98978
2318,[04:23:38.4198168],1083012,92788
2319,[04:23:38.4698002],1165963,94213
2320,[04:23:38.5197694],1164612,98845
2321,[04:23:38.5700101],1090230,95866
2322,[04:23:38.6199463],1175054,96130
2323,[04:23:38.6700441],1082686,94632
2324,[04:23:38.7202349],1173504,94900
2325,[04:23:38.7703500],1095669,100021
2326,[04:23:38.8203553],1133490,97422
2327,[04:23:38.8703629],1157694,99388
2328,[04:23:38.9204326],1151386,100340
2329,[04:23:38.9706386],1144314,98047
2330,[04:23:39.0206464],1166558,95378
2331,[04:23:39.0707682],1104931,97678
2332,[04:23:39.1208666],1137762,97535
2333,[04:23:39.1708942],1116305,99572
2334,[04:23:39.2210007],1132766,97740
2335,[04:23:39.2715663],1127955,95069
2336,[04:23:39.3215945],1141794,93784
2337,[04:23:39.3710827],1152046,95307
2338,[04:23:39.4213162],1125582,97279
2339,[04:23:39.4713626],1116936,100192
2340,[04:23:39.5211892],1100698,99455
2341,[04:23:39.5714857],1175868,95241
2342,[04:23:39.6216538],1112786,91194
2343,[04:23:39.6714419],1102249,99621
2344,[04:23:39.7235204],1096310,96965
2345,[04:23:39.7722755],1113526,103354
2346,[04:23:39.8221991],1069971,91919
2347,[04:23:39.8730791],1116894,101924
2348,[04:23:39.9238524],1120110,99707
2349,[04:23:39.9720184],1104750,98345
2350,[04:23:40.0225326],1116185,89371
2351,[04:23:40.0725489],1083260,101890
2352,[04:23:40.1225102],1135973,96161
2353,[04:23:40.1724045],1160638,98826
2354,[04:23:40.2223269],1071252,100020
2355,[04:23:40.2738771],1133968,101490
2356,[04:23:40.3228592],1186705,104139
2357,[04:23:40.3731266],1100121,100879
2358,[04:23:40.4228799],1144907,94416
2359,[04:23:40.4730844],1164480,94995
2360,[04:23:40.5230512],1139404,99519
2361,[04:23:40.5728012],1177736,99077
2362,[04:23:40.6235058],1082445,93018
2363,[04:23:40.6732986],1131992,100545
2364,[04:23:40.7235168],1151038,98666
2365,[04:23:40.7735963],1094313,97155
2366,[04:23:40.8233886],1098452,92064
2367,[04:23:40.8736730],1066853,102652
2368,[04:23:40.9235704],1092659,95540
2369,[04:23:40.9740721],1158424,100412
2370,[04:23:41.0237427],1145999,96573
2371,[04:23:41.0736952],1119351,98636
2372,[04:23:41.1241067],1183451,99151
2373,[04:23:41.1740250],1138471,96534
2374,[04:23:41.2240579],1123420,98489
2375,[04:23:41.2741561],1146145,97968
2376,[04:23:41.3243953],1146976,99947
2377,[04:23:41.3745778],1130855,99960
2378,[04:23:41.4242189],1115889,97375
2379,[04:23:41.4742526],1145584,95306
2380,[04:23:41.5245908],1075379,100544
2381,[04:23:41.5745078],1167876,97558
2382,[04:23:41.6245487],1161757,99435
2383,[04:23:41.6744974],1154705,100184
2384,[04:23:41.7246289],1132071,96980
2385,[04:23:41.7748696],1173045,94858
2386,[04:23:41.8249006],1120660,96756
2387,[04:23:41.8751207],1133215,100043
2388,[04:23:41.9248942],1155504,102176
2389,[04:23:41.9754085],1149000,96284
2390,[04:23:42.0251676],1134588,99021
2391,[04:23:42.0752913],1146503,93229
2392,[04:23:42.1254035],1182274,102815
2393,[04:23:42.1752961],1140370,97068
2394,[04:23:42.2254070],1121889,100602
2395,[04:23:42.2754910],1113465,99537
2396,[04:23:42.3257144],1129928,100777
