Predicted duration,0.5,,,
Predicted error,6.6,,,
Predicted start,07:01:55,,,
Notes,none,,,
FrameNum,timeInfo,signal-target,signal-track1,signal-track2
0,[07:00:56.1380851],30753,4859809,93669
1,[07:00:56.2887483],38127,4893245,113381
2,[07:00:56.4386799],50189,5225585,101489
3,[07:00:56.5877651],36396,5124304,96915
4,[07:00:56.7413412],38410,4829558,125534
5,[07:00:56.8877779],41899,5166968,93049
6,[07:00:57.0395969],46767,4971452,117845
7,[07:00:57.1881119],51276,4783422,102219
8,[07:00:57.3394248],32167,4899233,111520
9,[07:00:57.4886658],37080,4941548,106360
10,[07:00:57.6388367],37615,4859324,117449
11,[07:00:57.7918211],35112,4773656,89720
12,[07:00:57.9400555],38431,4790707,103150
13,[07:00:58.0886919],39385,4580476,106476
14,[07:00:58.2401493],33592,5021782,90669
15,[07:00:58.3886937],31669,4692990,103960
16,[07:00:58.5387267],30113,4801652,89545
17,[07:00:58.6905521],32455,4524694,91023
18,[07:00:58.8388984],22069,4816251,61067
19,[07:00:58.9887962],30827,4753227,92056
20,[07:00:59.1393147],32469,5069279,85164
21,[07:00:59.2890504],41052,5310471,87219
22,[07:00:59.4393380],35190,4838129,91974
23,[07:00:59.5893415],35205,4987347,107020
24,[07:00:59.7397144],33986,4724226,93764
25,[07:00:59.8898832],41259,4899535,105570
26,[07:01:00.0395437],34091,4711040,105300
27,[07:01:00.1915452],38958,4904502,100663
28,[07:01:00.3401560],33645,4583629,106499
29,[07:01:00.4901106],32918,4578716,105816
30,[07:01:00.6396967],39535,5345405,98841
31,[07:01:00.7899094],38588,4537814,109437
32,[07:01:00.9408978],44346,5336381,81619
33,[07:01:01.0910542],45034,5046450,101734
34,[07:01:01.2432392],45075,5129173,108512
35,[07:01:01.3907328],37485,4987331,93722
36,[07:01:01.5406326],45140,5177586,114745
37,[07:01:01.6919835],42634,5226973,123045
38,[07:01:01.8404182],42710,4689494,117530
39,[07:01:01.9907843],36731,4821447,112759
40,[07:01:02.1413518],44220,5121931,102900
41,[07:01:02.2906708],37011,4986225,105658
42,[07:01:02.4410402],25814,5294731,115327
43,[07:01:02.5907624],33307,5052428,94779
44,[07:01:02.7427847],36729,4957436,99524
45,[07:01:02.8910981],41417,5062395,110108
46,[07:01:03.0415449],42448,4721267,106560
47,[07:01:03.1923500],43802,4969091,125094
48,[07:01:03.3426699],43098,5327950,118825
49,[07:01:03.4912820],40426,4858221,109645
50,[07:01:03.6445941],48297,5403944,99642
51,[07:01:03.7923399],36408,5367968,127809
52,[07:01:03.9417571],42958,5350150,126262
53,[07:01:04.0916255],45181,4898898,101084
54,[07:01:04.2431060],38413,4586488,116200
55,[07:01:04.3938136],45653,4993124,112135
56,[07:01:04.5419558],36919,4827542,128214
57,[07:01:04.6921128],34044,4553062,95385
58,[07:01:04.8438042],35211,4907323,83189
59,[07:01:04.9921528],36813,5083538,105562
60,[07:01:05.1435059],31260,4775685,87016
61,[07:01:05.2923564],33772,4551415,106093
62,[07:01:05.4454820],45325,4832946,110383
63,[07:01:05.5924980],42838,4635134,101621
64,[07:01:05.7428666],35073,4652141,90134
65,[07:01:05.8941273],30709,4518640,70081
66,[07:01:06.0441350],31885,4683683,68457
67,[07:01:06.1928516],34180,4750469,88654
68,[07:01:06.3427459],34105,4812340,101070
69,[07:01:06.4957771],37668,5146755,99499
70,[07:01:06.6460528],37752,5218012,113611
71,[07:01:06.7929217],36162,5178298,122621
72,[07:01:06.9452374],34826,5043951,111511
73,[07:01:07.0934149],33676,5096423,89786
74,[07:01:07.2448722],27372,4615418,108131
75,[07:01:07.3933130],40854,4875063,91884
76,[07:01:07.5443912],47018,5102021,120762
77,[07:01:07.6951253],40552,5049287,101857
78,[07:01:07.8449360],42385,5106688,111934
79,[07:01:07.9961677],41914,5042821,120836
80,[07:01:08.1454645],41302,4835969,114537
81,[07:01:08.2955411],33194,4642036,101720
82,[07:01:08.4439384],39588,4980027,98603
83,[07:01:08.5952972],38592,4933296,99130
84,[07:01:08.7442880],37161,5018612,101343
85,[07:01:08.8971617],35464,4594987,97895
86,[07:01:09.0446064],36414,5211810,104614
87,[07:01:09.1943417],34672,4883610,96620
88,[07:01:09.3464773],38382,4901765,96808
89,[07:01:09.4944610],41855,5321115,98028
90,[07:01:09.6447821],32559,4738177,94967
91,[07:01:09.7980028],36036,4856104,101408
92,[07:01:09.9463205],37088,4380409,81621
93,[07:01:10.0953407],29816,4496243,90290
94,[07:01:10.2473783],28835,5198684,87988
95,[07:01:10.3947809],31191,4461840,83892
96,[07:01:10.5459572],20912,4480269,77240
97,[07:01:10.6950215],32636,4605565,99838
98,[07:01:10.8471589],38544,4541186,94629
99,[07:01:10.9975139],32815,5262017,87659
100,[07:01:11.1452153],38385,5191933,85964
101,[07:01:11.2954593],35321,5093245,114407
102,[07:01:11.4481084],33975,5028542,109889
103,[07:01:11.5955607],51478,4434228,111135
104,[07:01:11.7456603],37289,4811424,109801
105,[07:01:11.8982329],39258,5036895,97636
106,[07:01:12.0479100],35039,4783053,95599
107,[07:01:12.1976765],29696,4670435,82904
108,[07:01:12.3460625],33561,4352083,90806
109,[07:01:12.4981806],29192,4502097,91267
110,[07:01:12.6463032],28314,4786924,92751
111,[07:01:12.7969235],35341,4527988,110013
112,[07:01:12.9493741],32890,4741174,94530
113,[07:01:13.0963561],34280,5447215,109890
114,[07:01:13.2464130],32656,4883686,92493
115,[07:01:13.3967042],39969,4485813,96179
116,[07:01:13.5480947],36325,5472924,100953
117,[07:01:13.6983203],37446,5379994,112407
118,[07:01:13.8474425],41940,4834635,103000
119,[07:01:13.9985563],30811,5042704,105225
120,[07:01:14.1467704],34318,5582134,104977
121,[07:01:14.2992252],30412,4596758,84542
122,[07:01:14.4470383],32834,4418635,92288
123,[07:01:14.5987757],36496,4436541,86292
124,[07:01:14.7493716],37612,5136695,105990
125,[07:01:14.8973458],37447,4961921,97560
126,[07:01:15.0483782],38128,5121226,85698
127,[07:01:15.1979244],44298,4427130,94326
128,[07:01:15.3491392],41599,4588751,102435
129,[07:01:15.4978628],42100,5162926,93962
130,[07:01:15.6494852],42645,5433013,109999
131,[07:01:15.7979127],39603,5179222,112737
132,[07:01:15.9492030],41206,5323620,103655
133,[07:01:16.0980168],36022,4892535,103755
134,[07:01:16.2486142],36275,5072917,108572
135,[07:01:16.3981079],41712,4937227,101639
136,[07:01:16.5496862],39287,5183627,116939
137,[07:01:16.6982401],45221,4506382,119839
138,[07:01:16.8499672],36909,5649719,120865
139,[07:01:17.0011253],39510,4862392,113716
140,[07:01:17.1484010],35428,5576057,113975
141,[07:01:17.3005920],42527,5026049,97974
142,[07:01:17.4489489],44328,5098317,107880
143,[07:01:17.5993581],45027,4831583,108514
144,[07:01:17.7517628],34427,5080960,110597
145,[07:01:17.9011293],34241,4573345,111486
146,[07:01:18.0495187],36675,5133154,112985
147,[07:01:18.2011563],39045,5261362,117072
148,[07:01:18.3495722],38380,5167829,107210
149,[07:01:18.5002438],36789,4650486,119803
150,[07:01:18.6510366],31640,5147746,113482
151,[07:01:18.7995761],38732,5130996,120912
152,[07:01:18.9510887],34796,4946765,116567
153,[07:01:19.0998321],36517,5029645,116616
154,[07:01:19.2499222],45532,4908909,105818
155,[07:01:19.3997947],37055,5048627,106792
156,[07:01:19.5514166],30916,4699769,111750
157,[07:01:19.7015436],45002,5523605,106700
158,[07:01:19.8512318],45488,5097381,114685
159,[07:01:20.0018123],47115,5105038,103504
160,[07:01:20.1522290],40401,5124535,111114
161,[07:01:20.3003279],36671,5143051,99943
162,[07:01:20.4503479],36343,4780054,102957
163,[07:01:20.6009585],39865,4796429,110523
164,[07:01:20.7523580],31366,4805483,108389
165,[07:01:20.9009517],39863,4623110,107536
166,[07:01:21.0506919],40929,5167652,124809
167,[07:01:21.2011373],40418,5177782,117009
168,[07:01:21.3531406],44879,4850969,110680
169,[07:01:21.5008144],41679,5172611,99821
170,[07:01:21.6523261],31426,5229447,119429
171,[07:01:21.8033905],40583,4988155,104415
172,[07:01:21.9511095],41481,5301276,106721
173,[07:01:22.1020410],41729,4812933,137948
174,[07:01:22.2516096],45810,4594471,103531
175,[07:01:22.4024912],35063,4580118,110650
176,[07:01:22.5532986],43703,4474583,115864
177,[07:01:22.7021438],42830,5018856,119203
178,[07:01:22.8531758],40640,4908424,118199
179,[07:01:23.0033393],41746,4578005,102618
180,[07:01:23.1518107],38702,4754768,123095
181,[07:01:23.3018540],41776,4950843,116370
182,[07:01:23.4552457],41437,4795143,107162
183,[07:01:23.6019246],45743,5358184,109845
184,[07:01:23.7520302],41485,5319367,111602
185,[07:01:23.9034350],41306,5243037,115765
186,[07:01:24.0523353],41949,4484968,115816
187,[07:01:24.2026338],46178,4972083,116364
188,[07:01:24.3523346],45062,5117424,107426
189,[07:01:24.5030039],44133,4839036,122774
190,[07:01:24.6564153],39219,4348052,134321
191,[07:01:24.8033243],37415,5296537,109743
192,[07:01:24.9546088],46595,5332197,92539
193,[07:01:25.1029496],47401,4728847,113681
194,[07:01:25.2528204],42258,4748605,120680
195,[07:01:25.4030450],39959,4701882,98541
196,[07:01:25.5551876],46728,4857528,119273
197,[07:01:25.7037584],40230,5779616,100823
198,[07:01:25.8555257],39525,5278717,102386
199,[07:01:26.0032472],34788,5193671,110091
200,[07:01:26.1537850],45826,4736471,107344
201,[07:01:26.3057903],45832,5098299,137499
202,[07:01:26.4538949],41493,5445218,114279
203,[07:01:26.6061489],39108,4995629,125039
204,[07:01:26.7554479],43630,5311423,113814
205,[07:01:26.9048341],42873,5007048,123452
206,[07:01:27.0538299],38779,4728720,128004
207,[07:01:27.2039549],37897,5049543,129170
208,[07:01:27.3546853],35205,5132441,97824
209,[07:01:27.5048613],44156,5024376,119320
210,[07:01:27.6545867],42168,5543672,105725
211,[07:01:27.8068599],35475,5376918,105013
212,[07:01:27.9558774],38680,5108149,119093
213,[07:01:28.1044200],39875,5154070,98910
214,[07:01:28.2577131],38411,5063144,95746
215,[07:01:28.4071600],34530,4636344,134842
216,[07:01:28.5545753],36809,4822688,125713
217,[07:01:28.7048898],36877,4742500,123443
218,[07:01:28.8549381],39703,5035414,113266
219,[07:01:29.0071339],35748,4854376,107150
220,[07:01:29.1565756],37191,4735353,109197
221,[07:01:29.3058792],37259,4561606,112709
222,[07:01:29.4576032],41303,4861358,108644
223,[07:01:29.6077329],34282,4861731,94988
224,[07:01:29.7554058],38131,5252548,113787
225,[07:01:29.9083654],36126,4652216,101239
226,[07:01:30.0556420],45938,5107717,115654
227,[07:01:30.2061348],39628,5288590,99222
228,[07:01:30.3557264],40029,4798488,123908
229,[07:01:30.5062257],34476,4826345,110402
230,[07:01:30.6581986],27744,5017958,84249
231,[07:01:30.8083629],41570,5033646,100501
232,[07:01:30.9577394],36088,4877626,100772
233,[07:01:31.1070351],38071,5130740,92864
234,[07:01:31.2564984],39088,4972597,101563
235,[07:01:31.4060784],42835,4710469,112272
236,[07:01:31.5567170],30135,4933907,96005
237,[07:01:31.7101540],37482,4593850,121434
238,[07:01:31.8579196],42961,4463298,105017
239,[07:01:32.0069379],36581,5001900,106688
240,[07:01:32.1570288],37241,4853715,116874
241,[07:01:32.3089026],39528,4870906,102317
242,[07:01:32.4565515],44182,4997918,102339
243,[07:01:32.6066386],37035,5254203,108021
244,[07:01:32.7603818],45351,5136794,107231
245,[07:01:32.9080910],38040,5043551,115761
246,[07:01:33.0570076],45425,5025146,119378
247,[07:01:33.2088794],35842,4949909,108468
248,[07:01:33.3570792],38533,4865401,105002
249,[07:01:33.5094795],43671,4764947,111869
250,[07:01:33.6572462],46701,5051308,96834
251,[07:01:33.8074339],34682,5063415,117091
252,[07:01:33.9598276],43629,4994255,123447
253,[07:01:34.1086564],40991,4644015,116179
254,[07:01:34.2591650],32942,5106771,101632
255,[07:01:34.4107871],32300,4747279,98868
256,[07:01:34.5596856],25866,5188590,91138
257,[07:01:34.7078279],33268,4795347,102107
258,[07:01:34.8596905],41454,5072062,104707
259,[07:01:35.0089129],35320,4972529,101119
260,[07:01:35.1610753],30759,4855482,114753
261,[07:01:35.3087846],33145,4884046,92138
262,[07:01:35.4600804],36415,4895496,102135
263,[07:01:35.6104920],45328,5233985,112841
264,[07:01:35.7595892],38586,5144044,117683
265,[07:01:35.9100489],39821,5304124,111903
266,[07:01:36.0594128],40787,5305075,125793
267,[07:01:36.2103522],38536,4779311,105589
268,[07:01:36.3586749],45900,4399391,106740
269,[07:01:36.5090550],48361,4885008,123056
270,[07:01:36.6588468],38941,4829830,115660
271,[07:01:36.8089815],37681,4923251,98770
272,[07:01:36.9618814],43471,5321901,108181
273,[07:01:37.1106757],39342,5073504,101975
274,[07:01:37.2623689],36365,4533230,98935
275,[07:01:37.4094393],39035,4930997,97374
276,[07:01:37.5609059],43281,5181835,125455
277,[07:01:37.7124539],41192,4910592,98023
278,[07:01:37.8595022],35065,5043757,92501
279,[07:01:38.0111526],36521,5085785,100481
280,[07:01:38.1614362],32516,4911673,109803
281,[07:01:38.3096594],35305,4817548,99005
282,[07:01:38.4597902],28685,4523370,95640
283,[07:01:38.6115185],31497,5023236,79093
284,[07:01:38.7640548],39708,5283080,86663
285,[07:01:38.9125099],32010,4852104,88813
286,[07:01:39.0599899],35369,5156393,92410
287,[07:01:39.2119436],39113,4372654,82549
288,[07:01:39.3604416],42389,4746324,86989
289,[07:01:39.5102755],41269,4564054,100080
290,[07:01:39.6624614],33132,4740547,87948
291,[07:01:39.8115956],38012,4697752,101445
292,[07:01:39.9617888],42095,4901098,121775
293,[07:01:40.1106503],48621,4878274,113528
294,[07:01:40.2633688],46686,4696402,108847
295,[07:01:40.4124301],42568,5066307,113309
296,[07:01:40.5607596],39598,4942252,109967
297,[07:01:40.7109721],32358,4596015,99219
298,[07:01:40.8620266],37228,4905252,101065
299,[07:01:41.0133209],38195,4650368,113835
300,[07:01:41.1617528],41864,4953699,119960
301,[07:01:41.3125409],37158,4894525,112542
302,[07:01:41.4632206],39924,4652361,121631
303,[07:01:41.6122634],38807,4935637,110387
304,[07:01:41.7613778],40698,5063326,112508
305,[07:01:41.9116702],43315,5316330,123399
306,[07:01:42.0632346],32087,5229104,111931
307,[07:01:42.2118745],41139,4987943,102889
308,[07:01:42.3640288],41150,4851849,114679
309,[07:01:42.5154051],34748,5032061,89747
310,[07:01:42.6620489],32295,4572174,85779
311,[07:01:42.8121339],29605,4612092,88479
312,[07:01:42.9660055],31264,5056612,78191
313,[07:01:43.1124280],27512,5158419,94608
314,[07:01:43.2649691],19123,4629668,47634
315,[07:01:43.4124838],16154,4288204,26018
316,[07:01:43.5641528],16880,4094673,59789
317,[07:01:43.7144463],19928,4699402,62210
318,[07:01:43.8635024],14283,5059626,24380
319,[07:01:44.0144173],12247,4383696,16112
320,[07:01:44.1642481],15885,4201327,31004
321,[07:01:44.3129375],17027,4777404,60118
322,[07:01:44.4630225],27702,4612563,68443
323,[07:01:44.6150506],27674,4894780,67848
324,[07:01:44.7630165],24759,4276908,85825
325,[07:01:44.9132774],24591,4975540,83319
326,[07:01:45.0653804],29520,4908178,99483
327,[07:01:45.2136520],40178,4590751,79124
328,[07:01:45.3661990],32686,4879604,105990
329,[07:01:45.5134066],29667,5051732,109686
330,[07:01:45.6655086],37671,5054199,86528
331,[07:01:45.8160758],27499,4792271,91443
332,[07:01:45.9640364],44168,4935900,109813
333,[07:01:46.1139146],39545,5100690,120360
334,[07:01:46.2677044],39258,4822133,127830
335,[07:01:46.4140812],48368,4991014,110673
336,[07:01:46.5647389],40026,5191709,116566
337,[07:01:46.7141343],41955,4719394,113686
338,[07:01:46.8662064],42251,5211722,109323
339,[07:01:47.0145236],43373,4966811,101377
340,[07:01:47.1645698],33340,5104051,112297
341,[07:01:47.3177508],39511,5207083,115356
342,[07:01:47.4646814],43450,5118228,98920
343,[07:01:47.6145890],41334,5012265,100105
344,[07:01:47.7660235],38336,4695285,98491
345,[07:01:47.9158757],38674,5212596,119483
346,[07:01:48.0665120],41045,4700908,103296
347,[07:01:48.2151775],42690,5047809,126850
348,[07:01:48.3648967],37718,5455279,106193
349,[07:01:48.5182887],43902,5441098,90514
350,[07:01:48.6659921],38637,4940047,117732
351,[07:01:48.8153397],37008,4752047,113151
352,[07:01:48.9661240],39832,4754882,130445
353,[07:01:49.1156073],47552,5005877,107899
354,[07:01:49.2657729],37176,4860999,98842
355,[07:01:49.4181667],40229,5330432,118465
356,[07:01:49.5663332],41570,4830349,106216
357,[07:01:49.7186522],44012,4974828,126300
358,[07:01:49.8663023],38137,5415258,117494
359,[07:01:50.0160073],42617,4886600,114168
360,[07:01:50.1677063],35925,4478828,110143
361,[07:01:50.3159840],34316,5323933,112073
362,[07:01:50.4662424],39004,4888740,109010
363,[07:01:50.6177634],39986,5190899,98038
364,[07:01:50.7684475],37276,4736051,115921
365,[07:01:50.9167300],50127,4946703,88133
366,[07:01:51.0664931],39693,4929909,106654
367,[07:01:51.2182084],39447,4697092,110676
368,[07:01:51.3685801],39706,4750820,119532
369,[07:01:51.5166096],44256,4852078,106663
370,[07:01:51.6685263],44959,5200121,135995
371,[07:01:51.8168653],36932,4920191,111304
372,[07:01:51.9703964],40048,4762010,106063
373,[07:01:52.1172907],41238,5314561,100454
374,[07:01:52.2688264],38060,4693564,105870
375,[07:01:52.4198177],44476,4864049,105744
376,[07:01:52.5680385],35196,5325533,125383
377,[07:01:52.7193503],40893,5012599,106523
378,[07:01:52.8689138],40772,4461483,103807
379,[07:01:53.0190885],35424,4923766,99182
380,[07:01:53.1676133],34878,5161271,108210
381,[07:01:53.3178611],38019,5067900,90237
382,[07:01:53.4708886],30946,5246114,92629
383,[07:01:53.6208784],30301,5065066,89070
384,[07:01:53.7680181],30377,4938951,87238
385,[07:01:53.9200932],36627,4644367,111034
386,[07:01:54.0697349],34456,4639086,95514
387,[07:01:54.2197867],35548,4763734,92814
388,[07:01:54.3682255],42607,4977748,111892
389,[07:01:54.5208167],35305,4876181,114538
390,[07:01:54.6684860],40539,4896826,114488
391,[07:01:54.8196431],36198,5080895,85807
392,[07:01:54.9709549],36913,5235624,93581
393,[07:01:55.1209865],35720,4958193,113163
394,[07:01:55.2704938],37937,4684453,102707
395,[07:01:55.4187630],38564,5081474,102523
396,[07:01:55.5690188],36967,5056247,92951
397,[07:01:55.7206607],38759,4745352,118517
398,[07:01:55.8695449],30540,4862517,104111
399,[07:01:56.0190627],38563,5185736,105750
400,[07:01:56.1694027],38507,4442544,104544
401,[07:01:56.3191400],34555,5185207,113056
402,[07:01:56.4717446],33140,4451174,86273
403,[07:01:56.6198062],37644,4940883,92458
404,[07:01:56.7708351],36653,5029578,103716
405,[07:01:56.9212050],42010,4946436,106135
406,[07:01:57.0697703],44494,5039377,127435
407,[07:01:57.2200349],42165,5452186,112624
408,[07:01:57.3715826],36929,5087201,89075
409,[07:01:57.5208749],36857,4917391,98925
410,[07:01:57.6700142],29766,4460126,69892
411,[07:01:57.8220968],26970,4886736,83918
412,[07:01:57.9701613],27608,5357553,60987
413,[07:01:58.1204486],27380,4680245,68613
414,[07:01:58.2717794],36734,4879476,90806
415,[07:01:58.4215467],29675,4491316,70243
416,[07:01:58.5721321],27405,4294830,85863
417,[07:01:58.7204669],28174,4869260,85968
418,[07:01:58.8707172],31968,4581254,59179
419,[07:01:59.0224157],28839,5051995,82521
420,[07:01:59.1707935],27121,4595186,90889
421,[07:01:59.3208327],32232,4783824,66080
422,[07:01:59.4729015],30436,4962733,98787
423,[07:01:59.6221078],39424,5043108,96729
424,[07:01:59.7735968],40108,4544433,107624
425,[07:01:59.9210338],43704,4636770,98432
426,[07:02:00.0728596],37345,4912465,97593
427,[07:02:00.2213244],30397,4821144,100689
428,[07:02:00.3717386],31331,4349155,88329
429,[07:02:00.5249180],32009,4781805,95547
430,[07:02:00.6725407],28579,4496314,75974
431,[07:02:00.8237482],21247,4609219,70671
432,[07:02:00.9716599],30813,4477876,75326
433,[07:02:01.1227946],29826,4666627,84820
434,[07:02:01.2745174],20768,4724320,75893
435,[07:02:01.4239641],35480,4530123,85273
436,[07:02:01.5727065],26427,4614165,81573
437,[07:02:01.7238025],33577,4685968,90510
438,[07:02:01.8739651],28464,4206089,68250
439,[07:02:02.0234247],32784,4777151,73969
440,[07:02:02.1750218],28601,4702946,83480
441,[07:02:02.3248373],36737,4961153,86095
442,[07:02:02.4742494],29298,5118002,85660
443,[07:02:02.6229741],35149,5087426,88808
444,[07:02:02.7754915],33113,4872355,81002
445,[07:02:02.9240675],25894,4952057,105019
446,[07:02:03.0746854],33671,4903101,98073
447,[07:02:03.2229321],29977,4594199,95933
448,[07:02:03.3736560],32649,4890139,87944
449,[07:02:03.5256353],22693,4886619,109273
450,[07:02:03.6732936],29355,4694022,89575
451,[07:02:03.8257373],30458,4829576,98459
452,[07:02:03.9749642],28363,5198469,105482
453,[07:02:04.1256038],38485,4963032,82667
454,[07:02:04.2752831],33515,4925836,77823
455,[07:02:04.4255266],24815,5089905,85510
456,[07:02:04.5740969],31722,4913551,102494
457,[07:02:04.7257002],37806,4839682,102198
458,[07:02:04.8756224],35762,4620929,111174
459,[07:02:05.0263729],38061,5271100,108558
460,[07:02:05.1738393],38586,4622776,102165
461,[07:02:05.3249286],44437,4602236,102834
462,[07:02:05.4762206],38123,4884829,98300
463,[07:02:05.6248850],34855,5086854,91239
464,[07:02:05.7756646],31148,4860782,104705
465,[07:02:05.9244601],36731,4819106,98863
466,[07:02:06.0745820],30679,4853178,93732
467,[07:02:06.2278984],31187,4634966,98855
468,[07:02:06.3755152],34105,4556200,104344
469,[07:02:06.5246923],36201,4655955,93376
470,[07:02:06.6748343],41965,5129813,100910
471,[07:02:06.8248669],34390,5024523,97564
472,[07:02:06.9750478],36412,5252863,101463
473,[07:02:07.1249507],39999,5274091,99836
474,[07:02:07.2750529],43139,4975285,124492
475,[07:02:07.4276123],38504,4957119,114377
476,[07:02:07.5753094],43841,4786771,109403
477,[07:02:07.7253366],38339,5277483,113515
478,[07:02:07.8770561],44077,4664789,97145
479,[07:02:08.0273518],32447,4938809,113381
480,[07:02:08.1772742],29710,4718848,79158
481,[07:02:08.3279181],34472,4901118,101175
482,[07:02:08.4756689],33793,4748702,98474
483,[07:02:08.6264464],34425,5136803,114598
484,[07:02:08.7773004],31277,4859939,98245
485,[07:02:08.9276213],36633,4872527,114894
486,[07:02:09.0779673],35748,4822552,92605
487,[07:02:09.2260333],33944,4888418,88703
488,[07:02:09.3781954],26875,5058558,80628
489,[07:02:09.5287498],25182,4639391,90298
490,[07:02:09.6765290],33604,4571915,73502
491,[07:02:09.8280880],28597,5014527,95488
492,[07:02:09.9795223],38780,5057978,97610
493,[07:02:10.1308341],44835,4961856,90542
494,[07:02:10.2768012],25800,4806561,99956
495,[07:02:10.4287978],34982,5246896,104910
496,[07:02:10.5776063],40626,4877133,96697
497,[07:02:10.7301201],33091,5096721,88005
498,[07:02:10.8790304],31637,4941756,114440
499,[07:02:11.0302015],42300,4880101,98484
500,[07:02:11.1773870],32934,4870357,100859
501,[07:02:11.3273437],41753,5208314,103647
502,[07:02:11.4772709],39958,5011338,112642
503,[07:02:11.6290493],40632,5269290,98723
504,[07:02:11.7791935],34791,4997978,99813
505,[07:02:11.9282156],34867,4680527,113593
506,[07:02:12.0784004],38242,4894756,102017
507,[07:02:12.2278177],38756,4591978,91533
508,[07:02:12.3794998],32383,4788187,93863
509,[07:02:12.5278248],28974,4623878,76914
510,[07:02:12.6779443],27360,4501443,89227
511,[07:02:12.8280932],27839,5388349,91340
512,[07:02:12.9785869],38051,4549545,117913
513,[07:02:13.1297566],41622,4893821,85186
514,[07:02:13.2790188],37920,4931604,94923
515,[07:02:13.4303582],31733,4470915,101116
516,[07:02:13.5785775],34609,5224488,97079
517,[07:02:13.7304727],30852,4716369,108498
518,[07:02:13.8803118],36929,4526548,134836
519,[07:02:14.0297573],46918,4726668,118452
520,[07:02:14.1807720],38446,4673059,106558
521,[07:02:14.3309784],32018,4159857,100571
522,[07:02:14.4789141],35564,4665581,109574
523,[07:02:14.6289004],34504,4952916,111495
524,[07:02:14.7805179],35582,4577838,102208
525,[07:02:14.9309493],42513,5067345,112127
526,[07:02:15.0795497],41231,5468382,110451
527,[07:02:15.2307082],39158,4826031,114746
528,[07:02:15.3812456],37663,5028612,112210
529,[07:02:15.5295074],40621,5286871,115303
530,[07:02:15.6796623],37701,4931370,94683
531,[07:02:15.8315602],35051,5246106,104380
532,[07:02:15.9827140],34714,4804732,95780
533,[07:02:16.1314240],33929,4638644,97808
534,[07:02:16.2799751],31113,4589151,91067
535,[07:02:16.4309153],24501,5173084,84620
536,[07:02:16.5803235],33010,4569506,81282
537,[07:02:16.7308389],44756,4524915,88632
538,[07:02:16.8805532],44649,4708256,106912
539,[07:02:17.0325945],40215,4799622,94634
540,[07:02:17.1828775],32504,5123750,103362
541,[07:02:17.3305461],40133,5069488,111104
542,[07:02:17.4836106],44958,5040054,101556
543,[07:02:17.6306814],29051,5036520,110871
544,[07:02:17.7808174],36498,5146414,125207
545,[07:02:17.9327178],39700,4809005,99409
546,[07:02:18.0812429],31538,4842744,105057
547,[07:02:18.2332530],36370,4733254,73837
548,[07:02:18.3809191],36543,4658151,85654
549,[07:02:18.5312931],31562,4669752,72896
550,[07:02:18.6813037],33634,4874061,85205
551,[07:02:18.8331962],32581,4528285,93687
552,[07:02:18.9812719],39643,5000126,117239
553,[07:02:19.1342335],36509,5192999,93633
554,[07:02:19.2815012],39393,5069357,101050
555,[07:02:19.4335789],37761,5172560,101641
556,[07:02:19.5817956],36267,4900850,101796
557,[07:02:19.7343331],18841,4449242,92270
558,[07:02:19.8818007],30989,4787972,78329
559,[07:02:20.0320776],28114,4816202,78633
560,[07:02:20.1819282],36172,4746278,78835
561,[07:02:20.3327744],33567,4756692,81996
562,[07:02:20.4849659],34003,5059803,100844
563,[07:02:20.6322856],38954,4530453,105209
564,[07:02:20.7823907],39696,5458914,105395
565,[07:02:20.9356865],41100,4690222,105498
566,[07:02:21.0823914],39534,4776766,103958
567,[07:02:21.2347204],40946,4752096,107247
568,[07:02:21.3828392],49447,5017598,100334
569,[07:02:21.5331831],40404,4791935,116596
570,[07:02:21.6827732],51420,4961715,117557
571,[07:02:21.8335864],42247,4680632,112502
572,[07:02:21.9830491],46855,4813641,128308
573,[07:02:22.1332123],43048,4976430,114587
574,[07:02:22.2831255],35576,4423514,122664
575,[07:02:22.4332780],36074,5137381,83806
576,[07:02:22.5853126],42801,4664596,111275
577,[07:02:22.7332182],45073,5155167,117222
578,[07:02:22.8863224],36917,4370567,121367
579,[07:02:23.0361145],38161,4644738,124189
580,[07:02:23.1835969],42455,4678714,116102
581,[07:02:23.3338410],47115,4851434,122137
582,[07:02:23.4852799],43293,4738547,116323
583,[07:02:23.6355831],37937,4936146,107556
584,[07:02:23.7876852],39472,4481586,108929
585,[07:02:23.9338772],44268,5093483,103727
586,[07:02:24.0845742],34414,4643392,110178
587,[07:02:24.2351324],39235,5522676,117463
588,[07:02:24.3848458],43049,5220006,115851
589,[07:02:24.5362520],36293,4793158,115709
590,[07:02:24.6882300],36200,4547059,89481
591,[07:02:24.8360636],36491,4635104,87090
592,[07:02:24.9848233],35611,4815569,75784
593,[07:02:25.1345250],23948,4721120,90786
594,[07:02:25.2861944],25766,4710093,79612
595,[07:02:25.4346882],21242,4729773,50124
596,[07:02:25.5876817],25773,4367264,44987
597,[07:02:25.7370889],30748,4159199,91564
598,[07:02:25.8859123],27849,4667504,90945
599,[07:02:26.0358642],28984,4864831,86202
600,[07:02:26.1850632],28030,4725960,89078
601,[07:02:26.3369623],38812,4931167,94549
602,[07:02:26.4871744],38182,5198334,93077
603,[07:02:26.6353053],30450,4451180,75772
604,[07:02:26.7869429],33731,4475290,82983
605,[07:02:26.9372526],31421,4558357,106486
606,[07:02:27.0877341],34281,4168647,86949
607,[07:02:27.2358083],31170,5023790,107927
608,[07:02:27.3873488],34210,5023825,106808
609,[07:02:27.5361442],38313,4870318,102017
610,[07:02:27.6896567],38408,5018731,99443
611,[07:02:27.8362740],30921,5117611,110257
612,[07:02:27.9862306],40070,4685249,113568
613,[07:02:28.1385256],37270,5292437,121144
614,[07:02:28.2862860],44367,5181558,133040
615,[07:02:28.4369302],48565,5012384,134400
616,[07:02:28.5868289],38529,4826288,117193
617,[07:02:28.7405548],38140,4865279,109019
618,[07:02:28.8865225],31090,5002940,89660
619,[07:02:29.0373664],42192,5014967,105729
620,[07:02:29.1887118],42375,4822178,117167
621,[07:02:29.3389719],48053,4995626,109308
622,[07:02:29.4871830],41578,5424650,107271
623,[07:02:29.6385882],40867,5108371,125326
624,[07:02:29.7881645],40898,5035522,112796
625,[07:02:29.9386790],42683,5098327,115378
626,[07:02:30.0872333],40104,5310533,107370
627,[07:02:30.2386494],39343,4865413,92751
628,[07:02:30.3873396],41778,4917721,99498
629,[07:02:30.5378314],36831,4961860,114233
630,[07:02:30.6897484],43976,5131231,106412
631,[07:02:30.8376040],41241,4755365,108063
632,[07:02:30.9900934],34860,4972103,114554
633,[07:02:31.1375139],31350,5087395,84217
634,[07:02:31.2886501],33384,4947050,73630
635,[07:02:31.4401584],31269,5354071,89357
636,[07:02:31.5881908],29034,4700154,99826
637,[07:02:31.7396336],39678,5118373,117829
638,[07:02:31.8908201],34469,5588768,90788
639,[07:02:32.0386541],49854,5079762,103699
640,[07:02:32.1882391],40676,4968322,114519
641,[07:02:32.3385282],31656,5005887,116568
642,[07:02:32.4898332],38998,5350556,120849
643,[07:02:32.6385787],39107,5333134,112421
644,[07:02:32.7905787],37903,4923104,119551
645,[07:02:32.9398620],32900,5296667,132439
646,[07:02:33.0901275],37734,4931069,106576
647,[07:02:33.2388196],35038,5063222,104646
648,[07:02:33.3910180],32958,4956402,101734
649,[07:02:33.5396622],44418,4445227,118803
650,[07:02:33.6904997],39277,4996587,112914
651,[07:02:33.8395463],38296,4824774,103818
652,[07:02:33.9900260],46736,5193621,105968
653,[07:02:34.1410067],33748,4732337,100875
654,[07:02:34.2893831],39862,4841621,109190
655,[07:02:34.4408899],30986,5027390,115350
656,[07:02:34.5905475],40663,4802560,111999
657,[07:02:34.7418041],37346,5009039,96638
658,[07:02:34.8895756],41938,4950339,107980
659,[07:02:35.0403335],40985,5226711,113014
660,[07:02:35.1899809],39638,4912628,107009
661,[07:02:35.3399496],34176,5093143,112379
662,[07:02:35.4916928],38615,4831661,104412
663,[07:02:35.6400906],41430,5226033,113694
664,[07:02:35.7932174],36206,4610247,108919
665,[07:02:35.9422127],40469,5072635,116007
666,[07:02:36.0904767],40002,5135610,99085
667,[07:02:36.2426290],32170,5077538,112691
668,[07:02:36.3905575],35678,4670819,110378
669,[07:02:36.5413653],43290,4995408,119065
670,[07:02:36.6945063],39719,4963770,112911
671,[07:02:36.8422552],34898,4899349,121255
672,[07:02:36.9910117],41897,5157475,110326
673,[07:02:37.1408959],44859,4641059,105467
674,[07:02:37.2925367],45855,4965185,116655
675,[07:02:37.4421267],41648,5013002,112745
676,[07:02:37.5919904],34572,4329513,111466
677,[07:02:37.7432725],33310,5034760,114036
678,[07:02:37.8930047],42265,4940831,91103
679,[07:02:38.0424945],44753,5128129,102467
680,[07:02:38.1913782],41191,4965095,115600
681,[07:02:38.3439365],36830,5148373,110944
682,[07:02:38.4930996],40932,5024941,95266
683,[07:02:38.6419652],40089,5115013,106183
684,[07:02:38.7918902],40080,5130594,120485
685,[07:02:38.9427087],41339,4929436,118104
686,[07:02:39.0922615],40659,5298616,124405
687,[07:02:39.2435927],36054,5208691,117535
688,[07:02:39.3937879],48359,4781299,106845
689,[07:02:39.5443078],33139,5053864,98563
690,[07:02:39.6923799],37817,4984793,105788
691,[07:02:39.8427615],35201,5024767,118971
692,[07:02:39.9944206],46238,4819028,110341
693,[07:02:40.1424674],38113,4770642,100918
694,[07:02:40.2961891],37387,5063392,100515
695,[07:02:40.4427113],43777,4851385,102472
696,[07:02:40.5935319],29851,4893368,113262
697,[07:02:40.7450772],39676,5052974,112097
698,[07:02:40.8928318],39082,4473430,112762
699,[07:02:41.0463586],38336,5196134,107447
700,[07:02:41.1934613],31269,5049155,105259
701,[07:02:41.3432083],40349,4909691,113553
702,[07:02:41.4951030],39690,5092296,84706
703,[07:02:41.6432456],36549,4845595,104762
704,[07:02:41.7937648],40887,5166589,102654
705,[07:02:41.9433461],36923,5024040,103578
706,[07:02:42.0939491],41023,5019104,101153
707,[07:02:42.2452928],41424,4817430,110029
708,[07:02:42.3943413],39710,5171030,118305
709,[07:02:42.5439376],31745,4999718,112613
710,[07:02:42.6953320],40052,4778476,110569
711,[07:02:42.8440784],44333,5079297,113392
712,[07:02:42.9940076],40409,4744920,106546
713,[07:02:43.1462939],37380,5173174,115680
714,[07:02:43.2963721],47071,4836502,111798
715,[07:02:43.4462623],37365,5189986,89065
716,[07:02:43.5943689],40168,4803436,100489
717,[07:02:43.7466277],34264,4989848,111430
718,[07:02:43.8979065],42988,4777544,118235
719,[07:02:44.0444885],39661,4854289,96188
720,[07:02:44.1946875],40900,4977930,94836
721,[07:02:44.3465203],40746,5254105,112003
722,[07:02:44.4950406],34001,4882347,105116
723,[07:02:44.6450546],25757,4824377,87570
724,[07:02:44.7955642],24372,4378280,76997
725,[07:02:44.9473943],30031,4814155,76514
726,[07:02:45.0959173],33022,4898608,94833
727,[07:02:45.2456792],33190,5181277,104053
728,[07:02:45.3970147],41525,4900934,101356
729,[07:02:45.5473895],38808,4748747,105818
730,[07:02:45.6954157],38695,4924967,112123
731,[07:02:45.8471885],43732,5038117,110289
732,[07:02:45.9958994],41079,5103977,109956
733,[07:02:46.1458252],45062,5123333,107466
734,[07:02:46.2957474],39960,5079323,96763
735,[07:02:46.4487068],42956,4752779,107451
736,[07:02:46.5983575],39047,4646936,97275
737,[07:02:46.7459890],37234,4912745,87796
738,[07:02:46.8985075],37454,4867947,111754
739,[07:02:47.0481991],35353,4577170,108414
740,[07:02:47.1963861],42708,5776843,95881
741,[07:02:47.3464732],38872,5006502,107828
742,[07:02:47.4989225],29446,5219969,91385
743,[07:02:47.6465903],31177,4731048,110354
744,[07:02:47.7973186],34350,4819713,91437
745,[07:02:47.9465363],36683,4411462,87880
746,[07:02:48.0988552],30721,4514313,99771
747,[07:02:48.2468363],30088,4589213,81582
748,[07:02:48.4004903],39901,4579923,102831
749,[07:02:48.5471606],35153,4891352,83154
750,[07:02:48.6973841],33198,4836696,101649
751,[07:02:48.8477984],36271,5032883,102910
752,[07:02:48.9971259],29839,4921122,89423
753,[07:02:49.1497283],27561,4358812,91756
754,[07:02:49.2974876],31492,5062559,80979
755,[07:02:49.4484869],29290,4434399,100092
756,[07:02:49.5975819],28007,5475413,69812
757,[07:02:49.7476013],29682,4820427,74342
758,[07:02:49.8978761],27544,5061047,69005
759,[07:02:50.0510227],23477,4473012,79997
760,[07:02:50.1979269],24487,4744175,53322
761,[07:02:50.3480790],27329,4873324,99310
762,[07:02:50.4999150],31153,4583441,91466
763,[07:02:50.6493826],30672,4859204,73424
764,[07:02:50.7995897],31439,4753519,79312
765,[07:02:50.9488268],32838,4896459,73233
766,[07:02:51.0993490],23542,4800269,62778
767,[07:02:51.2504849],24409,4900745,50901
768,[07:02:51.3984539],27533,4548697,68244
769,[07:02:51.5505596],21728,4490490,70817
770,[07:02:51.6987206],29549,4774074,83848
771,[07:02:51.8490410],25706,4773265,64885
772,[07:02:52.0007626],19358,4531845,84756
773,[07:02:52.1507045],31522,4659711,69689
774,[07:02:52.3001407],28725,4310204,53388
775,[07:02:52.4493642],21487,4312647,54041
776,[07:02:52.5990981],17817,4262761,46135
777,[07:02:52.7512737],23182,4751324,19230
778,[07:02:52.9017174],18751,4218158,47730
779,[07:02:53.0493944],12972,4252729,45636
780,[07:02:53.2030018],20138,4471784,54712
781,[07:02:53.3495472],23754,4558509,77041
782,[07:02:53.4996659],30432,5102127,84003
783,[07:02:53.6499571],34232,4791810,86670
784,[07:02:53.7998285],29540,5025146,102326
785,[07:02:53.9529398],31593,5010769,102271
786,[07:02:54.0999516],30187,4389651,79477
787,[07:02:54.2504315],32765,4776036,88864
788,[07:02:54.4018024],27613,4966699,85812
789,[07:02:54.5501425],36339,4854548,92090
790,[07:02:54.7003834],34588,4726255,81885
791,[07:02:54.8521469],43099,5253901,86453
792,[07:02:55.0026751],34775,4858793,85050
793,[07:02:55.1522097],27790,4769331,96629
794,[07:02:55.3010070],31683,4372462,93018
795,[07:02:55.4520542],30339,4804643,91081
796,[07:02:55.6008645],26632,5202110,90551
797,[07:02:55.7520279],30351,5521261,95930
798,[07:02:55.9024799],30878,5217771,98426
799,[07:02:56.0523905],22955,4713772,92190
800,[07:02:56.2012448],27125,4678111,90828