Predicted duration,0.52,,,
Predicted error,0.2,,,
Predicted start,00:22:05,,,
Notes,none,,,
FrameNum,timeInfo,signal-target,signal-track1
0,[00:21:45.1537860],40530,358564
1,[00:21:45.2047486],42161,359692
2,[00:21:45.2568083],41507,352898
3,[00:21:45.3080373],37939,368411
4,[00:21:45.3551811],39633,361492
5,[00:21:45.4060785],38605,354656
6,[00:21:45.4555685],41236,354391
7,[00:21:45.5060280],39882,377677
8,[00:21:45.5552901],41712,356484
9,[00:21:45.6056132],40369,364306
10,[00:21:45.6550860],44029,374559
11,[00:21:45.7058492],39047,366334
12,[00:21:45.7560493],39228,362698
13,[00:21:45.8057996],43419,350895
14,[00:21:45.8558937],38677,352138
15,[00:21:45.9058368],39337,366714
16,[00:21:45.9559219],40379,357832
17,[00:21:46.0055298],40160,369570
18,[00:21:46.0559394],42398,370534
19,[00:21:46.1062035],39333,344075
20,[00:21:46.1559946],42076,363996
21,[00:21:46.2063640],39084,363842
22,[00:21:46.2563595],40863,364258
23,[00:21:46.3066199],40033,350410
24,[00:21:46.3564091],40723,367706
25,[00:21:46.4066420],34265,368981
26,[00:21:46.4568460],36649,371330
27,[00:21:46.5084100],41409,362425
28,[00:21:46.5594185],39991,380449
29,[00:21:46.6086695],36816,363289
30,[00:21:46.6595416],39530,355807
31,[00:21:46.7090262],36026,369210
32,[00:21:46.7571319],37038,358601
33,[00:21:46.8086021],40459,358773
34,[00:21:46.8575011],39712,346093
35,[00:21:46.9070075],35535,359369
36,[00:21:46.9576044],39176,356113
37,[00:21:47.0077599],38614,360696
38,[00:21:47.0580028],39055,365387
39,[00:21:47.1092850],38525,381709
40,[00:21:47.1577917],41105,363311
41,[00:21:47.2077759],40602,347409
42,[00:21:47.2576264],36971,352360
43,[00:21:47.3066527],33588,356693
44,[00:21:47.3571875],36558,348567
45,[00:21:47.4070792],36947,342923
46,[00:21:47.4574072],39017,348512
47,[00:21:47.5085829],37705,356699
48,[00:21:47.5579176],37213,342772
49,[00:21:47.6078519],37990,349342
50,[00:21:47.6578210],35925,341049
51,[00:21:47.7079264],34375,334405
52,[00:21:47.7589995],36380,355809
53,[00:21:47.8076460],30917,339793
54,[00:21:47.8577408],37001,345831
55,[00:21:47.9089525],37568,339472
56,[00:21:47.9609797],35062,347311
57,[00:21:48.0088012],35572,338256
58,[00:21:48.0604419],37645,343195
59,[00:21:48.1079701],33678,354982
60,[00:21:48.1584928],39512,346895
61,[00:21:48.2083602],37599,345031
62,[00:21:48.2584768],37452,347734
63,[00:21:48.3086280],38850,332711
64,[00:21:48.3585772],38118,344955
65,[00:21:48.4087932],39382,353977
66,[00:21:48.4587274],38780,334658
67,[00:21:48.5094720],39944,342656
68,[00:21:48.5601501],39806,341111
69,[00:21:48.6106979],38699,366493
70,[00:21:48.6590180],40873,345150
71,[00:21:48.7099185],35805,355989
72,[00:21:48.7602275],34921,350049
73,[00:21:48.8093738],36885,339642
74,[00:21:48.8593000],36388,348584
75,[00:21:48.9102824],37138,359613
76,[00:21:48.9600512],37010,347871
77,[00:21:49.0103424],38340,347199
78,[00:21:49.0602685],37590,340351
79,[00:21:49.1097621],38182,361214
80,[00:21:49.1603117],36587,361346
81,[00:21:49.2099215],34428,372014
82,[00:21:49.2607083],37904,349880
83,[00:21:49.3124202],36434,358377
84,[00:21:49.3627234],36504,366129
85,[00:21:49.4119140],39232,354631
86,[00:21:49.4622279],35817,341391
87,[00:21:49.5114700],36288,361013
88,[00:21:49.5612730],39518,365669
89,[00:21:49.6114998],41648,358057
90,[00:21:49.6616681],36404,340884
91,[00:21:49.7115953],37688,355948
92,[00:21:49.7615549],40189,347420
93,[00:21:49.8118255],39872,353551
94,[00:21:49.8616946],36447,354615
95,[00:21:49.9115734],39870,350476
96,[00:21:49.9616860],39043,366601
97,[00:21:50.0122569],35363,355524
98,[00:21:50.0621500],37990,349026
99,[00:21:50.1129734],39432,362531
100,[00:21:50.1623646],35814,336738
101,[00:21:50.2130122],35282,353689
102,[00:21:50.2625283],37542,336110
103,[00:21:50.3130831],39907,352481
104,[00:21:50.3627644],38741,357783
105,[00:21:50.4126160],39157,338218
106,[00:21:50.4625985],34408,345157
107,[00:21:50.5129242],33768,355555
108,[00:21:50.5627154],31797,351395
109,[00:21:50.6129693],29373,363528
110,[00:21:50.6629638],31005,361325
111,[00:21:50.7119407],30705,359463
112,[00:21:50.7623212],36350,359481
113,[00:21:50.8123779],37515,360645
114,[00:21:50.8624348],37977,342234
115,[00:21:50.9124111],37739,355992
116,[00:21:50.9630462],38594,361193
117,[00:21:51.0129586],40930,362763
118,[00:21:51.0628606],38893,375553
119,[00:21:51.1133249],39506,360620
120,[00:21:51.1638817],39334,356879
121,[00:21:51.2127736],39702,359907
122,[00:21:51.2630810],37491,363622
123,[00:21:51.3131090],39344,360796
124,[00:21:51.3638651],36075,368953
125,[00:21:51.4131047],38435,362230
126,[00:21:51.4634087],39119,346520
127,[00:21:51.5138311],35141,353939
128,[00:21:51.5635761],37868,352340
129,[00:21:51.6135543],37737,356668
130,[00:21:51.6638469],40714,365398
131,[00:21:51.7146199],36528,373604
132,[00:21:51.7646705],34128,354787
133,[00:21:51.8144776],34350,374148
134,[00:21:51.8644835],36059,365376
135,[00:21:51.9143448],35312,355890
136,[00:21:51.9649143],36727,352960
137,[00:21:52.0144555],36914,351321
138,[00:21:52.0641722],33547,356816
139,[00:21:52.1154593],35402,348861
140,[00:21:52.1651412],35281,347706
141,[00:21:52.2146903],36300,351308
142,[00:21:52.2646217],33732,344410
143,[00:21:52.3145791],34470,345686
144,[00:21:52.3649173],36197,345888
145,[00:21:52.4146415],35867,345740
146,[00:21:52.4649628],33576,343253
147,[00:21:52.5157323],30464,347293
148,[00:21:52.5657150],31859,361155
149,[00:21:52.6158127],29267,366923
150,[00:21:52.6654923],28672,357340
151,[00:21:52.7155392],32054,359079
152,[00:21:52.7662059],30378,359085
153,[00:21:52.8155287],32389,355308
154,[00:21:52.8673246],32624,356326
155,[00:21:52.9167484],37482,362546
156,[00:21:52.9664588],36629,359782
157,[00:21:53.0167323],37463,362605
158,[00:21:53.0668901],35045,379639
159,[00:21:53.1171255],37385,363189
160,[00:21:53.1666496],39195,365364
161,[00:21:53.2171631],39368,343439
162,[00:21:53.2667926],36198,345670
163,[00:21:53.3170126],34877,354524
164,[00:21:53.3671708],36583,374480
165,[00:21:53.4172490],37310,358353
166,[00:21:53.4670926],34581,368398
167,[00:21:53.5173355],32595,365235
168,[00:21:53.5673720],35770,363173
169,[00:21:53.6179150],35846,350015
170,[00:21:53.6677454],36361,375171
171,[00:21:53.7175556],34339,360612
172,[00:21:53.7679331],40428,343463
173,[00:21:53.8179526],38997,370683
174,[00:21:53.8681627],36467,362922
175,[00:21:53.9179699],38754,355952
176,[00:21:53.9674016],36757,349115
177,[00:21:54.0177691],34575,373034
178,[00:21:54.0675572],30194,374554
179,[00:21:54.1183243],28554,374758
180,[00:21:54.1680731],31112,362425
181,[00:21:54.2186841],36059,351974
182,[00:21:54.2673843],35203,350440
183,[00:21:54.3181686],34674,363123
184,[00:21:54.3685589],32359,347457
185,[00:21:54.4186029],32863,355079
186,[00:21:54.4679869],36092,350030
187,[00:21:54.5182477],30840,369516
188,[00:21:54.5682969],32639,359422
189,[00:21:54.6185684],30596,361313
190,[00:21:54.6691668],30719,362425
191,[00:21:54.7183157],35034,361037
192,[00:21:54.7687310],32651,362691
193,[00:21:54.8184530],35745,357431
194,[00:21:54.8688936],34508,355216
195,[00:21:54.9195251],33100,352791
196,[00:21:54.9708284],35692,357291
197,[00:21:55.0190189],36499,363373
198,[00:21:55.0696079],38229,375560
199,[00:21:55.1194760],34219,366908
200,[00:21:55.1696459],35116,349645
201,[00:21:55.2189400],38412,360338
202,[00:21:55.2692778],35679,366174
203,[00:21:55.3199433],38759,356602
204,[00:21:55.3693997],35514,360309
205,[00:21:55.4203812],39219,362356
206,[00:21:55.4693000],36531,355073
207,[00:21:55.5199927],39371,347172
208,[00:21:55.5695357],41332,351725
209,[00:21:55.6197133],39512,369941
210,[00:21:55.6701273],34082,361831
211,[00:21:55.7199672],40837,373705
212,[00:21:55.7704186],40611,372272
213,[00:21:55.8204896],40222,358946
214,[00:21:55.8711814],38207,372977
215,[00:21:55.9213479],38436,368810
216,[00:21:55.9712051],39723,360194
217,[00:21:56.0201845],41394,357363
218,[00:21:56.0709941],38378,369456
219,[00:21:56.1210986],42969,381958
220,[00:21:56.1712468],39726,380041
221,[00:21:56.2204817],40046,367597
222,[00:21:56.2711940],36542,382729
223,[00:21:56.3210005],34519,372198
224,[00:21:56.3717312],41335,379748
225,[00:21:56.4215938],38470,358717
226,[00:21:56.4722428],37067,363496
227,[00:21:56.5220246],38692,371130
228,[00:21:56.5725113],38986,365246
229,[00:21:56.6225117],39171,372498
230,[00:21:56.6724465],37284,360720
231,[00:21:56.7224576],39456,373221
232,[00:21:56.7724334],37405,360546
233,[00:21:56.8233644],40264,360187
234,[00:21:56.8746254],38036,367955
235,[00:21:56.9226701],40735,363229
236,[00:21:56.9720507],44402,364195
237,[00:21:57.0227043],37686,356795
238,[00:21:57.0729696],38100,353643
239,[00:21:57.1237252],40425,365696
240,[00:21:57.1752335],38604,350466
241,[00:21:57.2247297],40723,376217
242,[00:21:57.2744010],38616,370312
243,[00:21:57.3237249],38643,339993
244,[00:21:57.3740385],37886,357972
245,[00:21:57.4237127],39356,362000
246,[00:21:57.4734401],40778,374496
247,[00:21:57.5237395],38260,362935
248,[00:21:57.5737058],40260,354452
249,[00:21:57.6234618],42383,381985
250,[00:21:57.6734140],38904,372779
251,[00:21:57.7230091],36667,376290
252,[00:21:57.7732013],37592,376390
253,[00:21:57.8240970],43697,366086
254,[00:21:57.8730534],40864,357795
255,[00:21:57.9233503],37026,353728
256,[00:21:57.9733975],35591,375693
257,[00:21:58.0232932],34201,379095
258,[00:21:58.0736553],34379,367829
259,[00:21:58.1233124],40320,362528
260,[00:21:58.1749099],38324,353744
261,[00:21:58.2262255],37476,351768
262,[00:21:58.2761151],39506,364565
263,[00:21:58.3246742],37461,362361
264,[00:21:58.3737276],40553,354017
265,[00:21:58.4239665],38394,359126
266,[00:21:58.4738878],36055,351381
267,[00:21:58.5247849],38703,369380
268,[00:21:58.5753859],35662,364895
269,[00:21:58.6257007],35157,356559
270,[00:21:58.6772131],36885,374451
271,[00:21:58.7251867],39112,365086
272,[00:21:58.7743972],37333,387069
273,[00:21:58.8247828],38212,359152
274,[00:21:58.8751236],33672,360939
275,[00:21:58.9250718],33370,375386
276,[00:21:58.9749724],37634,343105
277,[00:21:59.0251300],33363,367150
278,[00:21:59.0786765],39422,356532
279,[00:21:59.1290639],37161,356729
280,[00:21:59.1768741],37366,352111
281,[00:21:59.2269303],36430,349821
282,[00:21:59.2761641],37850,341324
283,[00:21:59.3252904],35351,345896
284,[00:21:59.3752474],39941,360477
285,[00:21:59.4264520],39310,364522
286,[00:21:59.4760623],40369,361550
287,[00:21:59.5257720],40512,346892
288,[00:21:59.5758527],36018,371573
289,[00:21:59.6262552],38732,375173
290,[00:21:59.6768384],39201,348410
291,[00:21:59.7257897],40072,360430
292,[00:21:59.7760836],40898,381223
293,[00:21:59.8264361],35084,375342
294,[00:21:59.8769073],36629,344643
295,[00:21:59.9271944],35599,358089
296,[00:21:59.9772580],36963,357438
297,[00:22:00.0283438],36052,370925
298,[00:22:00.0772808],37323,354595
299,[00:22:00.1276962],36813,367798
300,[00:22:00.1775796],34621,394549
301,[00:22:00.2277080],33495,379704
302,[00:22:00.2777462],36910,385815
303,[00:22:00.3279817],43997,373675
304,[00:22:00.3776700],40417,353794
305,[00:22:00.4274852],37659,376287
306,[00:22:00.4778093],36782,360947
307,[00:22:00.5277050],39079,362130
308,[00:22:00.5781413],37318,381172
309,[00:22:00.6280126],42293,372106
310,[00:22:00.6780732],45327,368654
311,[00:22:00.7301414],39594,364776
312,[00:22:00.7790334],40149,377558
313,[00:22:00.8289614],38496,390567
314,[00:22:00.8787356],40361,363675
315,[00:22:00.9290127],41776,381718
316,[00:22:00.9788059],39874,350456
317,[00:22:01.0285963],40245,373997
318,[00:22:01.0789609],35945,373583
319,[00:22:01.1288887],36435,376965
320,[00:22:01.1789662],40927,374999
321,[00:22:01.2285731],40149,365919
322,[00:22:01.2783895],36826,366585
323,[00:22:01.3284616],37634,377755
324,[00:22:01.3791732],40190,392985
325,[00:22:01.4288930],36754,380204
326,[00:22:01.4786979],40890,364684
327,[00:22:01.5287310],36990,356493
328,[00:22:01.5788502],41004,359913
329,[00:22:01.6291115],38379,368829
330,[00:22:01.6795434],38286,382666
331,[00:22:01.7295963],38812,360430
332,[00:22:01.7798296],32287,373814
333,[00:22:01.8296304],36164,380625
334,[00:22:01.8792681],35814,372379
335,[00:22:01.9295363],39111,361780
336,[00:22:01.9799885],41116,372435
337,[00:22:02.0298130],40673,363455
338,[00:22:02.0793217],42000,361974
339,[00:22:02.1298808],36428,352509
340,[00:22:02.1800215],38866,354809
341,[00:22:02.2297824],37570,361139
342,[00:22:02.2802279],37812,350027
343,[00:22:02.3304177],38581,382726
344,[00:22:02.3798925],37889,339201
345,[00:22:02.4300391],40107,362896
346,[00:22:02.4804844],39394,359892
347,[00:22:02.5311163],35954,379726
348,[00:22:02.5801316],40490,366594
349,[00:22:02.6306728],36646,363115
350,[00:22:02.6811779],39226,360934
351,[00:22:02.7312661],38400,370415
352,[00:22:02.7816239],38461,368152
353,[00:22:02.8306597],38952,357991
354,[00:22:02.8807142],39814,362919
355,[00:22:02.9308030],41214,358395
356,[00:22:02.9823157],36944,346405
357,[00:22:03.0310132],38911,350992
358,[00:22:03.0817944],37594,349184
359,[00:22:03.1316540],36986,362639
360,[00:22:03.1821354],36937,365766
361,[00:22:03.2320986],39307,352961
362,[00:22:03.2813130],38635,364287
363,[00:22:03.3321666],38579,355817
364,[00:22:03.3814544],37558,355505
365,[00:22:03.4316933],38969,357462
366,[00:22:03.4826558],39738,347156
367,[00:22:03.5326448],36959,349875
368,[00:22:03.5828137],40358,328433
369,[00:22:03.6329336],37167,349253
370,[00:22:03.6828652],40007,362930
371,[00:22:03.7331960],39628,344978
372,[00:22:03.7830546],39481,352442
373,[00:22:03.8330641],40649,339680
374,[00:22:03.8833150],42667,346369
375,[00:22:03.9333061],40014,356103
376,[00:22:03.9837094],39075,354750
377,[00:22:04.0336899],38792,358887
378,[00:22:04.0833875],42159,334410
379,[00:22:04.1336525],39383,339302
380,[00:22:04.1837496],42179,347766
381,[00:22:04.2334731],35899,364182
382,[00:22:04.2838491],40831,342094
383,[00:22:04.3336713],38520,362736
384,[00:22:04.3841538],37804,360776
385,[00:22:04.4342465],34774,364727
386,[00:22:04.4841701],36896,352117
387,[00:22:04.5340441],36100,359930
388,[00:22:04.5841891],40375,370698
389,[00:22:04.6340872],39688,346433
390,[00:22:04.6841475],36975,366965
391,[00:22:04.7343977],36064,360180
392,[00:22:04.7845710],35402,351068
393,[00:22:04.8342707],33162,360659
394,[00:22:04.8834639],34675,364795
395,[00:22:04.9338376],36167,344897
396,[00:22:04.9839518],36018,353527
397,[00:22:05.0337761],35853,344121
398,[00:22:05.0844124],35940,363278
399,[00:22:05.1340666],36038,357310
400,[00:22:05.1855388],35080,368531
401,[00:22:05.2354981],37995,362817
402,[00:22:05.2845341],34796,362718
403,[00:22:05.3345270],37953,366635
404,[00:22:05.3848091],3627,365821
405,[00:22:05.4353263],-1683,368780
406,[00:22:05.4857409],1766,353589
407,[00:22:05.5357968],876,356676
408,[00:22:05.5848549],1900,368965
409,[00:22:05.6351667],311,348086
410,[00:22:05.6854096],-1,335471
411,[00:22:05.7350102],600,367763
412,[00:22:05.7851570],915,353469
413,[00:22:05.8351298],2957,364496
414,[00:22:05.8876120],26046,348757
415,[00:22:05.9356725],33521,359704
416,[00:22:05.9855629],35774,347976
417,[00:22:06.0355633],32368,356073
418,[00:22:06.0859630],30118,357350
419,[00:22:06.1365314],31401,352006
420,[00:22:06.1858099],37059,344546
421,[00:22:06.2362636],35605,344056
422,[00:22:06.2862717],33388,346446
423,[00:22:06.3361994],37959,340014
424,[00:22:06.3861968],34631,353585
425,[00:22:06.4361515],37165,360156
426,[00:22:06.4866468],33728,364041
427,[00:22:06.5363195],39391,342160
428,[00:22:06.5863979],35315,358644
429,[00:22:06.6364019],36037,368784
430,[00:22:06.6866884],37675,372679
431,[00:22:06.7374728],33354,348176
432,[00:22:06.7872037],33252,341767
433,[00:22:06.8387971],29434,339413
434,[00:22:06.8869642],33283,356801
435,[00:22:06.9378625],35865,347122
436,[00:22:06.9868756],33573,361107
437,[00:22:07.0374070],34842,349688
438,[00:22:07.0875274],33769,351190
439,[00:22:07.1381073],34701,355258
440,[00:22:07.1885844],33185,349826
441,[00:22:07.2388760],36953,341612
442,[00:22:07.2909355],35643,340943
443,[00:22:07.3402310],37571,349302
444,[00:22:07.3884498],37214,351318
445,[00:22:07.4387003],36700,336955
446,[00:22:07.4887110],37838,352920
447,[00:22:07.5384524],37547,533208
448,[00:22:07.5895223],40264,368343
449,[00:22:07.6390705],35148,366333
450,[00:22:07.6889719],36077,373109
451,[00:22:07.7407034],36996,374844
452,[00:22:07.7892255],35914,382827
453,[00:22:07.8399849],35446,368519
454,[00:22:07.8898941],36582,349635
455,[00:22:07.9420775],37111,331994
456,[00:22:07.9918870],37474,338588
457,[00:22:08.0404865],37742,354672
458,[00:22:08.0908414],40201,372228
459,[00:22:08.1418971],39101,348688
460,[00:22:08.1906170],38187,352070
461,[00:22:08.2401872],28576,356757
462,[00:22:08.2899946],38488,365685
463,[00:22:08.3409708],38046,363835
464,[00:22:08.3901019],36576,363383
465,[00:22:08.4404321],39183,373702
466,[00:22:08.4901260],39947,371527
467,[00:22:08.5390796],40606,358634
468,[00:22:08.5909469],40272,356896
469,[00:22:08.6393312],35227,358399
470,[00:22:08.6911018],37499,367394
471,[00:22:08.7400750],39744,354826
472,[00:22:08.7901987],35696,360373
473,[00:22:08.8401521],39922,369211
474,[00:22:08.8902613],31137,369095
475,[00:22:08.9399329],31009,348254
476,[00:22:08.9900486],29618,360868
477,[00:22:09.0401189],32476,369626
478,[00:22:09.0902946],32101,356698
479,[00:22:09.1420735],30238,355429
480,[00:22:09.1907145],30657,361320
481,[00:22:09.2410706],30974,359556
482,[00:22:09.2902818],35850,352911
483,[00:22:09.3410140],32184,361079
484,[00:22:09.3904288],30687,364443
485,[00:22:09.4421353],35929,370501
486,[00:22:09.4910382],32306,355481
487,[00:22:09.5428130],34027,351106
488,[00:22:09.5918330],31276,364024
489,[00:22:09.6417559],34367,371371
490,[00:22:09.6930404],33152,378626
491,[00:22:09.7413284],33868,366599
492,[00:22:09.7926986],31040,375222
493,[00:22:09.8414039],31711,349821
494,[00:22:09.8916960],31987,374454
495,[00:22:09.9413446],35015,361742
496,[00:22:09.9915227],31416,369819
497,[00:22:10.0426288],32527,372325
498,[00:22:10.0917158],29558,358589
499,[00:22:10.1422188],29587,354322
500,[00:22:10.1921595],28031,351590
501,[00:22:10.2418915],22821,347644
502,[00:22:10.2927352],27146,356638
503,[00:22:10.3429547],27017,361367
504,[00:22:10.3924715],29058,370391
505,[00:22:10.4431882],21865,362484
506,[00:22:10.4924743],25520,357031
507,[00:22:10.5430245],25502,356738
508,[00:22:10.5923472],26515,348841
509,[00:22:10.6433874],24097,347668
510,[00:22:10.6944665],25299,367020
511,[00:22:10.7455556],30642,342949
512,[00:22:10.7946262],24218,381288
513,[00:22:10.8440205],22937,360631
514,[00:22:10.8939052],28814,353135
515,[00:22:10.9481913],28691,358308
516,[00:22:10.9941409],28662,357282
517,[00:22:11.0442293],29522,361433
518,[00:22:11.0942338],29887,363951
519,[00:22:11.1442740],31052,368869
520,[00:22:11.1950702],30734,361435
521,[00:22:11.2441590],29125,358308
522,[00:22:11.2943759],25016,345840
523,[00:22:11.3445737],25180,371467
524,[00:22:11.3947521],26449,360644
525,[00:22:11.4447189],26767,369974
526,[00:22:11.4947888],31045,335033
527,[00:22:11.5470473],31236,340133
528,[00:22:11.5950061],27215,353021
529,[00:22:11.6457322],25833,368368
530,[00:22:11.6957990],28119,349912
531,[00:22:11.7450872],28981,353716
532,[00:22:11.7953586],26078,368090
533,[00:22:11.8454462],26696,365722
534,[00:22:11.8945734],25449,329555
535,[00:22:11.9455367],27083,356751
536,[00:22:11.9955936],26868,365254
537,[00:22:12.0448188],28336,369237
538,[00:22:12.0949975],27538,376931
539,[00:22:12.1461325],24032,349894
540,[00:22:12.1962521],24507,337050
541,[00:22:12.2454010],28486,352267
542,[00:22:12.2952802],26328,358827
543,[00:22:12.3451797],25187,352325
544,[00:22:12.3968758],26561,348118
545,[00:22:12.4458737],31880,343739
546,[00:22:12.4957926],24491,377780
547,[00:22:12.5458451],30099,358874
548,[00:22:12.5957675],29597,352648
549,[00:22:12.6459380],25535,356746
550,[00:22:12.6970608],29939,364764
551,[00:22:12.7464952],28034,363748
552,[00:22:12.7961340],25370,341626
553,[00:22:12.8470457],26750,353863
554,[00:22:12.8958191],28988,365253
555,[00:22:12.9463283],27462,383294
556,[00:22:12.9965576],25809,346873
557,[00:22:13.0461819],28140,349648
558,[00:22:13.0963811],27677,366291
559,[00:22:13.1467572],28724,364439
560,[00:22:13.1978044],31331,363770
561,[00:22:13.2477786],28940,346904
562,[00:22:13.2977571],29900,335774
563,[00:22:13.3468798],32094,362935
564,[00:22:13.3974544],29833,352930
565,[00:22:13.4467273],32058,355714
566,[00:22:13.4984796],29541,350344
567,[00:22:13.5482308],28982,374156
568,[00:22:13.5978972],33009,364011
569,[00:22:13.6471504],29608,359170
570,[00:22:13.6973198],27297,356870
571,[00:22:13.7481009],27983,367433
572,[00:22:13.7975595],28868,363206
573,[00:22:13.8477221],29584,365464
574,[00:22:13.8973169],30188,357310
575,[00:22:13.9482541],30672,353714
576,[00:22:13.9982860],29819,367659
577,[00:22:14.0481724],30216,362352
578,[00:22:14.0976671],32150,368203
579,[00:22:14.1481089],34435,359203
580,[00:22:14.1982294],29275,385182
581,[00:22:14.2492515],26804,370475
582,[00:22:14.2990973],29077,360870
583,[00:22:14.3489506],31574,381862
584,[00:22:14.3991500],34643,364226
585,[00:22:14.4495232],31939,377287
586,[00:22:14.4995245],31085,362954
587,[00:22:14.5496223],32109,363577
588,[00:22:14.5997146],28434,349356
589,[00:22:14.6494617],30763,368627
590,[00:22:14.6996463],33542,355791
591,[00:22:14.7496401],24717,373750
592,[00:22:14.7996129],28561,371587
593,[00:22:14.8499611],31862,355640
594,[00:22:14.8992500],30640,355756
595,[00:22:14.9501044],33048,362261
596,[00:22:15.0004855],32127,366627
597,[00:22:15.0503246],32280,362463
598,[00:22:15.1013608],32987,362583
599,[00:22:15.1504437],32090,364218
600,[00:22:15.2005147],29662,351116
601,[00:22:15.2511598],27991,371601
602,[00:22:15.3006582],28129,346898
603,[00:22:15.3507798],28638,358168
604,[00:22:15.4007754],30413,358675
605,[00:22:15.4509133],32718,361390
606,[00:22:15.5009665],34288,366877
607,[00:22:15.5507584],25824,370409
608,[00:22:15.6007275],30492,376051
609,[00:22:15.6503860],29966,361504
610,[00:22:15.7009783],30298,375572
611,[00:22:15.7504158],30712,388151
612,[00:22:15.8007005],29048,372607
613,[00:22:15.8503395],30880,359875
614,[00:22:15.9006187],29542,372231
615,[00:22:15.9517476],33609,375797
616,[00:22:16.0009417],34175,370034
617,[00:22:16.0514395],31899,369239
618,[00:22:16.1009281],30996,364721
619,[00:22:16.1509543],27970,377888
620,[00:22:16.2010695],29152,370742
621,[00:22:16.2518435],31565,363006
622,[00:22:16.3017190],31397,360923
623,[00:22:16.3520493],29036,363898
624,[00:22:16.4013612],29948,364573
625,[00:22:16.4516787],33188,359703
626,[00:22:16.5024369],34361,363576
627,[00:22:16.5524188],33006,359741
628,[00:22:16.6033338],30827,386548
629,[00:22:16.6529961],31201,370413
630,[00:22:16.7020447],28678,368592
631,[00:22:16.7523519],26890,379311
632,[00:22:16.8021015],29860,388847
633,[00:22:16.8521067],29946,372928
634,[00:22:16.9031300],32510,365736
635,[00:22:16.9523400],30893,348301
636,[00:22:17.0026084],28463,368433
637,[00:22:17.0522437],29560,369141
638,[00:22:17.1029235],26754,354765
639,[00:22:17.1527720],28494,363666
640,[00:22:17.2028960],28703,354473
641,[00:22:17.2535508],28944,365206
642,[00:22:17.3034087],28215,362879
643,[00:22:17.3535330],27383,362280
644,[00:22:17.4030328],30757,356643
645,[00:22:17.4536668],31544,371856
646,[00:22:17.5037219],28143,371069
647,[00:22:17.5539783],28485,384253
648,[00:22:17.6039589],30718,365747
649,[00:22:17.6541166],31100,373833
650,[00:22:17.7034547],28342,352125
651,[00:22:17.7536458],26541,366975
652,[00:22:17.8041173],26808,348776
653,[00:22:17.8560991],27532,362261
654,[00:22:17.9048637],29627,386106
655,[00:22:17.9568067],27415,375215
656,[00:22:18.0068229],29022,359116
657,[00:22:18.0549692],29836,382165
658,[00:22:18.1049324],25096,374796
659,[00:22:18.1549714],27668,381696
660,[00:22:18.2050164],31419,361730
661,[00:22:18.2554138],31890,374870
662,[00:22:18.3049567],34328,355409
663,[00:22:18.3553572],33127,369769
664,[00:22:18.4056582],33656,366556
665,[00:22:18.4555377],33920,361023
666,[00:22:18.5055017],35299,377800
667,[00:22:18.5557492],36469,354586
668,[00:22:18.6075385],36633,360446
669,[00:22:18.6584649],32722,354841
670,[00:22:18.7084812],33489,357540
671,[00:22:18.7569038],36934,363680
672,[00:22:18.8059132],33505,381827
673,[00:22:18.8560382],34689,365226
674,[00:22:18.9058755],33577,375817
675,[00:22:18.9560527],34262,383932
676,[00:22:19.0066246],33049,366056
677,[00:22:19.0561897],38131,349586
678,[00:22:19.1064010],35842,371002
679,[00:22:19.1553165],33471,353563
680,[00:22:19.2057835],31084,353830
681,[00:22:19.2555435],32382,359062
682,[00:22:19.3064983],29857,364557
683,[00:22:19.3559179],32597,362809
684,[00:22:19.4058903],30415,365900
685,[00:22:19.4559180],26511,372659
686,[00:22:19.5060620],30336,363357
687,[00:22:19.5573100],29368,365770
688,[00:22:19.6065343],29924,363147
689,[00:22:19.6565820],32602,365145
690,[00:22:19.7071740],31890,362145
691,[00:22:19.7576519],33196,369956
692,[00:22:19.8074277],30349,368914
693,[00:22:19.8571163],31803,350573
694,[00:22:19.9076381],34729,370803
695,[00:22:19.9566785],30710,373784
696,[00:22:20.0069029],33344,364435
697,[00:22:20.0573684],32188,368828
698,[00:22:20.1083819],32248,370592
699,[00:22:20.1572332],30625,383419
700,[00:22:20.2072289],34488,353630
701,[00:22:20.2575176],34421,356345
702,[00:22:20.3076786],37670,364794
703,[00:22:20.3575432],33257,376542
704,[00:22:20.4076418],32099,369181
705,[00:22:20.4581347],36136,364474
706,[00:22:20.5080884],32786,360455
707,[00:22:20.5588749],34654,349568
708,[00:22:20.6079306],33833,376769
709,[00:22:20.6580503],35551,363527
710,[00:22:20.7090682],33800,372732
711,[00:22:20.7602772],30763,360556
712,[00:22:20.8085422],34264,348612
713,[00:22:20.8589703],33099,357895
714,[00:22:20.9083772],36520,363345
715,[00:22:20.9582632],33967,360887
716,[00:22:21.0089461],35098,364666
717,[00:22:21.0595841],34632,361012
718,[00:22:21.1090202],35086,363183
719,[00:22:21.1588876],32427,347331
720,[00:22:21.2092512],36833,342615
721,[00:22:21.2603214],35971,350569
722,[00:22:21.3091389],36123,351798
723,[00:22:21.3596298],37676,371884
724,[00:22:21.4096695],33714,370005
725,[00:22:21.4599886],34020,355337
726,[00:22:21.5102602],33469,350637
727,[00:22:21.5603898],30559,357497
728,[00:22:21.6101993],33464,356806
729,[00:22:21.6606158],28566,364333
730,[00:22:21.7103900],33955,364659
731,[00:22:21.7620253],28568,363159
732,[00:22:21.8103368],34572,354038
733,[00:22:21.8605856],31415,346137
734,[00:22:21.9104754],34294,366732
735,[00:22:21.9610102],32444,350435
736,[00:22:22.0106122],33759,366723
737,[00:22:22.0609655],28798,349443
738,[00:22:22.1106267],30244,341036
739,[00:22:22.1612212],33102,341413
740,[00:22:22.2111778],33765,351505
741,[00:22:22.2620823],37833,346014
742,[00:22:22.3113537],32213,365895
743,[00:22:22.3613834],34070,368974
744,[00:22:22.4115942],30386,377744
745,[00:22:22.4618946],29163,374480
746,[00:22:22.5117629],32477,358340
747,[00:22:22.5617479],35745,351753
748,[00:22:22.6115247],33697,354474
749,[00:22:22.6617708],34884,363924
750,[00:22:22.7111885],36489,360326
751,[00:22:22.7609729],34392,357809
752,[00:22:22.8112478],34664,355350
753,[00:22:22.8615953],37719,365853
754,[00:22:22.9114448],32737,348612
755,[00:22:22.9613448],37352,360606
756,[00:22:23.0113569],38000,368792
757,[00:22:23.0621752],39961,365929
758,[00:22:23.1127182],35230,364656
759,[00:22:23.1622738],36204,366027
760,[00:22:23.2116395],39477,361766
761,[00:22:23.2629355],36746,361106
762,[00:22:23.3119534],34277,359203
763,[00:22:23.3622924],36519,351108
764,[00:22:23.4119461],38447,361425
765,[00:22:23.4624573],33301,367942
766,[00:22:23.5144266],36049,359981
767,[00:22:23.5628979],36750,348038
768,[00:22:23.6134822],35680,341376
769,[00:22:23.6633734],36657,366910
770,[00:22:23.7127566],38446,378498
771,[00:22:23.7627040],36890,345451
772,[00:22:23.8128861],36096,351849
773,[00:22:23.8633276],33393,354133
774,[00:22:23.9132001],36680,365470
775,[00:22:23.9630760],37723,357107
776,[00:22:24.0129347],40239,363576
777,[00:22:24.0648900],37534,355882
778,[00:22:24.1195321],37478,362284
779,[00:22:24.1644096],38496,353409
780,[00:22:24.2130934],39888,356080
781,[00:22:24.2631721],40817,364403
782,[00:22:24.3134288],38684,344437
783,[00:22:24.3640231],36673,345661
784,[00:22:24.4143838],36245,354774
785,[00:22:24.4644393],33608,358943
786,[00:22:24.5138376],32961,342695
787,[00:22:24.5640743],35673,348081
788,[00:22:24.6151522],32410,344224
789,[00:22:24.6647556],36218,344439
790,[00:22:24.7150874],37130,337817
791,[00:22:24.7643845],37701,344909
792,[00:22:24.8154623],36870,351978
793,[00:22:24.8651543],34058,346591
794,[00:22:24.9154389],33929,361779
795,[00:22:24.9650279],32122,347907
796,[00:22:25.0154278],37175,359972
797,[00:22:25.0657935],34021,349210
798,[00:22:25.1154705],34404,361138
799,[00:22:25.1657721],32283,343213
800,[00:22:25.2158780],33737,335192
801,[00:22:25.2658568],35678,343626
802,[00:22:25.3162396],34083,323740
803,[00:22:25.3659556],34100,339988
804,[00:22:25.4156379],34167,328400
805,[00:22:25.4658691],30505,336831
806,[00:22:25.5161078],34651,347222
807,[00:22:25.5663037],34243,330262
808,[00:22:25.6163257],32481,334421
809,[00:22:25.6665051],34443,337199
810,[00:22:25.7226201],33585,331081
811,[00:22:25.7663888],36979,340962
812,[00:22:25.8177530],31368,334786
813,[00:22:25.8668372],33700,350774
814,[00:22:25.9167075],36112,360464
815,[00:22:25.9668543],36704,354090
816,[00:22:26.0171243],33167,358038
817,[00:22:26.0671619],38467,337671
818,[00:22:26.1170701],35801,350387
819,[00:22:26.1673997],34529,333291
820,[00:22:26.2161251],31915,334530
821,[00:22:26.2667234],35114,343141
822,[00:22:26.3170277],34365,331038
823,[00:22:26.3669520],28318,340664
824,[00:22:26.4165873],34749,342257
825,[00:22:26.4680836],31412,337920
826,[00:22:26.5166320],34653,328688
827,[00:22:26.5668203],33118,343538
828,[00:22:26.6168633],32212,342797
829,[00:22:26.6671631],35946,337437
830,[00:22:26.7169301],33523,343659
831,[00:22:26.7686816],34136,350753
832,[00:22:26.8178246],35048,349511
833,[00:22:26.8687195],31679,341418
834,[00:22:26.9174663],33920,324435
835,[00:22:26.9675188],38015,328890
836,[00:22:27.0176442],31962,342861
837,[00:22:27.0678719],34291,338771
838,[00:22:27.1178347],34903,304550
839,[00:22:27.1690429],31868,363342
840,[00:22:27.2252682],35685,345503
841,[00:22:27.2679219],32566,340114
842,[00:22:27.3196058],37108,333254
843,[00:22:27.3689506],36112,334797
844,[00:22:27.4191352],33397,336123
845,[00:22:27.4682234],37303,343127
846,[00:22:27.5182735],36522,345109
847,[00:22:27.5690479],36183,355599
848,[00:22:27.6188160],33289,332138
849,[00:22:27.6687056],35368,350334
850,[00:22:27.7233441],34008,342833
851,[00:22:27.7702234],34190,334473
852,[00:22:27.8225707],32564,341414
853,[00:22:27.8706439],37256,335021
854,[00:22:27.9207078],34748,350083
855,[00:22:27.9700431],33866,338644
856,[00:22:28.0199906],36425,347663
857,[00:22:28.0698084],34267,328836
858,[00:22:28.1201773],39303,338553
859,[00:22:28.1705607],37105,351281
860,[00:22:28.2198721],36199,357792
861,[00:22:28.2701276],40607,339427
862,[00:22:28.3205337],35819,332499
863,[00:22:28.3700871],36525,345369
864,[00:22:28.4199869],34696,342698
865,[00:22:28.4706769],38013,334628
866,[00:22:28.5222581],37745,367450
867,[00:22:28.5733312],36970,335291
868,[00:22:28.6229313],36272,342801
869,[00:22:28.6734382],35875,345630
870,[00:22:28.7214788],37402,333537
871,[00:22:28.7713489],34604,323404
872,[00:22:28.8217748],34806,336878
873,[00:22:28.8715968],32834,334328
874,[00:22:28.9213256],34726,328840
875,[00:22:28.9714145],35593,331843
876,[00:22:29.0214224],36297,334846
877,[00:22:29.0725828],38710,329210
878,[00:22:29.1211630],36467,335087
879,[00:22:29.1711131],35304,333578
880,[00:22:29.2236209],33470,330151
881,[00:22:29.2751361],39292,328751
882,[00:22:29.3251673],35421,340113
883,[00:22:29.3743964],38220,348301
884,[00:22:29.4238332],36139,340885
885,[00:22:29.4730561],34874,332274
886,[00:22:29.5222250],35811,334429
887,[00:22:29.5733880],32609,328803
888,[00:22:29.6233920],35052,345837
889,[00:22:29.6726754],34192,346410
890,[00:22:29.7226278],33579,331819
891,[00:22:29.7733759],34239,339616
892,[00:22:29.8244401],33452,332500
893,[00:22:29.8728126],35690,339676
894,[00:22:29.9221443],34833,325471
895,[00:22:29.9768169],32421,334071
896,[00:22:30.0225570],37130,334265
897,[00:22:30.0730786],36189,338708
898,[00:22:30.1223496],35925,353010
899,[00:22:30.1724731],36637,345079
900,[00:22:30.2231243],36668,333279
901,[00:22:30.2733118],35631,342902
902,[00:22:30.3254374],37404,349290
903,[00:22:30.3727549],37924,345729
904,[00:22:30.4232061],39471,338959
905,[00:22:30.4726804],40504,333583
906,[00:22:30.5238672],39928,333979
907,[00:22:30.5730070],36571,354783
908,[00:22:30.6234345],37845,353754
909,[00:22:30.6731382],37815,351487
910,[00:22:30.7235696],36117,344041
911,[00:22:30.7736730],37824,335177
912,[00:22:30.8240850],36983,348389
913,[00:22:30.8745602],35609,352008
914,[00:22:30.9249076],34511,351748
915,[00:22:30.9761029],33387,325014
916,[00:22:31.0249651],34306,326813
917,[00:22:31.0766205],34633,328309
918,[00:22:31.1322055],33237,339923
919,[00:22:31.1759598],34406,350103
920,[00:22:31.2255320],35760,321418
921,[00:22:31.2740258],37203,345036
922,[00:22:31.3256338],35780,345947
923,[00:22:31.3776848],34080,338054
924,[00:22:31.4262173],35828,348080
925,[00:22:31.4751711],33440,335138
926,[00:22:31.5254636],32620,350427
927,[00:22:31.5754359],34765,338738
928,[00:22:31.6253578],36023,345309
929,[00:22:31.6754140],38714,357963
930,[00:22:31.7254131],35667,337302
931,[00:22:31.7758592],36002,337515
932,[00:22:31.8270532],34116,335363
933,[00:22:31.8755963],37151,344488
934,[00:22:31.9267106],38247,338409
935,[00:22:31.9759455],38831,342382
936,[00:22:32.0258934],38092,340643
937,[00:22:32.0766108],34594,333467
938,[00:22:32.1262582],35781,343707
939,[00:22:32.1763827],34425,359391
940,[00:22:32.2265378],37524,337801
941,[00:22:32.2764404],38867,346016
942,[00:22:32.3272760],36891,339211
943,[00:22:32.3764397],38028,334388
944,[00:22:32.4266373],36554,353648
945,[00:22:32.4769802],38336,337830
946,[00:22:32.5265787],35463,341477
947,[00:22:32.5770662],34108,337332
948,[00:22:32.6269856],37715,345004
949,[00:22:32.6769276],37743,330512
950,[00:22:32.7271207],37049,345694
951,[00:22:32.7776121],39335,330801
952,[00:22:32.8280633],39930,331308
953,[00:22:32.8845822],39463,333782
954,[00:22:32.9274524],38194,348816
955,[00:22:32.9775513],35221,350546
956,[00:22:33.0276505],38308,354588
957,[00:22:33.0782597],35124,347148
958,[00:22:33.1276535],38443,345647
959,[00:22:33.1775220],39794,346088
960,[00:22:33.2280633],36270,341434
961,[00:22:33.2774599],40210,336065
962,[00:22:33.3285745],37070,333554
963,[00:22:33.3779050],36966,335913
964,[00:22:33.4283256],38347,340389
965,[00:22:33.4784843],33945,335044
966,[00:22:33.5285012],37810,339812
967,[00:22:33.5787692],33798,346570
968,[00:22:33.6288125],35124,330834
969,[00:22:33.6785443],34122,339086
970,[00:22:33.7283470],32006,332493
971,[00:22:33.7779221],35541,341614
972,[00:22:33.8301991],36594,333914
973,[00:22:33.8793307],36959,348946
974,[00:22:33.9287444],33892,336422
975,[00:22:33.9784322],36787,341356
976,[00:22:34.0289293],31763,337103
977,[00:22:34.0790881],30591,352734
978,[00:22:34.1290270],33999,336567
979,[00:22:34.1783111],34803,353808
980,[00:22:34.2285175],36745,348510
981,[00:22:34.2790161],41230,343299
982,[00:22:34.3303773],38226,363093
983,[00:22:34.3801299],35702,341081
984,[00:22:34.4287894],36892,356397
985,[00:22:34.4800403],38844,348368
986,[00:22:34.5302613],36763,349752
987,[00:22:34.5800840],39096,373348
988,[00:22:34.6295130],39818,374933
989,[00:22:34.6804079],35379,363238
990,[00:22:34.7297476],31753,359702
991,[00:22:34.7792495],36034,361991
992,[00:22:34.8299499],36974,361961
993,[00:22:34.8812495],35398,344922
994,[00:22:34.9301680],35306,349287
995,[00:22:34.9812492],35018,344152
996,[00:22:35.0367114],33518,342119
997,[00:22:35.0804063],36595,356812
998,[00:22:35.1307232],38584,343877
999,[00:22:35.1801933],36975,349257
1000,[00:22:35.2300383],40354,356197
1001,[00:22:35.2866045],40336,355561
1002,[00:22:35.3317491],39196,340509
1003,[00:22:35.3823490],39192,353662
1004,[00:22:35.4304142],39911,341898
1005,[00:22:35.4805776],34135,340849
1006,[00:22:35.5335203],35682,345313
1007,[00:22:35.5841220],36598,347738
1008,[00:22:35.6321939],35051,346071
1009,[00:22:35.6828690],36017,347771
1010,[00:22:35.7314975],35929,357140
1011,[00:22:35.7818657],37201,346326
1012,[00:22:35.8334868],35354,356825
1013,[00:22:35.8829754],37652,346931
1014,[00:22:35.9330664],39204,340429
1015,[00:22:35.9847321],36458,347302
1016,[00:22:36.0321663],39564,361703
1017,[00:22:36.0818670],37607,345188
1018,[00:22:36.1337694],38230,356208
1019,[00:22:36.1839449],39554,364283
1020,[00:22:36.2342943],37759,352438
1021,[00:22:36.2831996],35070,360162
1022,[00:22:36.3328745],33384,361472
1023,[00:22:36.3830959],37581,358581
1024,[00:22:36.4353700],40152,353923
1025,[00:22:36.4821292],35366,356779
1026,[00:22:36.5330609],36677,339715
1027,[00:22:36.5828117],41926,343435
1028,[00:22:36.6351841],39136,360551
1029,[00:22:36.6840631],40494,354041
1030,[00:22:36.7328082],37257,345123
1031,[00:22:36.7886643],40474,345129
1032,[00:22:36.8430651],38579,347663
1033,[00:22:36.8957759],37948,357147
1034,[00:22:36.9429914],38610,357181
1035,[00:22:36.9916017],38614,345946
1036,[00:22:37.0389529],40720,355292
1037,[00:22:37.0886955],40709,350719
1038,[00:22:37.1348842],38114,347291
1039,[00:22:37.1854196],36437,345944
1040,[00:22:37.2380247],41200,360281
1041,[00:22:37.2891287],40434,350408
1042,[00:22:37.3407155],34015,341866
1043,[00:22:37.3876071],34426,349122
1044,[00:22:37.4380784],41079,353268
1045,[00:22:37.4884765],36945,343126
1046,[00:22:37.5380255],36856,342020
1047,[00:22:37.5873000],38475,342461
1048,[00:22:37.6360690],35665,345344
1049,[00:22:37.6851596],32931,350555
1050,[00:22:37.7385429],36721,333685
1051,[00:22:37.7888821],32225,337771
1052,[00:22:37.8397001],36909,352694
1053,[00:22:37.8905664],39589,337681
1054,[00:22:37.9393889],38186,339464
1055,[00:22:37.9916732],38637,330288
1056,[00:22:38.0416117],37145,338971
1057,[00:22:38.0883463],33592,345270
1058,[00:22:38.1372762],36003,347684
1059,[00:22:38.1916455],40114,348747
1060,[00:22:38.2465017],38728,331278
1061,[00:22:38.2940091],36976,341099
1062,[00:22:38.3428210],39259,353620
1063,[00:22:38.3906046],37873,337948
1064,[00:22:38.4391718],36889,362195
1065,[00:22:38.4875009],36386,339517
1066,[00:22:38.5376434],36201,343299
1067,[00:22:38.5931692],38464,355194
1068,[00:22:38.6468592],40320,330682
1069,[00:22:38.6970254],39857,349142
1070,[00:22:38.7477580],39026,338820
1071,[00:22:38.7953811],38602,339482
1072,[00:22:38.8425193],35140,332243
1073,[00:22:38.8918487],39345,343190
1074,[00:22:38.9445709],37404,328169
1075,[00:22:38.9982364],41260,346026
1076,[00:22:39.0499449],38306,356175
1077,[00:22:39.1002213],38214,323600
1078,[00:22:39.1449472],40090,320757
1079,[00:22:39.1908500],35053,330043
1080,[00:22:39.2418627],36522,340799
1081,[00:22:39.2919645],37990,318262
1082,[00:22:39.3403589],38311,330723
1083,[00:22:39.3889177],34612,329640
1084,[00:22:39.4383901],35554,323687
1085,[00:22:39.4942445],35569,335288
1086,[00:22:39.5431940],35645,346109
1087,[00:22:39.5918245],36929,333573
1088,[00:22:39.6422831],39538,330224
1089,[00:22:39.6958655],37951,322648
1090,[00:22:39.7469407],39623,318120
1091,[00:22:39.7905799],36774,341612
1092,[00:22:39.8397714],36826,335159
1093,[00:22:39.8893564],35078,329541
1094,[00:22:39.9396948],34237,327071
1095,[00:22:39.9898339],36645,345061
1096,[00:22:40.0430121],36338,334573
1097,[00:22:40.0932747],36564,336129
1098,[00:22:40.1405774],39650,329168
1099,[00:22:40.1904696],40379,328781
1100,[00:22:40.2422643],35282,338522
1101,[00:22:40.2905879],37702,328253
1102,[00:22:40.3406820],33250,325559
1103,[00:22:40.3928613],34078,332356
1104,[00:22:40.4400911],33481,322534
1105,[00:22:40.4900178],34240,337892
1106,[00:22:40.5399179],38968,338075
1107,[00:22:40.5903896],39402,343285
1108,[00:22:40.6392724],33164,340290
1109,[00:22:40.6896341],32841,339605
1110,[00:22:40.7387833],35459,323222
1111,[00:22:40.7884385],35104,348540
1112,[00:22:40.8384672],37912,341929
1113,[00:22:40.8897535],35570,345934
1114,[00:22:40.9400374],34189,343602
1115,[00:22:40.9890610],34836,327315
1116,[00:22:41.0394726],37850,335763
1117,[00:22:41.0896868],40140,343728
1118,[00:22:41.1403954],37356,342234
1119,[00:22:41.1901503],37907,354067
1120,[00:22:41.2393075],34129,334011
1121,[00:22:41.2911404],37668,328659
1122,[00:22:41.3415072],39512,353196
1123,[00:22:41.3903866],38959,334907
1124,[00:22:41.4409539],34545,338744
1125,[00:22:41.4908130],34688,331500
1126,[00:22:41.5464133],34559,330724
1127,[00:22:41.5905058],32369,340982
1128,[00:22:41.6471248],31469,330183
1129,[00:22:41.6911604],34389,321540
1130,[00:22:41.7427387],34371,333875
1131,[00:22:41.7906790],36535,333578
1132,[00:22:41.8410112],37280,342315
1133,[00:22:41.8914386],35873,343037
1134,[00:22:41.9412633],37183,352324
1135,[00:22:41.9912758],37640,322695
1136,[00:22:42.0408719],33684,342497
1137,[00:22:42.0912487],34765,336996
1138,[00:22:42.1407810],36987,342445
1139,[00:22:42.1914212],41285,354704
1140,[00:22:42.2411750],37508,340820
1141,[00:22:42.2909379],37847,359866
1142,[00:22:42.3412787],39424,348728
1143,[00:22:42.3912737],35248,361063
1144,[00:22:42.4418659],37344,348401
1145,[00:22:42.4919623],31802,357328
1146,[00:22:42.5417614],36051,328082
1147,[00:22:42.5917871],38705,343677
1148,[00:22:42.6426213],37607,333760
1149,[00:22:42.6933226],37263,341426
1150,[00:22:42.7428979],38155,355591
1151,[00:22:42.7924287],37082,339644
1152,[00:22:42.8415445],35429,333596
1153,[00:22:42.8928895],37350,360446
1154,[00:22:42.9458070],38880,341039
1155,[00:22:42.9974816],39067,345409
1156,[00:22:43.0489917],37311,348435
1157,[00:22:43.0934186],37774,338716
1158,[00:22:43.1427334],33453,346595
1159,[00:22:43.1930146],35297,330666
1160,[00:22:43.2429173],35197,343603
1161,[00:22:43.2923658],39664,349946
1162,[00:22:43.3466392],38085,323418
1163,[00:22:43.3974015],40274,351648
1164,[00:22:43.4438639],40320,350628
1165,[00:22:43.4928535],40944,340066
1166,[00:22:43.5427378],38620,355707
1167,[00:22:43.5939521],41071,349441
1168,[00:22:43.6540155],36874,359551
1169,[00:22:43.6952208],37035,371822
1170,[00:22:43.7466040],35079,341516
1171,[00:22:43.7944177],40303,356139
1172,[00:22:43.8447194],40465,337724
1173,[00:22:43.8942256],40333,354462
1174,[00:22:43.9438761],40274,356518
1175,[00:22:43.9940972],37151,341000
1176,[00:22:44.0445898],35035,347668
1177,[00:22:44.0941290],39256,356322
1178,[00:22:44.1442942],37380,353949
1179,[00:22:44.1946508],37427,353926
1180,[00:22:44.2447068],38127,350342
1181,[00:22:44.2947970],40636,355570
1182,[00:22:44.3450781],37776,346685
1183,[00:22:44.3945007],41107,361096
1184,[00:22:44.4449578],40858,356184
1185,[00:22:44.4960927],37766,363234
1186,[00:22:44.5457533],40274,340053
1187,[00:22:44.5948891],40350,345041
1188,[00:22:44.6459671],41442,326172
1189,[00:22:44.6953106],39263,344042
1190,[00:22:44.7456732],41148,355446
1191,[00:22:44.7952544],40866,362339
1192,[00:22:44.8452335],38501,350359
1193,[00:22:44.8958737],38877,365866
1194,[00:22:44.9458713],37517,345121
1195,[00:22:44.9957329],40613,357308
1196,[00:22:45.0460776],40673,355915
1197,[00:22:45.0960658],38411,351626
1198,[00:22:45.1459858],40965,351843
1199,[00:22:45.1963512],42254,345564
1200,[00:22:45.2487633],38926,360104
1201,[00:22:45.2966977],41579,373345
1202,[00:22:45.3469915],40661,374220
