Predicted duration,14.6,,,
Predicted error,1.2,,,
Predicted start,01:44:06,,,
Notes,none,,,
FrameNum,timeInfo,signal-target,signal-track1,signal-track2
0,[01:43:36.1564729],23034,25015,9477
1,[01:43:36.2061718],21170,23940,6326
2,[01:43:36.2563118],23914,25048,7655
3,[01:43:36.3062312],22943,23759,8517
4,[01:43:36.3561493],22531,24010,7976
5,[01:43:36.4064160],22784,22747,7975
6,[01:43:36.4562443],24578,23885,10986
7,[01:43:36.5063764],23860,26621,7774
8,[01:43:36.5564186],25223,24287,9789
9,[01:43:36.6069810],25894,24141,9763
10,[01:43:36.6566287],25785,24788,7713
11,[01:43:36.7066940],20623,20717,8942
12,[01:43:36.7570687],21189,28321,7334
13,[01:43:36.8067895],22177,23460,9294
14,[01:43:36.8571923],22126,22059,6959
15,[01:43:36.9072198],21668,23134,6964
16,[01:43:36.9573020],25174,16960,6223
17,[01:43:37.0076387],23922,25194,10668
18,[01:43:37.0577477],27758,21121,9005
19,[01:43:37.1080268],22883,20468,10294
20,[01:43:37.1577690],24814,21779,8760
21,[01:43:37.2076173],22972,23302,9027
22,[01:43:37.2578952],21276,24922,9108
23,[01:43:37.3077908],24560,22525,5012
24,[01:43:37.3581235],23388,25159,9631
25,[01:43:37.4080871],22325,22670,11098
26,[01:43:37.4581583],25271,23050,7093
27,[01:43:37.5082332],25475,24458,10871
28,[01:43:37.5585866],22113,21289,8309
29,[01:43:37.6085296],23223,21130,10267
30,[01:43:37.6586201],23340,22285,8046
31,[01:43:37.7086299],22400,20699,9677
32,[01:43:37.7585992],21963,20871,9271
33,[01:43:37.8085688],27742,21158,7634
34,[01:43:37.8590618],23668,20756,7685
35,[01:43:37.9090844],20580,24342,9440
36,[01:43:37.9588128],25711,20572,8204
37,[01:43:38.0088779],21298,18327,10491
38,[01:43:38.0590817],21926,21932,8366
39,[01:43:38.1095599],24664,18328,8224
40,[01:43:38.1594877],24445,21622,9278
41,[01:43:38.2095736],26350,19554,6443
42,[01:43:38.2600435],20092,19168,9578
43,[01:43:38.3095103],20686,20740,7637
44,[01:43:38.3593406],19289,18558,10182
45,[01:43:38.4094138],22382,22393,8168
46,[01:43:38.4601376],24981,23282,8712
47,[01:43:38.5100725],23521,21947,9761
48,[01:43:38.5600225],25052,20176,7955
49,[01:43:38.6098227],23177,23667,5526
50,[01:43:38.6597485],22718,21780,7538
51,[01:43:38.7101034],22730,17613,7242
52,[01:43:38.7601085],20827,19048,8248
53,[01:43:38.8103688],23946,22246,9401
54,[01:43:38.8600846],25042,22415,8007
55,[01:43:38.9107502],28808,27008,9486
56,[01:43:38.9603850],17301,22477,10045
57,[01:43:39.0102361],22139,22233,10738
58,[01:43:39.0604937],23716,21732,8704
59,[01:43:39.1108746],19725,19564,9117
60,[01:43:39.1609112],23172,23116,7983
61,[01:43:39.2108455],23267,17579,8651
62,[01:43:39.2614122],26030,20244,8549
63,[01:43:39.3111298],22384,17519,6992
64,[01:43:39.3609450],21623,22809,6603
65,[01:43:39.4107524],23565,21270,8194
66,[01:43:39.4609964],25609,19562,7152
67,[01:43:39.5109100],22736,19844,7245
68,[01:43:39.5611846],22771,21237,5224
69,[01:43:39.6112027],22714,19919,8420
70,[01:43:39.6613464],19097,18866,4125
71,[01:43:39.7115483],21225,16603,6594
72,[01:43:39.7619062],26834,22524,6863
73,[01:43:39.8119471],16904,24569,6419
74,[01:43:39.8617516],23654,21367,7925
75,[01:43:39.9115346],27366,22019,6901
76,[01:43:39.9619711],22148,21031,7165
77,[01:43:40.0119925],22765,20037,7662
78,[01:43:40.0620100],19708,19781,10060
79,[01:43:40.1124735],21635,17141,7026
80,[01:43:40.1622027],25941,18094,6550
81,[01:43:40.2123540],22164,21914,9675
82,[01:43:40.2624730],22413,22582,5849
83,[01:43:40.3129502],23453,22141,8771
84,[01:43:40.3627241],20542,21368,6545
85,[01:43:40.4125605],24727,22079,8068
86,[01:43:40.4628042],21655,18155,9723
87,[01:43:40.5127326],21997,22776,7627
88,[01:43:40.5627131],17512,21926,7555
89,[01:43:40.6127642],19284,23935,6982
90,[01:43:40.6631069],22368,20536,6071
91,[01:43:40.7131696],19088,20137,7617
92,[01:43:40.7632481],20150,18451,5706
93,[01:43:40.8133863],18031,20345,8367
94,[01:43:40.8632189],25950,19018,6665
95,[01:43:40.9138112],24198,19998,6437
96,[01:43:40.9636092],28619,20373,6282
97,[01:43:41.0135792],24210,18272,8964
98,[01:43:41.0633766],22849,20773,10607
99,[01:43:41.1136075],21986,21954,10036
100,[01:43:41.1635605],20432,25147,7760
101,[01:43:41.2135302],22374,15480,8410
102,[01:43:41.2644968],25999,20383,9788
103,[01:43:41.3140186],28223,21349,8109
104,[01:43:41.3639370],21354,19720,9225
105,[01:43:41.4139583],24622,23788,7119
106,[01:43:41.4640417],22638,19439,8144
107,[01:43:41.5141008],18374,20585,6735
108,[01:43:41.5642906],19050,24491,9104
109,[01:43:41.6147941],21795,19946,7074
110,[01:43:41.6649242],17988,20894,7173
111,[01:43:41.7147660],19168,21761,8568
112,[01:43:41.7649016],19679,20891,9032
113,[01:43:41.8147008],26501,20875,10068
114,[01:43:41.8645561],24914,21595,8937
115,[01:43:41.9150897],21508,20401,7416
116,[01:43:41.9649088],21580,21312,6787
117,[01:43:42.0149322],25810,26799,8331
118,[01:43:42.0648821],23161,15720,5456
119,[01:43:42.1150587],21575,18858,7565
120,[01:43:42.1649674],19569,14772,7035
121,[01:43:42.2149638],23869,21018,9572
122,[01:43:42.2654057],23020,26207,7774
123,[01:43:42.3156250],25747,23727,7237
124,[01:43:42.3657178],20453,19450,8523
125,[01:43:42.4156707],20607,16823,10237
126,[01:43:42.4655327],21164,21805,7980
127,[01:43:42.5155655],24156,20014,5838
128,[01:43:42.5657709],22597,20897,8756
129,[01:43:42.6158746],17127,24556,6380
130,[01:43:42.6662341],18786,20220,8114
131,[01:43:42.7161199],17822,16086,7374
132,[01:43:42.7665077],20672,21670,8156
133,[01:43:42.8163730],19110,20007,5760
134,[01:43:42.8662479],19817,18572,6617
135,[01:43:42.9165268],19414,25211,7331
136,[01:43:42.9665209],22549,26307,8145
137,[01:43:43.0162181],22863,19429,10306
138,[01:43:43.0667285],15930,23512,8514
139,[01:43:43.1165641],19916,21295,5084
140,[01:43:43.1667450],20840,23516,6957
141,[01:43:43.2166279],21143,16246,4154
142,[01:43:43.2670325],16344,21068,4687
143,[01:43:43.3177751],14538,16950,2012
144,[01:43:43.3672306],15576,18345,4172
145,[01:43:43.4172774],17223,20516,7017
146,[01:43:43.4686619],17756,18783,5824
147,[01:43:43.5176881],16018,19182,3266
148,[01:43:43.5677275],14136,15935,2931
149,[01:43:43.6179937],14181,18053,3650
150,[01:43:43.6676935],14827,14638,2263
151,[01:43:43.7184568],20591,17355,3622
152,[01:43:43.7694617],18796,17743,4418
153,[01:43:43.8186582],20569,15552,3627
154,[01:43:43.8691239],15639,13813,2423
155,[01:43:43.9194741],17624,15724,4339
156,[01:43:43.9677669],15074,17804,2483
157,[01:43:44.0194314],13048,14297,1769
158,[01:43:44.0681220],17182,10224,3106
159,[01:43:44.1193865],18959,15914,2944
160,[01:43:44.1696606],15573,13725,3947
161,[01:43:44.2180463],15444,12646,3446
162,[01:43:44.2697297],14643,11582,2730
163,[01:43:44.3210441],16165,8099,1827
164,[01:43:44.3683564],18860,9706,4503
165,[01:43:44.4189016],16502,8292,2429
166,[01:43:44.4685968],20276,10807,2363
167,[01:43:44.5185636],17779,11985,3773
168,[01:43:44.5690770],16144,8751,3775
169,[01:43:44.6191661],21921,15346,5921
170,[01:43:44.6691854],17320,13632,2530
171,[01:43:44.7189947],19323,16628,4965
172,[01:43:44.7701344],20945,12057,7710
173,[01:43:44.8214064],23421,14820,5496
174,[01:43:44.8694309],19474,17976,7386
175,[01:43:44.9191491],21180,12573,6420
176,[01:43:44.9693234],21261,14468,5863
177,[01:43:45.0194570],19971,14295,7076
178,[01:43:45.0701009],16557,15358,5633
179,[01:43:45.1195517],23115,14104,7196
180,[01:43:45.1696790],18777,19831,7154
181,[01:43:45.2197845],16562,17460,5130
182,[01:43:45.2700953],18339,16262,6679
183,[01:43:45.3201610],17526,22084,7654
184,[01:43:45.3707067],20091,15501,5916
185,[01:43:45.4201347],22339,18381,6678
186,[01:43:45.4700912],19161,18429,4308
187,[01:43:45.5199915],18024,18442,9866
188,[01:43:45.5703014],21711,16049,8688
189,[01:43:45.6201575],18935,15241,7423
190,[01:43:45.6707341],24505,18561,7004
191,[01:43:45.7207457],18708,17302,7925
192,[01:43:45.7716847],17211,18032,6247
193,[01:43:45.8213734],21458,18172,7980
194,[01:43:45.8729597],18520,17103,7338
195,[01:43:45.9210241],18674,16616,3437
196,[01:43:45.9709268],24304,19352,6873
197,[01:43:46.0210392],21046,17352,6622
198,[01:43:46.0708798],21765,15460,7581
199,[01:43:46.1210471],25396,14739,6245
200,[01:43:46.1710371],20874,18914,8538
201,[01:43:46.2211597],16330,13321,8677
202,[01:43:46.2716340],23929,20893,6780
203,[01:43:46.3216998],21488,19489,7292
204,[01:43:46.3714870],17881,20962,4901
205,[01:43:46.4216707],18217,19475,7707
206,[01:43:46.4728113],20359,19851,6797
207,[01:43:46.5220580],21763,23830,7851
208,[01:43:46.5717358],21630,20702,6614
209,[01:43:46.6219217],23476,14483,7003
210,[01:43:46.6720446],19727,18160,7314
211,[01:43:46.7219666],19285,20849,6941
212,[01:43:46.7722436],22712,14059,10436
213,[01:43:46.8219987],20051,12712,8148
214,[01:43:46.8722395],20181,19467,7937
215,[01:43:46.9223984],23736,16217,10203
216,[01:43:46.9723143],25492,15792,10375
217,[01:43:47.0224760],22254,16170,7428
218,[01:43:47.0726838],25282,18170,11246
219,[01:43:47.1226393],22248,14807,8587
220,[01:43:47.1729463],21596,15522,8278
221,[01:43:47.2227123],24244,19977,8460
222,[01:43:47.2730117],29535,17641,7126
223,[01:43:47.3227867],22866,19386,8824
224,[01:43:47.3730797],22187,15910,6219
225,[01:43:47.4231270],22846,16874,9156
226,[01:43:47.4730590],24898,16344,8268
227,[01:43:47.5233954],21070,17036,7416
228,[01:43:47.5738844],19382,20363,7601
229,[01:43:47.6232477],21723,19644,6487
230,[01:43:47.6736482],19382,21829,9960
231,[01:43:47.7234102],23280,17648,7157
232,[01:43:47.7739648],23644,15369,7763
233,[01:43:47.8244094],23008,17770,8073
234,[01:43:47.8737171],19344,21677,7693
235,[01:43:47.9237555],17101,14839,9062
236,[01:43:47.9737768],16678,19657,7681
237,[01:43:48.0240578],20662,23276,6921
238,[01:43:48.0742954],24490,20731,7977
239,[01:43:48.1240566],25125,19307,8516
240,[01:43:48.1741049],21174,21840,7638
241,[01:43:48.2243962],23366,18306,8657
242,[01:43:48.2746177],24022,23619,7440
243,[01:43:48.3243570],21558,24590,7741
244,[01:43:48.3744382],24682,23257,8039
245,[01:43:48.4247478],23510,22535,6234
246,[01:43:48.4746323],22448,21277,7008
247,[01:43:48.5246571],22777,17840,9455
248,[01:43:48.5749342],17754,19728,7476
249,[01:43:48.6248215],21977,19251,7012
250,[01:43:48.6751722],22974,20155,4364
251,[01:43:48.7249655],20344,21053,6790
252,[01:43:48.7752430],19598,23617,7270
253,[01:43:48.8252210],21097,19567,7852
254,[01:43:48.8752604],22810,16210,6001
255,[01:43:48.9253222],23437,17542,7224
256,[01:43:48.9754970],19940,22155,6772
257,[01:43:49.0255517],23699,19230,7391
258,[01:43:49.0755212],18484,19844,8068
259,[01:43:49.1255882],22323,19588,5964
260,[01:43:49.1759353],21763,19361,6863
261,[01:43:49.2260429],23199,21315,6711
262,[01:43:49.2763479],25471,20509,9145
263,[01:43:49.3261912],19804,22519,5036
264,[01:43:49.3762691],20707,18010,6973
265,[01:43:49.4264186],22828,19156,6405
266,[01:43:49.4763261],22244,17268,8154
267,[01:43:49.5265789],25189,19391,10113
268,[01:43:49.5766938],19810,20518,5486
269,[01:43:49.6265733],18759,19761,4745
270,[01:43:49.6765298],21609,17501,6038
271,[01:43:49.7265442],22201,18914,5318
272,[01:43:49.7773079],20789,22304,7450
273,[01:43:49.8268819],21211,18546,9273
274,[01:43:49.8767704],26577,20876,9064
275,[01:43:49.9268551],21972,18128,7949
276,[01:43:49.9773449],18525,17799,12663
277,[01:43:50.0277733],22732,22077,6376
278,[01:43:50.0774816],19279,23355,7195
279,[01:43:50.1274522],23217,21570,8482
280,[01:43:50.1772233],26745,17884,7797
281,[01:43:50.2273588],25537,20999,7407
282,[01:43:50.2775418],21891,24532,9912
283,[01:43:50.3275257],23961,20742,10835
284,[01:43:50.3776569],23551,21964,8324
285,[01:43:50.4276434],21945,21195,8849
286,[01:43:50.4776094],24608,22586,10969
287,[01:43:50.5277011],23420,26814,11228
288,[01:43:50.5777789],23494,20105,10853
289,[01:43:50.6278715],20464,21707,10174
290,[01:43:50.6780976],20413,22806,6717
291,[01:43:50.7280018],21649,21804,7397
292,[01:43:50.7783852],21644,25506,9398
293,[01:43:50.8287712],23836,21997,6032
294,[01:43:50.8785548],25923,23871,6148
295,[01:43:50.9285797],22455,21937,8060
296,[01:43:50.9788385],23207,23282,8507
297,[01:43:51.0285714],23560,24480,7056
298,[01:43:51.0787137],20867,23307,8386
299,[01:43:51.1285419],20082,20773,6607
300,[01:43:51.1789190],21810,23027,9246
301,[01:43:51.2290221],22858,21033,7978
302,[01:43:51.2791188],28734,23063,10856
303,[01:43:51.3290644],22976,21324,10039
304,[01:43:51.3789957],25922,20414,9105
305,[01:43:51.4290664],21354,23996,7757
306,[01:43:51.4791385],20333,23896,5766
307,[01:43:51.5293487],22728,22879,8407
308,[01:43:51.5797850],22164,23457,8113
309,[01:43:51.6296653],25771,24053,7602
310,[01:43:51.6797224],25390,23334,9927
311,[01:43:51.7295360],24443,20579,8862
312,[01:43:51.7798658],19143,21136,7719
313,[01:43:51.8296847],22859,23938,11045
314,[01:43:51.8797361],23826,24723,5714
315,[01:43:51.9297956],25304,20839,7382
316,[01:43:51.9802259],22532,21071,6123
317,[01:43:52.0300920],22124,19044,8193
318,[01:43:52.0800973],23247,22543,8255
319,[01:43:52.1300937],24299,22160,6590
320,[01:43:52.1806256],21774,19416,7909
321,[01:43:52.2308681],26877,22662,10257
322,[01:43:52.2805884],22948,18531,9985
323,[01:43:52.3304351],19820,22193,6329
324,[01:43:52.3804928],20186,21504,9267
325,[01:43:52.4306862],20087,19112,9079
326,[01:43:52.4808192],24496,21131,7006
327,[01:43:52.5306639],17927,19501,6292
328,[01:43:52.5807579],20480,18218,5859
329,[01:43:52.6310169],24634,19646,9416
330,[01:43:52.6810540],23858,21594,7872
331,[01:43:52.7310619],24897,22869,10009
332,[01:43:52.7820006],22790,22933,8790
333,[01:43:52.8316125],22522,22170,6929
334,[01:43:52.8816060],23000,24294,4960
335,[01:43:52.9316779],23335,22716,4983
336,[01:43:52.9828496],26375,20864,7042
337,[01:43:53.0318522],23406,23259,7224
338,[01:43:53.0816404],21433,25449,8027
339,[01:43:53.1317411],20078,26519,7918
340,[01:43:53.1818436],20930,25958,8257
341,[01:43:53.2319779],22321,23450,7284
342,[01:43:53.2827160],19601,22608,5947
343,[01:43:53.3327860],21554,24402,8237
344,[01:43:53.3826759],20836,21477,7623
345,[01:43:53.4332689],19071,19531,8270
346,[01:43:53.4834910],23202,19781,5942
347,[01:43:53.5337257],19657,22966,9612
348,[01:43:53.5842495],21392,21436,6580
349,[01:43:53.6335364],20038,20717,8701
350,[01:43:53.6827979],24129,21604,4773
351,[01:43:53.7329641],22661,19373,7002
352,[01:43:53.7831149],21368,21414,5346
353,[01:43:53.8329904],23825,20803,8035
354,[01:43:53.8836246],22576,17640,7349
355,[01:43:53.9336037],20232,18059,8646
356,[01:43:53.9835658],19709,16010,4611
357,[01:43:54.0335685],22250,15932,6035
358,[01:43:54.0839241],20066,19836,4950
359,[01:43:54.1347503],20154,22115,6033
360,[01:43:54.1849769],19871,18751,7040
361,[01:43:54.2352137],22844,19185,6331
362,[01:43:54.2852532],20031,26545,8320
363,[01:43:54.3346280],21202,13685,9564
364,[01:43:54.3853937],23822,12298,8091
365,[01:43:54.4351570],17535,18209,5798
366,[01:43:54.4845206],23475,19964,7983
367,[01:43:54.5340287],20903,18882,5635
368,[01:43:54.5840634],21837,19405,5898
369,[01:43:54.6341487],20370,18564,4712
370,[01:43:54.6842453],18661,18623,8703
371,[01:43:54.7345768],21049,18520,9868
372,[01:43:54.7856121],22201,19643,7444
373,[01:43:54.8355618],22518,23090,7967
374,[01:43:54.8843978],22030,20744,7359
375,[01:43:54.9354096],23763,16228,10012
376,[01:43:54.9845926],20254,22129,7325
377,[01:43:55.0347526],24701,20427,5026
378,[01:43:55.0848842],22850,20192,11564
379,[01:43:55.1347936],22014,21532,8247
380,[01:43:55.1853412],20577,18640,8604
381,[01:43:55.2351184],21148,16049,8785
382,[01:43:55.2860226],17553,23797,7190
383,[01:43:55.3365228],17359,21308,4624
384,[01:43:55.3853363],21471,21251,6468
385,[01:43:55.4353435],18967,22003,9804
386,[01:43:55.4851846],24376,27245,7605
387,[01:43:55.5356090],24372,22934,7586
388,[01:43:55.5857718],23544,24965,10605
389,[01:43:55.6356023],19952,21522,6464
390,[01:43:55.6855978],24272,21194,5520
391,[01:43:55.7361993],22849,22412,8791
392,[01:43:55.7858798],23521,20040,7982
393,[01:43:55.8357581],23364,22169,10276
394,[01:43:55.8859971],22561,24368,8958
395,[01:43:55.9358818],21820,26275,6977
396,[01:43:55.9864807],25282,24966,10019
397,[01:43:56.0365615],21370,29405,10964
398,[01:43:56.0863829],21845,22217,9379
399,[01:43:56.1364074],21091,24185,7540
400,[01:43:56.1863657],24454,23060,9763
401,[01:43:56.2364194],20723,22104,7707
402,[01:43:56.2870852],22328,20536,5141
403,[01:43:56.3372011],22277,21582,8000
404,[01:43:56.3871544],23836,18994,8007
405,[01:43:56.4369930],23685,19814,6910
406,[01:43:56.4869996],20267,22656,6467
407,[01:43:56.5377491],19902,17519,9521
408,[01:43:56.5893580],21228,21242,7293
409,[01:43:56.6373890],23058,19027,7656
410,[01:43:56.6873267],22525,19019,8673
411,[01:43:56.7376589],22041,16942,6348
412,[01:43:56.7875924],22313,19173,3309
413,[01:43:56.8374699],22283,22508,6129
414,[01:43:56.8873876],21849,21288,6197
415,[01:43:56.9376813],22297,25330,9126
416,[01:43:56.9879169],23495,24316,7057
417,[01:43:57.0377083],19169,24880,7826
418,[01:43:57.0879496],23394,29462,9004
419,[01:43:57.1379930],24109,28363,7640
420,[01:43:57.1882686],25586,23460,8878
421,[01:43:57.2380987],19748,19320,7758
422,[01:43:57.2887496],20848,22166,7428
423,[01:43:57.3386604],22891,21382,8404
424,[01:43:57.3882841],18597,24706,9264
425,[01:43:57.4381656],24558,20252,9534
426,[01:43:57.4882106],18960,21885,9411
427,[01:43:57.5383836],20015,24563,9631
428,[01:43:57.5892470],24015,22710,9698
429,[01:43:57.6389941],29689,23618,8411
430,[01:43:57.6886278],22576,24423,9022
431,[01:43:57.7386985],25492,23582,9238
432,[01:43:57.7890992],22414,20577,8917
433,[01:43:57.8390673],26064,21269,7781
434,[01:43:57.8890685],22816,22031,10088
435,[01:43:57.9390575],24602,29378,8313
436,[01:43:57.9890324],21387,29117,7667
437,[01:43:58.0390510],24883,27490,10613
438,[01:43:58.0893853],26736,27438,7197
439,[01:43:58.1393603],25903,27337,8846
440,[01:43:58.1893341],27291,25159,9066
441,[01:43:58.2394528],25052,25735,9958
442,[01:43:58.2899124],23436,24512,7764
443,[01:43:58.3397725],19012,22141,9031
444,[01:43:58.3896189],24747,19950,6513
445,[01:43:58.4397379],22576,23652,11679
446,[01:43:58.4899902],21161,25617,9641
447,[01:43:58.5400499],21647,22551,7914
448,[01:43:58.5903034],25803,23078,9887
449,[01:43:58.6402486],24333,22941,10207
450,[01:43:58.6904265],24888,21271,9146
451,[01:43:58.7408857],26154,25413,10717
452,[01:43:58.7905489],26032,20181,8294
453,[01:43:58.8406457],20667,18291,5925
454,[01:43:58.8903815],21206,21970,10152
455,[01:43:58.9406361],23035,22453,9429
456,[01:43:58.9905367],23851,23967,10998
457,[01:43:59.0411606],25728,23183,10410
458,[01:43:59.0907957],22493,23443,7778
459,[01:43:59.1413351],19953,23203,8508
460,[01:43:59.1911109],25966,26010,11601
461,[01:43:59.2410899],26433,24128,6151
462,[01:43:59.2917879],23719,25867,8714
463,[01:43:59.3414718],19381,25490,9818
464,[01:43:59.3917526],20834,29977,9495
465,[01:43:59.4416285],23301,28816,9300
466,[01:43:59.4919130],22477,28392,10473
467,[01:43:59.5415751],23184,24512,5566
468,[01:43:59.5916544],19565,27388,7772
469,[01:43:59.6416209],23522,28347,9097
470,[01:43:59.6915913],22667,19977,8500
471,[01:43:59.7416386],25425,21181,8499
472,[01:43:59.7920009],29220,19912,9396
473,[01:43:59.8422527],25892,20961,10351
474,[01:43:59.8923882],24486,22181,8628
475,[01:43:59.9424000],23868,19449,5921
476,[01:43:59.9923513],26881,19827,7575
477,[01:44:00.0423690],23525,24158,6127
478,[01:44:00.0924688],20317,25476,6068
479,[01:44:00.1425272],24176,25239,7601
480,[01:44:00.1924715],21899,23815,7819
481,[01:44:00.2426476],23373,23318,7833
482,[01:44:00.2930211],21742,23984,6438
483,[01:44:00.3431560],19448,23002,10208
484,[01:44:00.3932781],16686,19038,7657
485,[01:44:00.4429141],19774,23206,5247
486,[01:44:00.4935204],19311,21229,9707
487,[01:44:00.5432421],19149,24103,9089
488,[01:44:00.5932923],19741,26196,8645
489,[01:44:00.6432769],18288,22307,11326
490,[01:44:00.6932965],16852,29595,9009
491,[01:44:00.7434855],18926,23708,8147
492,[01:44:00.7938580],15047,27125,10160
493,[01:44:00.8440397],16133,25473,7460
494,[01:44:00.8934556],17291,20326,9419
495,[01:44:00.9435561],17492,26184,8455
496,[01:44:00.9938495],20026,21205,7818
497,[01:44:01.0438127],19121,22786,5561
498,[01:44:01.0940610],19078,24718,8047
499,[01:44:01.1438061],16917,21704,10720
500,[01:44:01.1940174],17496,25018,7731
501,[01:44:01.2444026],14580,18680,5431
502,[01:44:01.2942843],15729,19067,7438
503,[01:44:01.3441941],16088,25583,9288
504,[01:44:01.3943882],18388,22335,8871
505,[01:44:01.4444485],18007,18691,5031
506,[01:44:01.4945819],17423,19403,9944
507,[01:44:01.5446380],18009,21824,7449
508,[01:44:01.5949327],18984,17435,9619
509,[01:44:01.6446693],14956,24609,11663
510,[01:44:01.6946903],19096,25002,9193
511,[01:44:01.7447710],16465,24721,6990
512,[01:44:01.7951572],14008,18999,10303
513,[01:44:01.8450338],16331,24763,9551
514,[01:44:01.8956667],19519,21029,11863
515,[01:44:01.9455286],17189,25191,9919
516,[01:44:01.9955481],18317,22777,8252
517,[01:44:02.0453555],20901,24523,10667
518,[01:44:02.0953227],20494,25062,10461
519,[01:44:02.1455869],17124,25157,7751
520,[01:44:02.1956955],18975,22326,11093
521,[01:44:02.2456487],17878,24002,9744
522,[01:44:02.2958387],17319,24264,7397
523,[01:44:02.3458153],18501,24845,8058
524,[01:44:02.3957670],18250,27252,10280
525,[01:44:02.4459170],18684,24419,8037
526,[01:44:02.4958788],16751,25654,8901
527,[01:44:02.5462680],22225,21603,9528
528,[01:44:02.5962410],16957,24904,9194
529,[01:44:02.6464853],16372,26663,11514
530,[01:44:02.6964469],16701,25890,10171
531,[01:44:02.7462594],18430,24144,7720
532,[01:44:02.7966859],18069,23160,9295
533,[01:44:02.8470724],16463,22094,9634
534,[01:44:02.8969116],16172,23470,10630
535,[01:44:02.9467340],19417,27600,7759
536,[01:44:02.9968753],22787,20008,8728
537,[01:44:03.0467540],20471,22646,8086
538,[01:44:03.0971500],17781,22819,7986
539,[01:44:03.1468866],17382,21738,8930
540,[01:44:03.1970399],15471,21860,7573
541,[01:44:03.2471284],15532,23261,11495
542,[01:44:03.2973576],18800,22704,6436
543,[01:44:03.3473269],17162,23188,8761
544,[01:44:03.3973442],16412,21293,9312
545,[01:44:03.4474144],17821,22477,8672
546,[01:44:03.4975692],20999,18258,9314
547,[01:44:03.5479357],13602,24857,8342
548,[01:44:03.5979754],17440,24390,12813
549,[01:44:03.6478320],16085,24305,7626
550,[01:44:03.6978227],18104,19092,9065
551,[01:44:03.7479674],19093,25872,10236
552,[01:44:03.7981252],15882,25647,10347
553,[01:44:03.8482416],18354,27272,11071
554,[01:44:03.8981166],20660,24709,8387
555,[01:44:03.9483153],18200,22845,9736
556,[01:44:03.9983340],17236,17119,9153
557,[01:44:04.0486650],20598,23062,11712
558,[01:44:04.0988013],20645,25011,10462
559,[01:44:04.1486339],19115,20002,7219
560,[01:44:04.1988050],21386,20990,9356
561,[01:44:04.2505445],21900,21445,9684
562,[01:44:04.2991089],19358,24432,10298
563,[01:44:04.3497511],21017,24727,8213
564,[01:44:04.3991736],20924,25216,10962
565,[01:44:04.4491381],15474,24269,8388
566,[01:44:04.5003371],17981,23846,9153
567,[01:44:04.5504928],17580,23104,9203
568,[01:44:04.6003366],22342,22997,7795
569,[01:44:04.6509166],21207,20171,11291
570,[01:44:04.7007600],18554,22144,6471
571,[01:44:04.7506446],21253,27088,8216
572,[01:44:04.8013227],19259,21468,5835
573,[01:44:04.8507965],23856,23496,10275
574,[01:44:04.8997137],17826,18956,9895
575,[01:44:04.9508319],18620,24326,7287
576,[01:44:05.0005049],17962,25418,9138
577,[01:44:05.0507003],18430,25815,8887
578,[01:44:05.1009094],17370,22220,9273
579,[01:44:05.1504596],19159,24970,5729
580,[01:44:05.2001416],13165,17881,7626
581,[01:44:05.2502430],17034,18307,7080
582,[01:44:05.3011180],18691,19334,7969
583,[01:44:05.3520611],15452,18132,8560
584,[01:44:05.4004397],17249,22758,7737
585,[01:44:05.4503226],16256,21958,6725
586,[01:44:05.5004793],17031,23451,7181
587,[01:44:05.5507098],17877,23302,7562
588,[01:44:05.6008009],19354,22675,9209
589,[01:44:05.6511479],17414,16630,10936
590,[01:44:05.7009504],15979,18413,5562
591,[01:44:05.7512143],16168,21838,7509
592,[01:44:05.8011918],16794,24241,9619
593,[01:44:05.8535034],14427,24886,6357
594,[01:44:05.9014421],15135,18131,9176
595,[01:44:05.9513313],19655,23037,9208
596,[01:44:06.0015393],15224,23978,9450
597,[01:44:06.0519476],15334,18212,8065
598,[01:44:06.1020905],14942,17638,6016
599,[01:44:06.1516408],17815,20923,11063
600,[01:44:06.2017059],17194,24413,8334
601,[01:44:06.2518454],17246,20333,9257
602,[01:44:06.3021545],17593,24507,10671
603,[01:44:06.3518191],20084,26451,8587
604,[01:44:06.4020015],18947,26340,10286
605,[01:44:06.4523460],16273,26095,8121
606,[01:44:06.5022763],18514,20963,12188
607,[01:44:06.5524511],18288,23278,12663
608,[01:44:06.6026267],20223,20979,12021
609,[01:44:06.6523567],20941,22753,11418
610,[01:44:06.7022542],19874,21832,11541
611,[01:44:06.7523853],18343,23680,10760
612,[01:44:06.8030039],20813,24959,8372
613,[01:44:06.8527662],16634,25823,8915
614,[01:44:06.9027479],22646,26386,10986
615,[01:44:06.9527050],20112,24617,7879
616,[01:44:07.0027489],15189,22403,9262
617,[01:44:07.0528107],18607,22752,4394
618,[01:44:07.1032448],19933,22461,9680
619,[01:44:07.1532581],17588,24052,11442
620,[01:44:07.2050586],19635,23162,8778
621,[01:44:07.2531102],15474,23508,7613
622,[01:44:07.3039816],17576,28126,11732
623,[01:44:07.3535508],16965,27061,6741
624,[01:44:07.4036319],20701,20484,11060
625,[01:44:07.4536757],18946,28067,6898
626,[01:44:07.5035276],21544,26194,11743
627,[01:44:07.5535585],20355,24313,7650
628,[01:44:07.6036885],18044,20491,10894
629,[01:44:07.6538421],21565,24227,10672
630,[01:44:07.7038816],19018,19623,9968
631,[01:44:07.7542530],21598,25553,9989
632,[01:44:07.8044902],22296,24599,9478
633,[01:44:07.8545122],16715,25929,8915
634,[01:44:07.9046017],16078,22155,8226
635,[01:44:07.9544609],19276,22741,10886
636,[01:44:08.0043055],17527,20811,7803
637,[01:44:08.0546879],16387,23093,8396
638,[01:44:08.1046723],15381,21831,9785
639,[01:44:08.1547527],15188,20314,7113
640,[01:44:08.2050453],18652,24312,10519
641,[01:44:08.2548216],19638,27384,9451
642,[01:44:08.3056329],17435,19676,7370
643,[01:44:08.3552670],18735,25759,10225
644,[01:44:08.4055913],21028,23325,7659
645,[01:44:08.4552921],15316,24509,10046
646,[01:44:08.5051075],21084,26002,10137
647,[01:44:08.5552536],17686,19898,10392
648,[01:44:08.6055061],16871,30403,9323
649,[01:44:08.6554152],17905,29880,8531
650,[01:44:08.7054048],14951,26644,10405
651,[01:44:08.7554044],18165,27226,10434
652,[01:44:08.8061123],18748,23315,8628
653,[01:44:08.8557857],18477,29738,9088
654,[01:44:08.9056827],17801,23062,10010
655,[01:44:08.9560127],20460,21518,8502
656,[01:44:09.0059539],18591,21616,6822
657,[01:44:09.0560497],17383,24779,7542
658,[01:44:09.1059697],21215,28484,8332
659,[01:44:09.1561485],18044,19178,6838
660,[01:44:09.2063405],14863,18848,9515
661,[01:44:09.2562668],18716,24731,9791
662,[01:44:09.3072359],14262,27783,8092
663,[01:44:09.3567891],16552,22121,5237
664,[01:44:09.4068853],17910,22830,7471
665,[01:44:09.4568254],18557,23384,7057
666,[01:44:09.5068324],17623,22750,6054
667,[01:44:09.5567565],21479,20911,9823
668,[01:44:09.6067294],17821,20571,8334
669,[01:44:09.6569022],20461,25714,11390
670,[01:44:09.7068859],18814,20083,10518
671,[01:44:09.7570213],17884,18066,9704
672,[01:44:09.8074928],17222,22113,11339
673,[01:44:09.8576780],15109,26371,7277
674,[01:44:09.9076481],17875,24178,7669
675,[01:44:09.9582368],14225,21716,9615
676,[01:44:10.0076705],16545,24610,7247
677,[01:44:10.0575311],18126,24691,10121
678,[01:44:10.1076882],18230,21699,7846
679,[01:44:10.1576762],14175,20361,9198
680,[01:44:10.2075949],15015,24384,8572
681,[01:44:10.2578569],16777,22576,5755
682,[01:44:10.3080252],14181,19813,6014
683,[01:44:10.3580029],12723,26512,7599
684,[01:44:10.4080158],15290,24970,11656
685,[01:44:10.4579881],18498,21719,7266
686,[01:44:10.5081544],20780,25760,9744
687,[01:44:10.5582614],16918,24971,5751
688,[01:44:10.6084036],16312,22568,7895
689,[01:44:10.6585210],18287,18427,10939
690,[01:44:10.7087784],17533,24584,8049
691,[01:44:10.7588303],17862,25226,8854
692,[01:44:10.8090722],17502,18572,9694
693,[01:44:10.8592144],16662,16818,5152
694,[01:44:10.9092931],15490,21837,2551
695,[01:44:10.9589152],16854,20458,7043
696,[01:44:11.0092582],19443,22535,7223
697,[01:44:11.0595106],13409,16251,9627
698,[01:44:11.1093128],15395,19678,5204
699,[01:44:11.1591756],14123,18277,7283
700,[01:44:11.2091636],15116,17804,5493
701,[01:44:11.2591898],16051,19298,10852
702,[01:44:11.3104600],13521,16923,7891
703,[01:44:11.3599685],19934,18516,8202
704,[01:44:11.4099119],18722,19457,7655
705,[01:44:11.4598975],17217,21139,6389
706,[01:44:11.5098328],16406,16776,8196
707,[01:44:11.5596739],15420,22137,9689
708,[01:44:11.6097802],16234,22761,8351
709,[01:44:11.6598996],18289,22532,7646
710,[01:44:11.7102551],16955,23730,9358
711,[01:44:11.7605771],14747,21610,7345
712,[01:44:11.8105586],18108,27724,8449
713,[01:44:11.8603782],15940,18639,12241
714,[01:44:11.9102425],17506,15825,8474
715,[01:44:11.9603200],18224,20486,8064
716,[01:44:12.0103665],17165,20839,9555
717,[01:44:12.0604180],15262,22411,6558
718,[01:44:12.1112113],15238,18987,9992
719,[01:44:12.1609364],17950,20063,8729
720,[01:44:12.2107084],15064,19211,10553
721,[01:44:12.2609018],17308,17210,8408
722,[01:44:12.3110544],17788,19847,7849
723,[01:44:12.3612274],20571,21044,8041
724,[01:44:12.4110594],19699,24125,8052
725,[01:44:12.4611164],17732,20202,8811
726,[01:44:12.5113004],16046,19204,9023
727,[01:44:12.5612564],15397,18502,12673
728,[01:44:12.6112473],25909,22054,9649
729,[01:44:12.6620356],20897,19576,6258
730,[01:44:12.7116667],19412,20801,10293
731,[01:44:12.7617734],22129,24423,7313
732,[01:44:12.8120114],22418,18627,9684
733,[01:44:12.8616819],22194,22214,9532
734,[01:44:12.9120167],25079,25128,8239
735,[01:44:12.9620900],21253,20694,6154
736,[01:44:13.0120247],24840,21662,11406
737,[01:44:13.0619560],20682,17316,8398
738,[01:44:13.1120470],18875,20126,8907
739,[01:44:13.1620561],22839,19845,8576
740,[01:44:13.2127686],21837,17024,9461
741,[01:44:13.2624380],16701,20519,9155
742,[01:44:13.3128218],23655,24439,5359
743,[01:44:13.3631983],24796,20647,6904
744,[01:44:13.4129235],22694,21555,7932
745,[01:44:13.4627402],19393,22468,6617
746,[01:44:13.5129932],15466,20850,6784
747,[01:44:13.5628545],20638,21923,8793
748,[01:44:13.6128140],21195,25460,4577
749,[01:44:13.6630440],25935,22985,8412
750,[01:44:13.7135273],24967,18091,9155
751,[01:44:13.7630627],23239,18745,10020
752,[01:44:13.8133135],22265,20365,8844
753,[01:44:13.8640709],20616,19142,6415
754,[01:44:13.9134379],21621,19262,7048
755,[01:44:13.9633415],25258,23697,8750
756,[01:44:14.0137614],28003,22254,10617
757,[01:44:14.0636238],31321,20869,10499
758,[01:44:14.1135333],26471,20917,8906
759,[01:44:14.1635793],21032,17332,7501
760,[01:44:14.2144361],22389,23937,6255
761,[01:44:14.2646410],29939,25746,10289
762,[01:44:14.3145025],28498,21615,10392
763,[01:44:14.3646857],21448,22963,8553
764,[01:44:14.4147685],24552,24889,10068
765,[01:44:14.4643506],20749,19608,9161
766,[01:44:14.5167951],27858,19023,10952
767,[01:44:14.5644056],25460,22194,7871
768,[01:44:14.6145671],23545,20485,8082
769,[01:44:14.6649625],20618,27081,7847
770,[01:44:14.7146158],24896,22688,7611
771,[01:44:14.7649246],19925,22244,7654
772,[01:44:14.8155082],21921,20002,8843
773,[01:44:14.8670056],21367,20051,6595
774,[01:44:14.9150659],25809,25585,7733
775,[01:44:14.9665826],23730,20716,3362
776,[01:44:15.0167164],24596,24465,6327
777,[01:44:15.0651497],24498,21824,7340
778,[01:44:15.1153954],26457,21968,8118
779,[01:44:15.1660096],20819,19499,5876
780,[01:44:15.2154391],28689,22931,10307
781,[01:44:15.2658059],22817,20319,7743
782,[01:44:15.3169222],21494,28596,9946
783,[01:44:15.3668217],22751,24840,9079
784,[01:44:15.4160661],28598,23194,8601
785,[01:44:15.4660388],22484,26879,10343
786,[01:44:15.5161146],23481,23585,11056
787,[01:44:15.5670794],25210,24030,8546
788,[01:44:15.6166420],24634,25214,10857
789,[01:44:15.6671079],25066,21048,8390
790,[01:44:15.7166664],29616,23988,10041
791,[01:44:15.7670250],23337,24716,12060
792,[01:44:15.8182774],21346,25212,9706
793,[01:44:15.8666389],26697,23473,8297
794,[01:44:15.9170183],25306,27862,10498
795,[01:44:15.9666891],24565,26608,9434
796,[01:44:16.0172794],21913,24376,8974
797,[01:44:16.0667941],28624,25437,13461
798,[01:44:16.1168869],30631,23358,9545
799,[01:44:16.1671260],21514,27873,10730
800,[01:44:16.2167727],24113,27180,10966
801,[01:44:16.2672242],21998,20434,5904
802,[01:44:16.3177710],22817,22300,11548
803,[01:44:16.3670305],25000,28447,10765
804,[01:44:16.4172160],22929,28835,6144
805,[01:44:16.4670805],20947,26104,7809
806,[01:44:16.5173488],19975,24784,9293
807,[01:44:16.5675175],22146,26409,9576
808,[01:44:16.6175626],24154,25531,12011
809,[01:44:16.6679222],31685,28701,9417
810,[01:44:16.7177764],24229,25747,10578
811,[01:44:16.7680009],22348,26178,10321
812,[01:44:16.8180621],24476,33740,6918
813,[01:44:16.8684344],26289,26481,6637
814,[01:44:16.9184450],24523,23391,8402
815,[01:44:16.9679512],29961,27949,9533
816,[01:44:17.0181061],20763,26121,8600
817,[01:44:17.0681287],19305,19714,6833
818,[01:44:17.1181627],26702,21301,6418
819,[01:44:17.1681985],27104,17738,8920
820,[01:44:17.2183856],23080,23256,10754
821,[01:44:17.2686110],25745,24712,9177
822,[01:44:17.3187964],24683,29665,10566
823,[01:44:17.3686769],24587,25951,7819
824,[01:44:17.4186951],29870,26282,13405
825,[01:44:17.4687309],28618,28560,11041
826,[01:44:17.5188246],25145,26395,11761
827,[01:44:17.5689019],26545,25027,9744
828,[01:44:17.6192197],26257,24873,9559
829,[01:44:17.6690729],28263,26996,9183
830,[01:44:17.7190603],31801,22345,10314
831,[01:44:17.7693597],24663,27994,10386
832,[01:44:17.8205413],22699,27400,10219
833,[01:44:17.8718668],23129,26357,12353
834,[01:44:17.9201294],25998,30016,8027
835,[01:44:17.9700240],27758,24677,11021
836,[01:44:18.0197255],28721,23632,8865
837,[01:44:18.0697877],25638,22410,11832
838,[01:44:18.1199702],26150,27316,11119
839,[01:44:18.1697527],29547,29034,9269
840,[01:44:18.2199057],31362,24281,11425
841,[01:44:18.2698711],21997,22783,10659
842,[01:44:18.3209413],23227,30357,8207
843,[01:44:18.3705944],25318,30275,8743
844,[01:44:18.4204887],20242,22119,7296
845,[01:44:18.4711467],20779,26452,6165
846,[01:44:18.5223117],24872,26209,11734
847,[01:44:18.5707031],24702,23374,9052
848,[01:44:18.6206650],20477,26623,7936
849,[01:44:18.6706159],27617,24636,10128
850,[01:44:18.7207636],26406,25607,7998
851,[01:44:18.7707345],25073,19992,9332
852,[01:44:18.8211927],24675,22525,10475
853,[01:44:18.8710933],24778,23793,9206
854,[01:44:18.9209354],22541,24905,9296
855,[01:44:18.9712273],22962,26749,8147
856,[01:44:19.0213192],26542,16288,8931
857,[01:44:19.0715458],25353,21822,7908
858,[01:44:19.1215449],24714,24039,6574
859,[01:44:19.1711915],24166,25391,7357
860,[01:44:19.2215996],27493,26632,10568
861,[01:44:19.2714060],24721,22814,9544
862,[01:44:19.3217470],21030,23303,8742
863,[01:44:19.3717818],21833,25972,8245
864,[01:44:19.4217827],20026,28869,7792
865,[01:44:19.4718000],22323,26993,9180
866,[01:44:19.5218606],21224,26664,8400
867,[01:44:19.5718632],20644,24226,7511
868,[01:44:19.6221815],22110,23237,7931
869,[01:44:19.6720038],24234,21008,8780
870,[01:44:19.7221531],22424,28988,12371
871,[01:44:19.7726226],21390,25956,8677
872,[01:44:19.8227235],26176,24335,11388
873,[01:44:19.8727211],28836,26706,7681
874,[01:44:19.9225153],25324,22564,8209
875,[01:44:19.9726476],25014,26476,8696
876,[01:44:20.0230890],22508,33032,9661
877,[01:44:20.0726092],23189,21051,9257
878,[01:44:20.1233413],24084,23158,8095
879,[01:44:20.1729131],23745,28699,8568
880,[01:44:20.2228405],22582,24288,7063
881,[01:44:20.2729585],23257,24955,8562
882,[01:44:20.3233487],26612,21676,10747
883,[01:44:20.3733541],26430,23395,10831
884,[01:44:20.4231722],20628,25946,9342
885,[01:44:20.4733096],21576,27363,9405
886,[01:44:20.5236069],21819,22836,9588
887,[01:44:20.5736936],23531,24441,8255
888,[01:44:20.6238024],27330,26667,7592
889,[01:44:20.6739552],23365,22056,7550
890,[01:44:20.7240335],24441,28033,8133
891,[01:44:20.7740203],27199,26160,7832
892,[01:44:20.8245257],23250,25907,7630
893,[01:44:20.8746339],24008,27394,9737
894,[01:44:20.9243344],27834,21360,8683
895,[01:44:20.9744449],24069,25416,8625
896,[01:44:21.0242390],23790,27397,8350
897,[01:44:21.0742319],25009,26152,7915
898,[01:44:21.1243341],22516,27671,7517
899,[01:44:21.1743204],21816,30017,10693
900,[01:44:21.2246046],23368,22087,7219
901,[01:44:21.2745405],23131,21966,9356
902,[01:44:21.3248034],23010,26550,8059
903,[01:44:21.3749267],23355,23477,7296
904,[01:44:21.4250121],24808,25131,8048
905,[01:44:21.4753969],22105,21079,10958
906,[01:44:21.5248616],22377,25286,10165
907,[01:44:21.5749630],29075,23895,7733
908,[01:44:21.6252103],30892,26078,10129
909,[01:44:21.6752824],27560,26676,10179
910,[01:44:21.7251577],23072,23024,10495
911,[01:44:21.7752102],22259,25526,8296
912,[01:44:21.8257256],23266,27732,10833
913,[01:44:21.8758234],23456,23694,10193
914,[01:44:21.9258295],24466,25170,9313
915,[01:44:21.9757761],22363,22737,10564
916,[01:44:22.0259070],19298,24431,8003
917,[01:44:22.0764519],25575,20259,7672
918,[01:44:22.1261983],26790,24232,8861
919,[01:44:22.1764109],26981,26956,12482
920,[01:44:22.2265230],18901,23783,7996
921,[01:44:22.2766386],22960,24341,9235
922,[01:44:22.3267803],23487,24037,9422
923,[01:44:22.3766027],22262,28907,9527
924,[01:44:22.4263593],23671,23607,8937
925,[01:44:22.4768971],25903,30084,8334
926,[01:44:22.5267220],27600,25994,10408
927,[01:44:22.5766345],25840,24958,9715
928,[01:44:22.6265598],27973,24842,7261
929,[01:44:22.6765723],29045,18812,7151
930,[01:44:22.7267127],27438,22668,10747
931,[01:44:22.7769755],19677,23951,9383
932,[01:44:22.8272619],22391,25996,9074
933,[01:44:22.8777205],27090,23108,9002
934,[01:44:22.9270137],20524,24411,8911
935,[01:44:22.9770916],22867,24514,10056
936,[01:44:23.0275093],21587,27213,10059
937,[01:44:23.0771727],24276,22798,9894
938,[01:44:23.1273482],25334,23363,8821
939,[01:44:23.1775321],20117,25563,8384
940,[01:44:23.2275630],24914,21143,10017
941,[01:44:23.2777921],25728,30313,8367
942,[01:44:23.3280045],27741,31568,8792
943,[01:44:23.3779644],27649,26149,13666
944,[01:44:23.4277688],25167,29227,8306
945,[01:44:23.4777678],25431,23992,10608
946,[01:44:23.5279017],27787,22863,7542
947,[01:44:23.5782285],26276,25911,8506
948,[01:44:23.6280231],25437,25029,10972
949,[01:44:23.6781159],29434,29175,11729
950,[01:44:23.7289379],26629,24830,10390
951,[01:44:23.7785665],27193,29318,8319
952,[01:44:23.8286441],22909,24595,10369
953,[01:44:23.8784124],24101,22905,10674
954,[01:44:23.9287145],25056,23447,9648
955,[01:44:23.9786149],26468,23907,11373
956,[01:44:24.0287912],27355,23632,11159
957,[01:44:24.0789312],23992,33108,10045
958,[01:44:24.1290340],22838,30345,8346
959,[01:44:24.1790960],27679,24809,9172
960,[01:44:24.2290925],24604,25361,7568
961,[01:44:24.2792799],20704,23940,8132
962,[01:44:24.3295965],23029,29435,9082
963,[01:44:24.3794150],25887,21825,9606
964,[01:44:24.4292875],22909,20508,7649
965,[01:44:24.4795521],26861,30598,8807
966,[01:44:24.5294228],22858,23284,11411
967,[01:44:24.5797663],28159,26365,9878
968,[01:44:24.6298565],27846,27029,9782
969,[01:44:24.6799825],30103,25453,8896
970,[01:44:24.7300659],25530,26668,8032
971,[01:44:24.7800759],21481,28092,5648
972,[01:44:24.8302711],23672,19833,7643
973,[01:44:24.8807232],27090,25100,9570
974,[01:44:24.9304660],21304,20668,8355
975,[01:44:24.9819916],25206,20957,8615
976,[01:44:25.0308364],22309,21828,7161
977,[01:44:25.0804852],20627,25829,10165
978,[01:44:25.1306600],16716,24227,9084
979,[01:44:25.1805444],22489,24154,9330
980,[01:44:25.2310437],18464,24933,6502
981,[01:44:25.2817714],26710,22411,9669
982,[01:44:25.3317961],23202,26499,6926
983,[01:44:25.3828248],25771,27473,9286
984,[01:44:25.4314363],24754,28230,8303
985,[01:44:25.4818308],24814,25090,10627
986,[01:44:25.5315805],25554,25971,9161
987,[01:44:25.5811940],18919,27026,10335
988,[01:44:25.6340246],19500,30268,10620
989,[01:44:25.6827379],19955,27088,9000
990,[01:44:25.7315153],27903,25598,8198
991,[01:44:25.7818066],22799,26677,10364
992,[01:44:25.8317296],25582,30607,10579
993,[01:44:25.8847639],24607,30602,11063
994,[01:44:25.9319023],21562,22866,10450
995,[01:44:25.9819085],26545,24925,5361
996,[01:44:26.0317440],25336,24798,7567
997,[01:44:26.0830733],20679,26835,7505
998,[01:44:26.1326109],23634,23609,9045
999,[01:44:26.1827364],27719,23990,9326
1000,[01:44:26.2323533],22146,26434,9295
1001,[01:44:26.2822910],21993,30280,10682
1002,[01:44:26.3326337],26646,25224,7533
1003,[01:44:26.3827985],25753,22940,8063
1004,[01:44:26.4356600],22957,26301,8795
1005,[01:44:26.4827601],21647,24304,8017
1006,[01:44:26.5326635],20064,25130,8070
1007,[01:44:26.5828925],20991,24107,9957
1008,[01:44:26.6326968],23400,26908,8690
1009,[01:44:26.6828650],25603,25116,8169
1010,[01:44:26.7329178],23454,22977,7484
1011,[01:44:26.7831127],22328,21985,9246
1012,[01:44:26.8329106],23981,27041,8822
1013,[01:44:26.8833022],24452,23725,7475
1014,[01:44:26.9333108],24787,20493,9076
1015,[01:44:26.9831717],23593,26497,8637
1016,[01:44:27.0333371],25713,21130,5851
1017,[01:44:27.0835550],27323,23309,10501
1018,[01:44:27.1336763],22276,29426,8452
1019,[01:44:27.1834894],26007,23087,10120
1020,[01:44:27.2336352],24601,22702,10607
1021,[01:44:27.2836277],21391,22414,8373
1022,[01:44:27.3342980],24236,25037,9221
1023,[01:44:27.3841194],20874,23263,9510
1024,[01:44:27.4340153],25654,23517,9526
1025,[01:44:27.4839555],22477,22073,7954
1026,[01:44:27.5340806],18026,22212,8285
1027,[01:44:27.5843907],21643,26251,10058
1028,[01:44:27.6343000],28355,25664,6722
1029,[01:44:27.6844991],21467,22673,12199
1030,[01:44:27.7344796],25102,28060,9668
1031,[01:44:27.7847662],19579,25122,8067
1032,[01:44:27.8346801],23953,19972,10174
1033,[01:44:27.8850906],25016,23122,7256
1034,[01:44:27.9348811],24570,23309,7238
1035,[01:44:27.9850384],26819,28374,10201
1036,[01:44:28.0348908],23394,25598,9909
1037,[01:44:28.0847877],24324,30129,9102
1038,[01:44:28.1349655],18992,28124,8569
1039,[01:44:28.1851983],22498,16399,8178
1040,[01:44:28.2353326],28385,18297,9135
1041,[01:44:28.2855395],29705,24420,10014
1042,[01:44:28.3353788],27091,27683,9227
1043,[01:44:28.3856183],22532,24584,9730
1044,[01:44:28.4356454],24394,23991,10674
1045,[01:44:28.4860419],21915,24430,11060
1046,[01:44:28.5376314],27418,20589,10938
1047,[01:44:28.5860031],25021,21643,12563
1048,[01:44:28.6358898],20342,23863,10301
1049,[01:44:28.6859038],24494,21409,8189
1050,[01:44:28.7358853],23484,22599,10995
1051,[01:44:28.7859707],26015,27333,10358
1052,[01:44:28.8360301],24474,26733,10580
1053,[01:44:28.8865816],25649,21191,7858
1054,[01:44:28.9363894],22722,22485,9194
1055,[01:44:28.9866475],22321,21421,7317
1056,[01:44:29.0368382],26793,25726,10354
1057,[01:44:29.0865953],27133,30086,13077
1058,[01:44:29.1373147],24160,25892,10706
1059,[01:44:29.1873582],25378,24381,7370
1060,[01:44:29.2367820],27112,28359,11713
1061,[01:44:29.2873999],24762,22617,7348
1062,[01:44:29.3372934],22561,24576,7491
1063,[01:44:29.3872573],21456,21744,10409
1064,[01:44:29.4377586],24594,26577,8079
1065,[01:44:29.4876054],25352,26179,9659
1066,[01:44:29.5376474],23187,23933,9464
1067,[01:44:29.5874854],22225,24251,9577
1068,[01:44:29.6375132],26159,24344,8555
1069,[01:44:29.6872424],23342,25110,8956
1070,[01:44:29.7374368],23711,20949,10225
1071,[01:44:29.7874843],25368,25096,7687
1072,[01:44:29.8375393],21748,25253,10331
1073,[01:44:29.8882951],22821,24033,9309
1074,[01:44:29.9377999],26925,24151,7444
1075,[01:44:29.9877936],21884,25356,10619
1076,[01:44:30.0382690],21910,22838,9438
1077,[01:44:30.0880425],22507,28079,8410
1078,[01:44:30.1382651],23621,22763,10965
1079,[01:44:30.1883678],24126,17242,7629
1080,[01:44:30.2383131],23396,20560,8190
1081,[01:44:30.2888418],23458,26886,6517
1082,[01:44:30.3384766],18776,23551,7965
1083,[01:44:30.3885346],24537,22855,8461
1084,[01:44:30.4394436],19425,18733,8119
1085,[01:44:30.4892152],18315,19995,9983
1086,[01:44:30.5389051],23537,23306,7883
1087,[01:44:30.5887472],26547,22460,6322
1088,[01:44:30.6387598],22777,25136,8823
1089,[01:44:30.6890956],23946,20381,10491
1090,[01:44:30.7390542],24212,22082,6189
1091,[01:44:30.7889783],21696,19178,7545
1092,[01:44:30.8392057],22264,22412,10624
1093,[01:44:30.8896547],19532,23112,6978
1094,[01:44:30.9395152],21694,23941,7938
1095,[01:44:30.9892819],25873,24738,7509
1096,[01:44:31.0395517],24331,22673,7026
1097,[01:44:31.0896243],24202,28553,7843
1098,[01:44:31.1395048],20854,22144,9658
1099,[01:44:31.1897935],27569,24217,9486
1100,[01:44:31.2398861],21975,29240,7588
1101,[01:44:31.2897827],28011,26238,8061
1102,[01:44:31.3402126],27858,28407,9750
1103,[01:44:31.3908969],25477,22860,10541
1104,[01:44:31.4407774],26099,26317,10344
1105,[01:44:31.4907098],25426,25265,11093
1106,[01:44:31.5404853],25195,26387,6785
1107,[01:44:31.5902664],24303,31582,7219
1108,[01:44:31.6406477],19735,23198,5054
1109,[01:44:31.6904759],21600,25383,8020
1110,[01:44:31.7406687],21754,25129,8574
1111,[01:44:31.7904695],24719,23086,8343
1112,[01:44:31.8407753],19640,18571,10181
1113,[01:44:31.8910512],24073,20354,12463
1114,[01:44:31.9415383],26345,24628,10161
1115,[01:44:31.9910918],21351,24435,8856
1116,[01:44:32.0412804],23773,26980,8073
1117,[01:44:32.0915189],24087,25473,6218
1118,[01:44:32.1416614],24093,20368,5599
1119,[01:44:32.1912040],17454,18582,7845
1120,[01:44:32.2413920],22384,19783,8254
1121,[01:44:32.2912644],21635,23424,9281
1122,[01:44:32.3414947],20793,21366,9924
1123,[01:44:32.3918226],21026,26588,8771
1124,[01:44:32.4419587],23731,29009,9582
1125,[01:44:32.4918604],22354,17176,8808
1126,[01:44:32.5416882],24541,24106,7264
1127,[01:44:32.5922323],24942,22893,8705
1128,[01:44:32.6421600],24359,24050,10844
1129,[01:44:32.6921476],25529,20802,7929
1130,[01:44:32.7422761],26382,22767,7150
1131,[01:44:32.7925825],25435,23885,9904
1132,[01:44:32.8424308],25820,26573,9409
1133,[01:44:32.8927741],23790,23334,8622
1134,[01:44:32.9433085],21927,23220,9069
1135,[01:44:32.9924912],24401,21181,8784
1136,[01:44:33.0425821],25101,26481,8944
1137,[01:44:33.0930132],26943,27202,10670
1138,[01:44:33.1432524],25190,24988,9277
1139,[01:44:33.1931100],26284,26098,6739
1140,[01:44:33.2430024],21700,24947,8529
1141,[01:44:33.2927976],20738,23448,8501
1142,[01:44:33.3428557],23645,22371,8428
1143,[01:44:33.3930129],23752,22383,8005
1144,[01:44:33.4437657],23623,20223,7652
1145,[01:44:33.4938000],25966,22412,6762
1146,[01:44:33.5435917],28358,19372,6940
1147,[01:44:33.5932935],23723,20819,7815
1148,[01:44:33.6433221],24637,27123,10135
1149,[01:44:33.6935337],23734,27155,8392
1150,[01:44:33.7434085],22149,24191,9966
1151,[01:44:33.7939799],21251,18312,8931
1152,[01:44:33.8435489],19593,26219,7830
1153,[01:44:33.8946159],23409,24033,9358
1154,[01:44:33.9440014],21754,20926,9315
1155,[01:44:33.9939194],22216,24782,12862
1156,[01:44:34.0449013],22126,24332,8318
1157,[01:44:34.0939946],21918,25792,11335
1158,[01:44:34.1441455],23309,27488,8715
1159,[01:44:34.1944065],25837,29076,8661
1160,[01:44:34.2443139],22715,25844,6640
1161,[01:44:34.2942971],22662,20835,9441
1162,[01:44:34.3445492],25671,24598,6846
1163,[01:44:34.3947883],25233,21489,8477
1164,[01:44:34.4451242],23813,19286,7229
1165,[01:44:34.4947494],22556,18886,9174
1166,[01:44:34.5447544],22591,21454,9329
1167,[01:44:34.5948695],27337,21123,9605
1168,[01:44:34.6448311],28018,20374,9892
1169,[01:44:34.6948437],23127,21462,6787
1170,[01:44:34.7452991],22923,22024,7624
1171,[01:44:34.7954955],23435,22366,7657
1172,[01:44:34.8455132],24159,25688,7141
1173,[01:44:34.8956336],24908,26028,8101
1174,[01:44:34.9458414],25137,19708,5923
1175,[01:44:34.9955888],22951,24229,10397
1176,[01:44:35.0456275],27270,27247,8916
1177,[01:44:35.0957212],20614,21073,10823
1178,[01:44:35.1458806],21674,23965,7203
1179,[01:44:35.1957841],25806,21555,8324
1180,[01:44:35.2459638],21289,26713,8129
1181,[01:44:35.2960803],25552,23206,8423
1182,[01:44:35.3462204],20485,21362,12485
1183,[01:44:35.3960072],24429,21643,12615
1184,[01:44:35.4464401],22865,19563,6574
1185,[01:44:35.4966917],26009,23627,10330
1186,[01:44:35.5474237],28682,17640,9752
1187,[01:44:35.5979488],22371,26384,8643
1188,[01:44:35.6470243],19996,20987,9040
1189,[01:44:35.6985490],23431,21176,9184
1190,[01:44:35.7476063],22968,26420,9901
1191,[01:44:35.7972954],28549,29937,6619
1192,[01:44:35.8474921],24357,29178,6160
1193,[01:44:35.8971910],23289,22788,10524
1194,[01:44:35.9485445],24776,23116,7217
1195,[01:44:35.9986065],19493,21401,8244
1196,[01:44:36.0473877],21827,22959,10659
1197,[01:44:36.0976235],27423,25389,8037
1198,[01:44:36.1476629],19869,23759,9035
1199,[01:44:36.1973699],20610,22031,5949