Predicted duration,0.4,,,
Predicted error,1.1,,,
Predicted start,00:30:51,,,
Notes,none,,,
FrameNum,timeInfo,signal-target,signal-track
0,[00:30:20.8694588],9508,9936
1,[00:30:20.8889949],9535,8195
2,[00:30:20.9126338],9440,8021
3,[00:30:20.9291353],10151,8233
4,[00:30:20.9491306],9985,7320
5,[00:30:20.9700158],8327,8905
6,[00:30:20.9899101],10182,9908
7,[00:30:21.0096373],9126,9532
8,[00:30:21.0294684],8500,11520
9,[00:30:21.0498970],8521,9923
10,[00:30:21.0699189],9893,8084
11,[00:30:21.0896849],8154,10058
12,[00:30:21.1098193],10210,9469
13,[00:30:21.1298685],9608,8460
14,[00:30:21.1499181],10439,9324
15,[00:30:21.1700029],9507,10293
16,[00:30:21.1901350],9567,9314
17,[00:30:21.2102412],8176,8465
18,[00:30:21.2302823],9551,8896
19,[00:30:21.2503063],10047,9650
20,[00:30:21.2704051],10609,8774
21,[00:30:21.2905358],8815,7404
22,[00:30:21.3106274],8832,9126
23,[00:30:21.3306705],11018,8328
24,[00:30:21.3507380],8580,9259
25,[00:30:21.3708836],9224,10193
26,[00:30:21.3909246],9236,8523
27,[00:30:21.4109563],8278,9516
28,[00:30:21.4310482],8120,9410
29,[00:30:21.4511023],9010,8642
30,[00:30:21.4711904],7874,9617
31,[00:30:21.4913674],8424,9505
32,[00:30:21.5114373],7486,7728
33,[00:30:21.5314678],10140,9851
34,[00:30:21.5515399],10628,10308
35,[00:30:21.5716136],8628,8745
36,[00:30:21.5917305],7121,7724
37,[00:30:21.6118364],8381,8290
38,[00:30:21.6319173],9655,7773
39,[00:30:21.6518929],9386,8261
40,[00:30:21.6719771],9436,7868
41,[00:30:21.6920722],9588,7848
42,[00:30:21.7122442],8939,9625
43,[00:30:21.7323085],10133,7159
44,[00:30:21.7523524],10180,8759
45,[00:30:21.7724747],8962,9972
46,[00:30:21.7924945],9549,7741
47,[00:30:21.8125374],8793,9212
48,[00:30:21.8326515],9674,7358
49,[00:30:21.8527345],10027,7686
50,[00:30:21.8727779],8861,10654
51,[00:30:21.8928441],9422,8937
52,[00:30:21.9129519],9559,9066
53,[00:30:21.9336699],10171,8788
54,[00:30:21.9531289],9357,8543
55,[00:30:21.9732057],9580,8917
56,[00:30:21.9932585],10521,10235
57,[00:30:22.0133693],10446,7964
58,[00:30:22.0339698],9191,8527
59,[00:30:22.0534850],9843,8354
60,[00:30:22.0735902],9057,8753
61,[00:30:22.0936600],10109,9541
62,[00:30:22.1137052],10241,9250
63,[00:30:22.1343888],8887,9812
64,[00:30:22.1541886],9108,9996
65,[00:30:22.1750118],9992,8799
66,[00:30:22.1941071],10228,10458
67,[00:30:22.2142374],10994,10986
68,[00:30:22.2350841],10573,10638
69,[00:30:22.2543131],9020,9861
70,[00:30:22.2746485],9552,9284
71,[00:30:22.2944212],10884,8427
72,[00:30:22.3145630],9180,8953
73,[00:30:22.3347658],10784,7985
74,[00:30:22.3547291],8512,6713
75,[00:30:22.3748145],10314,10154
76,[00:30:22.3948966],9561,10109
77,[00:30:22.4149849],9617,9291
78,[00:30:22.4349951],8947,8849
79,[00:30:22.4550544],9212,8681
80,[00:30:22.4751740],10843,8677
81,[00:30:22.4952646],9998,8802
82,[00:30:22.5155190],9833,11531
83,[00:30:22.5353346],9660,7133
84,[00:30:22.5554811],8868,8467
85,[00:30:22.5755626],8768,7633
86,[00:30:22.5956683],9287,8827
87,[00:30:22.6157332],8854,9931
88,[00:30:22.6357484],9345,11413
89,[00:30:22.6558142],8889,8363
90,[00:30:22.6759905],9396,10060
91,[00:30:22.6960263],9180,8361
92,[00:30:22.7165765],8547,8244
93,[00:30:22.7362629],8936,7991
94,[00:30:22.7562880],8915,8520
95,[00:30:22.7762491],8344,10067
96,[00:30:22.7963912],9647,10263
97,[00:30:22.8164504],10618,9966
98,[00:30:22.8365014],8128,9413
99,[00:30:22.8567112],8002,9222
100,[00:30:22.8766937],9240,9927
101,[00:30:22.8967050],9748,9217
102,[00:30:22.9168256],9329,9576
103,[00:30:22.9368130],9039,9036
104,[00:30:22.9569059],8999,8591
105,[00:30:22.9770588],10172,9065
106,[00:30:22.9971851],8008,9592
107,[00:30:23.0172993],10068,9352
108,[00:30:23.0374466],9607,9136
109,[00:30:23.0574570],8436,9162
110,[00:30:23.0774849],8691,8114
111,[00:30:23.0975446],8265,10858
112,[00:30:23.1175978],8681,10213
113,[00:30:23.1377789],10253,8352
114,[00:30:23.1577458],10613,9625
115,[00:30:23.1778760],8516,10710
116,[00:30:23.1979038],9380,9169
117,[00:30:23.2179870],8257,9371
118,[00:30:23.2383106],10276,10543
119,[00:30:23.2582711],10981,8979
120,[00:30:23.2783356],9795,8692
121,[00:30:23.2983967],9081,10137
122,[00:30:23.3185249],9025,9658
123,[00:30:23.3385015],8717,9723
124,[00:30:23.3586385],8862,9247
125,[00:30:23.3786398],9535,9136
126,[00:30:23.3987877],9415,8672
127,[00:30:23.4188342],8773,8363
128,[00:30:23.4389459],9964,8593
129,[00:30:23.4589816],9748,8008
130,[00:30:23.4791016],9904,10487
131,[00:30:23.4991832],10749,9247
132,[00:30:23.5192689],9264,11488
133,[00:30:23.5393691],8566,8107
134,[00:30:23.5594263],9509,9958
135,[00:30:23.5795037],11260,10804
136,[00:30:23.5996171],9290,9166
137,[00:30:23.6197385],9971,7011
138,[00:30:23.6397500],8737,6203
139,[00:30:23.6597545],9044,9260
140,[00:30:23.6798509],7035,10218
141,[00:30:23.6999503],9636,8350
142,[00:30:23.7200171],9163,7292
143,[00:30:23.7400850],10065,8519
144,[00:30:23.7602384],7158,8191
145,[00:30:23.7802950],9378,9030
146,[00:30:23.8003947],8658,9056
147,[00:30:23.8204296],7977,8285
148,[00:30:23.8404815],9616,7790
149,[00:30:23.8605984],9733,8158
150,[00:30:23.8806784],8743,7905
151,[00:30:23.9007354],9599,8944
152,[00:30:23.9208552],8970,9368
153,[00:30:23.9408611],8371,7341
154,[00:30:23.9609684],8960,8603
155,[00:30:23.9810895],9290,11023
156,[00:30:24.0011760],9657,6957
157,[00:30:24.0211908],7946,9507
158,[00:30:24.0412935],10184,9017
159,[00:30:24.0614498],7266,9158
160,[00:30:24.0814507],8613,10234
161,[00:30:24.1016709],9278,10538
162,[00:30:24.1215931],8761,8877
163,[00:30:24.1417198],7280,8421
164,[00:30:24.1617603],10009,9086
165,[00:30:24.1819501],10057,9364
166,[00:30:24.2024879],10246,9332
167,[00:30:24.2220053],8045,9429
168,[00:30:24.2422177],7666,9057
169,[00:30:24.2621607],9329,8481
170,[00:30:24.2822408],8871,10160
171,[00:30:24.3023239],8455,8061
172,[00:30:24.3223318],7650,8435
173,[00:30:24.3424807],9309,9153
174,[00:30:24.3625315],8987,10111
175,[00:30:24.3826241],10121,9910
176,[00:30:24.4026903],10129,9328
177,[00:30:24.4227573],9740,10643
178,[00:30:24.4428812],9496,8851
179,[00:30:24.4628915],9538,8170
180,[00:30:24.4829696],10136,8921
181,[00:30:24.5030117],9689,8915
182,[00:30:24.5231518],8495,10327
183,[00:30:24.5432414],7968,7709
184,[00:30:24.5633380],9210,10721
185,[00:30:24.5833730],9590,10347
186,[00:30:24.6034745],9772,9620
187,[00:30:24.6235136],9810,11082
188,[00:30:24.6436684],9101,9111
189,[00:30:24.6637800],9043,9874
190,[00:30:24.6837839],9522,9977
191,[00:30:24.7039075],8772,10041
192,[00:30:24.7240357],10595,9816
193,[00:30:24.7440060],10065,8714
194,[00:30:24.7641481],9558,9411
195,[00:30:24.7841451],8174,10138
196,[00:30:24.8042891],7705,9387
197,[00:30:24.8243454],8406,7492
198,[00:30:24.8443905],8156,7680
199,[00:30:24.8645517],7667,10248
200,[00:30:24.8850250],8449,9398
201,[00:30:24.9047216],10352,9588
202,[00:30:24.9246794],7855,8980
203,[00:30:24.9447882],8157,9698
204,[00:30:24.9649813],8652,8111
205,[00:30:24.9851096],9802,8873
206,[00:30:25.0050860],9360,7519
207,[00:30:25.0252239],9407,7713
208,[00:30:25.0453094],8905,9584
209,[00:30:25.0654224],9726,9526
210,[00:30:25.0856682],8490,9729
211,[00:30:25.1057302],8615,9062
212,[00:30:25.1255453],9261,9184
213,[00:30:25.1458188],8312,10207
214,[00:30:25.1657468],9366,9272
215,[00:30:25.1857804],9004,8522
216,[00:30:25.2057996],9030,10151
217,[00:30:25.2258997],8959,8769
218,[00:30:25.2459559],8930,9508
219,[00:30:25.2665210],7221,8868
220,[00:30:25.2861949],8763,9381
221,[00:30:25.3062389],9302,9409
222,[00:30:25.3263593],10485,9013
223,[00:30:25.3464417],8903,10268
224,[00:30:25.3664567],8008,8492
225,[00:30:25.3865284],9429,9843
226,[00:30:25.4066806],9878,10693
227,[00:30:25.4267059],10318,7983
228,[00:30:25.4467523],9751,8894
229,[00:30:25.4668713],9388,9056
230,[00:30:25.4869217],7983,10375
231,[00:30:25.5069989],8224,7818
232,[00:30:25.5271361],8895,8251
233,[00:30:25.5472060],8204,8346
234,[00:30:25.5672726],8357,9830
235,[00:30:25.5873587],9118,9534
236,[00:30:25.6074268],9158,11644
237,[00:30:25.6275169],8348,10431
238,[00:30:25.6475920],8650,9206
239,[00:30:25.6678117],8847,9100
240,[00:30:25.6877490],8485,8968
241,[00:30:25.7078678],9082,8411
242,[00:30:25.7279159],9420,7103
243,[00:30:25.7479977],8689,10541
244,[00:30:25.7687384],9783,11104
245,[00:30:25.7882074],8738,8827
246,[00:30:25.8082213],9221,8932
247,[00:30:25.8282702],8759,9205
248,[00:30:25.8485035],8518,8605
249,[00:30:25.8684821],7735,9953
250,[00:30:25.8885407],9681,8725
251,[00:30:25.9085721],11017,8509
252,[00:30:25.9287140],9756,7937
253,[00:30:25.9487590],10159,8662
254,[00:30:25.9689021],9866,8682
255,[00:30:25.9889122],9145,11033
256,[00:30:26.0089657],9548,10619
257,[00:30:26.0290488],8951,10194
258,[00:30:26.0491508],9010,11125
259,[00:30:26.0691960],9648,9663
260,[00:30:26.0892327],8267,9597
261,[00:30:26.1094131],10897,9886
262,[00:30:26.1295091],9955,9207
263,[00:30:26.1495237],10057,9567
264,[00:30:26.1696383],9713,9341
265,[00:30:26.1897503],10052,9119
266,[00:30:26.2097609],9564,9565
267,[00:30:26.2298671],10040,10212
268,[00:30:26.2498769],10816,11017
269,[00:30:26.2700336],8496,11004
270,[00:30:26.2901400],9466,10021
271,[00:30:26.3101372],9038,8964
272,[00:30:26.3302581],8191,10526
273,[00:30:26.3508572],8838,9229
274,[00:30:26.3705117],10036,8092
275,[00:30:26.3904694],9267,8601
276,[00:30:26.4105697],8918,9946
277,[00:30:26.4306788],9439,10814
278,[00:30:26.4507450],7973,9876
279,[00:30:26.4707875],7911,11598
280,[00:30:26.4908673],11189,8516
281,[00:30:26.5110060],9682,9684
282,[00:30:26.5309603],10050,8849
283,[00:30:26.5511839],9030,11229
284,[00:30:26.5711810],8063,9706
285,[00:30:26.5912502],9852,9418
286,[00:30:26.6113398],7983,9572
287,[00:30:26.6314869],9654,10552
288,[00:30:26.6514514],9390,10569
289,[00:30:26.6715517],6770,9750
290,[00:30:26.6916642],9873,9939
291,[00:30:26.7116695],10301,8385
292,[00:30:26.7317976],8926,11524
293,[00:30:26.7518012],9372,9855
294,[00:30:26.7719901],8950,7538
295,[00:30:26.7921596],9241,10351
296,[00:30:26.8122020],10083,9566
297,[00:30:26.8322663],9142,9743
298,[00:30:26.8523325],7825,8642
299,[00:30:26.8724258],8064,9574
300,[00:30:26.8924587],8697,10725
301,[00:30:26.9125914],7539,9428
302,[00:30:26.9326593],9654,10944
303,[00:30:26.9527737],9396,10513
304,[00:30:26.9728370],9660,10726
305,[00:30:26.9928489],8807,9014
306,[00:30:27.0129231],9921,11530
307,[00:30:27.0330354],9992,10157
308,[00:30:27.0530808],10041,10392
309,[00:30:27.0731099],9631,9371
310,[00:30:27.0932598],10186,8873
311,[00:30:27.1133180],9771,10534
312,[00:30:27.1334113],10011,10093
313,[00:30:27.1536270],9310,8877
314,[00:30:27.1736022],11025,7764
315,[00:30:27.1936232],9835,8275
316,[00:30:27.2137080],9594,9920
317,[00:30:27.2338069],10920,9953
318,[00:30:27.2538786],10778,10636
319,[00:30:27.2738810],10288,10813
320,[00:30:27.2941435],8441,10616
321,[00:30:27.3141126],9922,9913
322,[00:30:27.3342552],10110,9454
323,[00:30:27.3543232],9721,10636
324,[00:30:27.3743835],9095,11435
325,[00:30:27.3944244],8451,9845
326,[00:30:27.4145109],10272,10567
327,[00:30:27.4345458],9731,8842
328,[00:30:27.4546288],8970,8564
329,[00:30:27.4746770],10039,10077
330,[00:30:27.4947538],9164,10197
331,[00:30:27.5149541],9273,9532
332,[00:30:27.5350201],8705,11540
333,[00:30:27.5550705],8608,10615
334,[00:30:27.5751565],9640,9832
335,[00:30:27.5951953],8918,8452
336,[00:30:27.6153648],10926,9579
337,[00:30:27.6354096],8507,10419
338,[00:30:27.6554971],9696,10228
339,[00:30:27.6755002],8958,10000
340,[00:30:27.6956071],8961,10769
341,[00:30:27.7156243],10559,9179
342,[00:30:27.7357205],11349,8429
343,[00:30:27.7559181],9451,10566
344,[00:30:27.7759235],8738,9014
345,[00:30:27.7960429],9894,8963
346,[00:30:27.8160122],9770,8392
347,[00:30:27.8362306],10168,8688
348,[00:30:27.8562547],10326,8915
349,[00:30:27.8763418],9137,10196
350,[00:30:27.8963973],8867,9435
351,[00:30:27.9164803],9789,10159
352,[00:30:27.9365564],8437,10113
353,[00:30:27.9566818],9178,11337
354,[00:30:27.9767178],10435,10679
355,[00:30:27.9967728],8704,10150
356,[00:30:28.0168586],8943,8680
357,[00:30:28.0369627],7825,9298
358,[00:30:28.0570541],8817,8703
359,[00:30:28.0771139],9286,9974
360,[00:30:28.0972984],9601,8722
361,[00:30:28.1172752],7796,10255
362,[00:30:28.1372893],10063,8723
363,[00:30:28.1574043],11150,8748
364,[00:30:28.1775174],8921,10419
365,[00:30:28.1975425],8562,9133
366,[00:30:28.2176200],10290,7951
367,[00:30:28.2376613],8815,8674
368,[00:30:28.2578237],8654,8964
369,[00:30:28.2778643],8095,9666
370,[00:30:28.2983786],10503,8878
371,[00:30:28.3180164],8964,6507
372,[00:30:28.3381422],8730,8850
373,[00:30:28.3586834],7660,8623
374,[00:30:28.3783070],9320,7317
375,[00:30:28.3983594],7093,8008
376,[00:30:28.4183238],9033,9617
377,[00:30:28.4384407],9726,10065
378,[00:30:28.4585082],8834,7807
379,[00:30:28.4786850],10327,8259
380,[00:30:28.4987661],10331,7780
381,[00:30:28.5188490],9927,10417
382,[00:30:28.5390432],11251,9594
383,[00:30:28.5589729],7359,11386
384,[00:30:28.5790867],9934,8517
385,[00:30:28.5992244],9897,8417
386,[00:30:28.6192904],9316,10015
387,[00:30:28.6397160],9593,9234
388,[00:30:28.6594629],8875,8534
389,[00:30:28.6795017],9876,8910
390,[00:30:28.6995626],10259,8151
391,[00:30:28.7196379],8579,10340
392,[00:30:28.7397330],8751,7775
393,[00:30:28.7597759],8100,8290
394,[00:30:28.7800635],10211,10611
395,[00:30:28.7999784],9545,8203
396,[00:30:28.8200788],9360,9268
397,[00:30:28.8401532],9416,8783
398,[00:30:28.8602192],8814,8749
399,[00:30:28.8802474],9794,10708
400,[00:30:28.9004248],9483,7510
401,[00:30:28.9204282],7962,9418
402,[00:30:28.9404773],9041,8523
403,[00:30:28.9605960],8912,8706
404,[00:30:28.9806810],9867,9287
405,[00:30:29.0007543],8865,10118
406,[00:30:29.0208545],8406,8615
407,[00:30:29.0409358],9455,10889
408,[00:30:29.0610130],11853,10163
409,[00:30:29.0811284],9343,8859
410,[00:30:29.1011396],8447,8174
411,[00:30:29.1212191],9058,8697
412,[00:30:29.1412758],9936,7176
413,[00:30:29.1613517],8899,8849
414,[00:30:29.1814539],8164,8809
415,[00:30:29.2014912],7854,8219
416,[00:30:29.2214852],10283,8808
417,[00:30:29.2415526],9017,8670
418,[00:30:29.2617652],9066,8868
419,[00:30:29.2818450],8857,10049
420,[00:30:29.3018928],9762,9258
421,[00:30:29.3219639],9322,8668
422,[00:30:29.3419746],8391,8067
423,[00:30:29.3621065],9087,9315
424,[00:30:29.3822572],9510,8463
425,[00:30:29.4022310],11897,7289
426,[00:30:29.4223419],10024,8287
427,[00:30:29.4424871],9336,7596
428,[00:30:29.4625345],8954,9608
429,[00:30:29.4825876],10476,8726
430,[00:30:29.5027669],9782,9069
431,[00:30:29.5228365],9612,8405
432,[00:30:29.5428051],7874,8802
433,[00:30:29.5629910],10586,7666
434,[00:30:29.5834925],9435,7885
435,[00:30:29.6037777],9558,8975
436,[00:30:29.6231659],8216,7650
437,[00:30:29.6432990],8385,8590
438,[00:30:29.6633316],10395,9213
439,[00:30:29.6841347],9170,8679
440,[00:30:29.7035234],9841,8393
441,[00:30:29.7236167],8862,8108
442,[00:30:29.7436705],9089,7820
443,[00:30:29.7636913],8237,8307
444,[00:30:29.7838477],8724,8841
445,[00:30:29.8038823],8952,9395
446,[00:30:29.8239445],9594,8606
447,[00:30:29.8440682],8432,7928
448,[00:30:29.8641408],10577,8645
449,[00:30:29.8841411],10508,9075
450,[00:30:29.9043558],8392,7965
451,[00:30:29.9243734],8701,9212
452,[00:30:29.9444538],8881,7826
453,[00:30:29.9645606],9615,9388
454,[00:30:29.9845477],10867,8641
455,[00:30:30.0045857],9516,10238
456,[00:30:30.0248123],8650,10384
457,[00:30:30.0448486],8790,10502
458,[00:30:30.0650179],10004,9779
459,[00:30:30.0849322],9748,8628
460,[00:30:30.1050059],9884,9633
461,[00:30:30.1251058],9362,9667
462,[00:30:30.1451589],7448,8990
463,[00:30:30.1653442],9364,8793
464,[00:30:30.1853109],8421,9465
465,[00:30:30.2054803],8024,7976
466,[00:30:30.2254357],9360,8810
467,[00:30:30.2455642],9848,7736
468,[00:30:30.2656772],10512,8116
469,[00:30:30.2858061],10652,8402
470,[00:30:30.3058430],9033,8631
471,[00:30:30.3260083],8278,9858
472,[00:30:30.3459448],10782,7969
473,[00:30:30.3661114],10010,7664
474,[00:30:30.3861000],7640,9987
475,[00:30:30.4063471],9698,7636
476,[00:30:30.4263936],9977,9584
477,[00:30:30.4463438],12148,9289
478,[00:30:30.4664800],7296,9947
479,[00:30:30.4865801],8954,9979
480,[00:30:30.5066229],11224,8874
481,[00:30:30.5267856],9377,8539
482,[00:30:30.5469020],8429,8213
483,[00:30:30.5670267],10641,9062
484,[00:30:30.5868655],9855,7587
485,[00:30:30.6069973],8736,8117
486,[00:30:30.6271087],10423,10206
487,[00:30:30.6471914],8524,8375
488,[00:30:30.6674353],9491,9783
489,[00:30:30.6873152],8861,8628
490,[00:30:30.7075717],9944,7771
491,[00:30:30.7276378],8307,7769
492,[00:30:30.7478236],7662,10589
493,[00:30:30.7678415],8945,8371
494,[00:30:30.7879701],9661,9605
495,[00:30:30.8078348],9718,9154
496,[00:30:30.8280421],9249,8792
497,[00:30:30.8480513],10437,9471
498,[00:30:30.8680077],11626,9824
499,[00:30:30.8882718],10375,9058
500,[00:30:30.9081723],9771,8287
501,[00:30:30.9282781],8847,8441
502,[00:30:30.9483610],9804,9955
503,[00:30:30.9684483],8748,8850
504,[00:30:30.9885117],11223,9975
505,[00:30:31.0085904],10622,8942
506,[00:30:31.0286278],9737,8936
507,[00:30:31.0487429],10122,9525
508,[00:30:31.0688299],9786,9376
509,[00:30:31.0888352],9893,9983
510,[00:30:31.1089849],8770,7354
511,[00:30:31.1290850],9409,8070
512,[00:30:31.1490868],8736,9233
513,[00:30:31.1692485],9244,7464
514,[00:30:31.1893444],10515,8353
515,[00:30:31.2093894],10924,9806
516,[00:30:31.2294252],9011,8866
517,[00:30:31.2494356],11541,9177
518,[00:30:31.2695182],9133,9817
519,[00:30:31.2897169],11179,10541
520,[00:30:31.3097818],9223,8636
521,[00:30:31.3300367],8988,8877
522,[00:30:31.3499733],9640,8353
523,[00:30:31.3701010],9015,10372
524,[00:30:31.3900544],10372,9313
525,[00:30:31.4100983],10453,9998
526,[00:30:31.4302959],8346,7220
527,[00:30:31.4503409],9825,9232
528,[00:30:31.4704276],10944,6957
529,[00:30:31.4906271],10449,8770
530,[00:30:31.5107546],10297,8523
531,[00:30:31.5308167],9987,6404
532,[00:30:31.5507229],9406,8437
533,[00:30:31.5707808],9708,9215
534,[00:30:31.5908976],10049,8466
535,[00:30:31.6110021],11162,9396
536,[00:30:31.6310896],10006,9900
537,[00:30:31.6512045],9300,9572
538,[00:30:31.6712079],10769,8152
539,[00:30:31.6912823],10126,6418
540,[00:30:31.7114976],10195,7033
541,[00:30:31.7314213],9115,8254
542,[00:30:31.7515211],10438,9313
543,[00:30:31.7715783],9236,9011
544,[00:30:31.7925461],8838,8161
545,[00:30:31.8117929],9475,8735
546,[00:30:31.8317739],9765,7814
547,[00:30:31.8518887],9295,7738
548,[00:30:31.8719443],9889,7947
549,[00:30:31.8920822],9554,8303
550,[00:30:31.9121469],7969,8802
551,[00:30:31.9327562],9336,9576
552,[00:30:31.9525275],9488,8301
553,[00:30:31.9724114],9753,9621
554,[00:30:31.9927842],9063,10569
555,[00:30:32.0126086],10889,10128
556,[00:30:32.0332519],10709,9270
557,[00:30:32.0526481],9662,9831
558,[00:30:32.0733052],9615,7792
559,[00:30:32.0928731],10947,9316
560,[00:30:32.1129681],11238,8303
561,[00:30:32.1330683],10581,9629
562,[00:30:32.1531539],10986,7961
563,[00:30:32.1732460],10365,8718
564,[00:30:32.1932198],10290,10144
565,[00:30:32.2133933],10963,9272
566,[00:30:32.2334220],10018,9985
567,[00:30:32.2535117],9228,8727
568,[00:30:32.2735742],9695,7586
569,[00:30:32.2937924],9988,10361
570,[00:30:32.3136945],10568,8424
571,[00:30:32.3338825],9288,9478
572,[00:30:32.3539054],11010,8472
573,[00:30:32.3740802],9877,9628
574,[00:30:32.3940362],9102,9104
575,[00:30:32.4141074],8742,10054
576,[00:30:32.4341799],9005,8799
577,[00:30:32.4542793],10214,8226
578,[00:30:32.4743806],9639,9633
579,[00:30:32.4944950],10212,9964
580,[00:30:32.5145930],9958,8752
581,[00:30:32.5346604],8800,9836
582,[00:30:32.5547135],11634,9108
583,[00:30:32.5747570],8867,10201
584,[00:30:32.5948326],10913,8594
585,[00:30:32.6149722],10247,10444
586,[00:30:32.6350010],10057,10612
587,[00:30:32.6550880],7938,9612
588,[00:30:32.6751901],9444,8530
589,[00:30:32.6952584],10942,10121
590,[00:30:32.7157678],8385,9368
591,[00:30:32.7360317],9359,9240
592,[00:30:32.7556501],10670,9235
593,[00:30:32.7761487],8472,11346
594,[00:30:32.7958810],9940,9527
595,[00:30:32.8157630],10004,9234
596,[00:30:32.8357908],11029,8343
597,[00:30:32.8558332],7988,10255
598,[00:30:32.8759795],9409,9327
599,[00:30:32.8960260],9189,10981
600,[00:30:32.9161531],9882,9672
601,[00:30:32.9363355],10375,10765
602,[00:30:32.9563238],9041,9382
603,[00:30:32.9763554],11298,10129
604,[00:30:32.9964157],8950,7276
605,[00:30:33.0165299],9830,10852
606,[00:30:33.0365847],10678,10605
607,[00:30:33.0567331],8721,9610
608,[00:30:33.0767392],10216,10016
609,[00:30:33.0968307],9336,8859
610,[00:30:33.1178366],9439,10325
611,[00:30:33.1368921],10438,10648
612,[00:30:33.1570087],9519,8905
613,[00:30:33.1770384],9840,11107
614,[00:30:33.1970772],9037,9962
615,[00:30:33.2172805],9104,8673
616,[00:30:33.2373436],9849,9063
617,[00:30:33.2573017],10815,8992
618,[00:30:33.2775234],10952,9190
619,[00:30:33.2978132],9891,11805
620,[00:30:33.3176394],7492,10000
621,[00:30:33.3379265],8675,10494
622,[00:30:33.3580074],10742,8642
623,[00:30:33.3779500],10340,9478
624,[00:30:33.3979255],9915,10089
625,[00:30:33.4180975],10710,10209
626,[00:30:33.4383064],7305,9365
627,[00:30:33.4582807],9711,11248
628,[00:30:33.4782540],9726,10081
629,[00:30:33.4984690],9284,10071
630,[00:30:33.5186343],8386,9921
631,[00:30:33.5385175],9630,8785
632,[00:30:33.5588238],10279,9073
633,[00:30:33.5788593],8662,10025
634,[00:30:33.5989567],9540,10016
635,[00:30:33.6188250],9723,8868
636,[00:30:33.6390940],10043,9635
637,[00:30:33.6589853],10058,9112
638,[00:30:33.6792617],8735,9304
639,[00:30:33.6991090],10782,8986
640,[00:30:33.7194006],9908,7960
641,[00:30:33.7394506],9365,9672
642,[00:30:33.7593944],10072,11733
643,[00:30:33.7796274],9501,9354
644,[00:30:33.7995406],8745,10475
645,[00:30:33.8196197],9612,8763
646,[00:30:33.8397271],8701,10896
647,[00:30:33.8598001],9336,7850
648,[00:30:33.8800627],8489,10369
649,[00:30:33.8999704],8455,7113
650,[00:30:33.9200192],8668,10427
651,[00:30:33.9401069],10826,10117
652,[00:30:33.9602607],9748,9054
653,[00:30:33.9802620],9046,8887
654,[00:30:34.0003533],8438,8499
655,[00:30:34.0204362],8449,9560
656,[00:30:34.0404842],8404,9271
657,[00:30:34.0605982],9279,9173
658,[00:30:34.0807079],8028,8442
659,[00:30:34.1007308],9893,8806
660,[00:30:34.1208826],10143,9781
661,[00:30:34.1408716],10545,9860
662,[00:30:34.1609853],8189,8459
663,[00:30:34.1810710],9661,7670
664,[00:30:34.2011340],8677,7970
665,[00:30:34.2211206],9209,8301
666,[00:30:34.2413117],9963,9180
667,[00:30:34.2615453],8860,8077
668,[00:30:34.2816289],9761,8472
669,[00:30:34.3016879],9701,8964
670,[00:30:34.3215495],9130,8963
671,[00:30:34.3434555],9630,8872
672,[00:30:34.3617762],8779,10032
673,[00:30:34.3819518],9214,8695
674,[00:30:34.4018906],8491,8542
675,[00:30:34.4221691],9003,8389
676,[00:30:34.4421492],8707,8987
677,[00:30:34.4622769],10543,10170
678,[00:30:34.4827915],9193,8713
679,[00:30:34.5023389],9691,10477
680,[00:30:34.5223114],10149,9293
681,[00:30:34.5424779],7796,8821
682,[00:30:34.5625555],9264,9061
683,[00:30:34.5826337],9150,8259
684,[00:30:34.6026551],9390,8288
685,[00:30:34.6229269],9360,9318
686,[00:30:34.6430052],9252,9327
687,[00:30:34.6629810],9245,9621
688,[00:30:34.6829826],8716,9874
689,[00:30:34.7032525],9642,9315
690,[00:30:34.7232662],9590,8774
691,[00:30:34.7432549],7485,9882
692,[00:30:34.7633192],9489,8570
693,[00:30:34.7834805],9937,9228
694,[00:30:34.8036637],9170,8319
695,[00:30:34.8237244],10720,9529
696,[00:30:34.8436550],11533,9581
697,[00:30:34.8637229],9509,9021
698,[00:30:34.8838338],9897,9179
699,[00:30:34.9039729],8628,6458
700,[00:30:34.9239378],9357,10247
701,[00:30:34.9440304],9752,7243
702,[00:30:34.9642182],9717,7760
703,[00:30:34.9842401],10487,9658
704,[00:30:35.0042279],8637,8493
705,[00:30:35.0243362],8109,8253
706,[00:30:35.0444529],8400,8417
707,[00:30:35.0645248],9759,9502
708,[00:30:35.0846282],8911,8412
709,[00:30:35.1046806],9924,9734
710,[00:30:35.1247903],9126,8608
711,[00:30:35.1447819],9481,9966
712,[00:30:35.1650737],10178,8453
713,[00:30:35.1849718],10908,8230
714,[00:30:35.2050651],9500,7113
715,[00:30:35.2251125],9095,8359
716,[00:30:35.2451734],10403,8832
717,[00:30:35.2652951],8770,8846
718,[00:30:35.2854453],10001,8241
719,[00:30:35.3054477],10034,11086
720,[00:30:35.3256284],10590,11318
721,[00:30:35.3455845],8707,9394
722,[00:30:35.3665246],11734,10655
723,[00:30:35.3857802],8654,10107
724,[00:30:35.4058194],9104,10417
725,[00:30:35.4258769],8842,8868
726,[00:30:35.4459097],11725,8171
727,[00:30:35.4661535],9363,10011
728,[00:30:35.4861393],9379,7839
729,[00:30:35.5062812],9432,8263
730,[00:30:35.5263780],10563,7550
731,[00:30:35.5464936],9411,8187
732,[00:30:35.5672672],10034,10016
733,[00:30:35.5865590],8570,9978
734,[00:30:35.6071078],9665,9080
735,[00:30:35.6267335],8495,9572
736,[00:30:35.6468734],10658,10042
737,[00:30:35.6675605],8632,9258
738,[00:30:35.6869716],8894,8500
739,[00:30:35.7070503],9467,10521
740,[00:30:35.7271481],10392,7939
741,[00:30:35.7472485],7817,9227
742,[00:30:35.7672615],9791,7749
743,[00:30:35.7878260],9661,9308
744,[00:30:35.8074832],9487,8662
745,[00:30:35.8274927],10593,8117
746,[00:30:35.8476460],10127,9413
747,[00:30:35.8677002],9070,10241
748,[00:30:35.8877494],9012,9851
749,[00:30:35.9079063],9940,9210
750,[00:30:35.9279834],9115,10060
751,[00:30:35.9480014],8627,8412
752,[00:30:35.9681006],9065,10360
753,[00:30:35.9881420],10085,11727
754,[00:30:36.0082071],8867,8824
755,[00:30:36.0283953],9795,9623
756,[00:30:36.0489495],10851,9566
757,[00:30:36.0684955],8970,9640
758,[00:30:36.0885716],9585,11442
759,[00:30:36.1086281],9204,9728
760,[00:30:36.1286354],10487,8287
761,[00:30:36.1487971],9652,10220
762,[00:30:36.1688722],9018,10984
763,[00:30:36.1889493],9864,9997
764,[00:30:36.2089719],10368,8716
765,[00:30:36.2290754],9782,9744
766,[00:30:36.2497666],10179,8676
767,[00:30:36.2692534],9231,8649
768,[00:30:36.2893719],9525,10742
769,[00:30:36.3095602],8819,8732
770,[00:30:36.3295340],9929,9358
771,[00:30:36.3503180],10757,10442
772,[00:30:36.3696866],8705,10237
773,[00:30:36.3896998],10029,10714
774,[00:30:36.4098605],9534,8889
775,[00:30:36.4297744],10543,7701
776,[00:30:36.4499466],8089,8095
777,[00:30:36.4699979],8390,9817
778,[00:30:36.4900252],10193,8332
779,[00:30:36.5102437],8781,9313
780,[00:30:36.5302360],7622,9470
781,[00:30:36.5503470],9271,8965
782,[00:30:36.5703787],9840,9267
783,[00:30:36.5904865],9028,9298
784,[00:30:36.6106041],7875,8483
785,[00:30:36.6308139],9421,11145
786,[00:30:36.6506518],8582,11007
787,[00:30:36.6707608],8862,9868
788,[00:30:36.6908815],8179,8207
789,[00:30:36.7109211],10162,6925
790,[00:30:36.7310043],10101,10011
791,[00:30:36.7511425],8541,8990
792,[00:30:36.7711623],8773,10218
793,[00:30:36.7913258],9051,10432
794,[00:30:36.8113711],9400,11184
795,[00:30:36.8314584],9555,10711
796,[00:30:36.8515540],9049,8521
797,[00:30:36.8716071],9705,9406
798,[00:30:36.8916272],9594,10349
799,[00:30:36.9116370],8097,10349
800,[00:30:36.9318782],9921,8646
801,[00:30:36.9519444],10956,10560
802,[00:30:36.9720111],10977,10303
803,[00:30:36.9920977],9256,10353
804,[00:30:37.0122334],11101,9856
805,[00:30:37.0322700],11436,10272
806,[00:30:37.0522863],8650,9268
807,[00:30:37.0724277],9607,8295
808,[00:30:37.0924657],9587,10584
809,[00:30:37.1125139],11111,10128
810,[00:30:37.1326562],9758,10122
811,[00:30:37.1527283],9469,10814
812,[00:30:37.1728430],9160,10265
813,[00:30:37.1929242],9795,10779
814,[00:30:37.2128989],9244,9264
815,[00:30:37.2329970],9397,9692
816,[00:30:37.2531286],9959,11079
817,[00:30:37.2731658],9378,10903
818,[00:30:37.2931699],8454,10622
819,[00:30:37.3134474],8837,9104
820,[00:30:37.3334714],10448,8596
821,[00:30:37.3535807],9716,10136
822,[00:30:37.3736051],9834,9722
823,[00:30:37.3936054],8332,9644
824,[00:30:37.4137314],8908,8682
825,[00:30:37.4336976],10394,10510
826,[00:30:37.4539162],9510,9705
827,[00:30:37.4739911],9500,8083
828,[00:30:37.4940172],9855,8150
829,[00:30:37.5141213],10531,10267
830,[00:30:37.5341487],11502,9814
831,[00:30:37.5543171],10571,10696
832,[00:30:37.5742605],9776,9248
833,[00:30:37.5944037],9936,8217
834,[00:30:37.6144024],8324,9035
835,[00:30:37.6345112],9569,9863
836,[00:30:37.6546775],9142,10902
837,[00:30:37.6746442],9515,11185
838,[00:30:37.6947943],8315,8758
839,[00:30:37.7153826],8115,9034
840,[00:30:37.7350372],9234,8559
841,[00:30:37.7550476],9436,9274
842,[00:30:37.7751803],9664,8453
843,[00:30:37.7953490],9570,8720
844,[00:30:37.8152695],9213,8300
845,[00:30:37.8354167],9751,7842
846,[00:30:37.8555118],9883,9745
847,[00:30:37.8755993],9299,8996
848,[00:30:37.8957390],9215,8104
849,[00:30:37.9158807],8543,11717
850,[00:30:37.9357499],10041,8218
851,[00:30:37.9560331],10261,7755
852,[00:30:37.9758904],9502,9531
853,[00:30:37.9962064],9496,10769
854,[00:30:38.0162873],9877,9075
855,[00:30:38.0363639],9413,9992
856,[00:30:38.0564013],9267,10079
857,[00:30:38.0764523],9556,7742
858,[00:30:38.0963299],9877,8688
859,[00:30:38.1183324],8173,7715
860,[00:30:38.1365330],10188,8722
861,[00:30:38.1567002],9005,9517
862,[00:30:38.1767110],10357,9179
863,[00:30:38.1967374],10859,8482
864,[00:30:38.2168473],9833,9078
865,[00:30:38.2369422],10207,7023
866,[00:30:38.2570601],9758,7933
867,[00:30:38.2771666],9514,7754
868,[00:30:38.2972524],9919,8130
869,[00:30:38.3172719],10147,8275
870,[00:30:38.3372958],9756,8334
871,[00:30:38.3573473],8108,9359
872,[00:30:38.3774741],8355,10273
873,[00:30:38.3974933],9480,8339
874,[00:30:38.4176016],9759,10251
875,[00:30:38.4376357],8310,8317
876,[00:30:38.4577898],10959,9564
877,[00:30:38.4778765],8496,9486
878,[00:30:38.4980389],9538,8530
879,[00:30:38.5180034],9923,8398
880,[00:30:38.5383472],9958,8176
881,[00:30:38.5584312],9796,10508
882,[00:30:38.5782758],10270,8517
883,[00:30:38.5983834],10298,9544
884,[00:30:38.6184437],9139,9590
885,[00:30:38.6384881],10265,10181
886,[00:30:38.6587682],8525,8828
887,[00:30:38.6786842],9191,7259
888,[00:30:38.6993739],9746,10218
889,[00:30:38.7187730],8847,8121
890,[00:30:38.7388459],8834,8100
891,[00:30:38.7589710],8996,9205
892,[00:30:38.7789989],8170,8635
893,[00:30:38.7994129],9011,9005
894,[00:30:38.8193666],9477,8817
895,[00:30:38.8392784],9733,9035
896,[00:30:38.8593893],9928,10001
897,[00:30:38.8794214],10555,7641
898,[00:30:38.8995835],8876,7564
899,[00:30:38.9195310],11301,9668
900,[00:30:38.9397168],9739,10247
901,[00:30:38.9598233],9255,9205
902,[00:30:38.9800127],9828,8656
903,[00:30:39.0000256],9719,10001
904,[00:30:39.0200401],11379,7931
905,[00:30:39.0400939],8745,9683
906,[00:30:39.0602540],9682,8566
907,[00:30:39.0804894],8423,9755
908,[00:30:39.1003278],8487,8752
909,[00:30:39.1204601],9802,8061
910,[00:30:39.1405908],9207,8028
911,[00:30:39.1605664],9872,9834
912,[00:30:39.1806936],9344,8731
913,[00:30:39.2007646],9188,9453
914,[00:30:39.2208976],9731,9215
915,[00:30:39.2409405],9092,8371
916,[00:30:39.2610478],8981,10820
917,[00:30:39.2811038],9661,8785
918,[00:30:39.3011081],8212,10565
919,[00:30:39.3212262],9296,10137
920,[00:30:39.3413114],8847,10579
921,[00:30:39.3613911],10665,9669
922,[00:30:39.3819291],8575,7050
923,[00:30:39.4015892],9233,8454
924,[00:30:39.4216806],8735,9276
925,[00:30:39.4424093],9453,8562
926,[00:30:39.4618093],9367,9547
927,[00:30:39.4825255],10230,8686
928,[00:30:39.5018820],9853,8614
929,[00:30:39.5219783],8131,10372
930,[00:30:39.5420973],9814,9549
931,[00:30:39.5621722],8024,10653
932,[00:30:39.5822088],9679,9860
933,[00:30:39.6023625],9342,9749
934,[00:30:39.6224509],9430,8436
935,[00:30:39.6423577],9941,7033
936,[00:30:39.6625994],8386,9200
937,[00:30:39.6826307],9577,8584
938,[00:30:39.7027686],8806,9543
939,[00:30:39.7228179],11026,9633
940,[00:30:39.7431268],9488,9950
941,[00:30:39.7630072],9513,8820
942,[00:30:39.7841082],8549,9081
943,[00:30:39.8032654],8238,10647
944,[00:30:39.8232494],10562,9236
945,[00:30:39.8434981],9358,9011
946,[00:30:39.8633703],7631,9054
947,[00:30:39.8834082],10349,7585
948,[00:30:39.9035645],7621,8597
949,[00:30:39.9236490],8598,9462
950,[00:30:39.9437106],8277,8339
951,[00:30:39.9638394],8817,7597
952,[00:30:39.9838380],10375,9997
953,[00:30:40.0038863],9487,8993
954,[00:30:40.0240165],8698,9599
955,[00:30:40.0441103],8707,9694
956,[00:30:40.0641310],9451,10187
957,[00:30:40.0842661],9594,9175
958,[00:30:40.1043479],8638,9330
959,[00:30:40.1244001],9433,8118
960,[00:30:40.1444608],10186,8999
961,[00:30:40.1645205],11401,11067
962,[00:30:40.1846133],11295,10006
963,[00:30:40.2047188],10171,9256
964,[00:30:40.2247190],9265,9049
965,[00:30:40.2447761],10300,10443
966,[00:30:40.2649228],9432,7820
967,[00:30:40.2849911],9674,9233
968,[00:30:40.3051028],8008,9550
969,[00:30:40.3251040],8374,8070
970,[00:30:40.3452351],9622,9590
971,[00:30:40.3652802],10141,10271
972,[00:30:40.3853135],11215,9193
973,[00:30:40.4054036],10785,8185
974,[00:30:40.4256072],10187,9596
975,[00:30:40.4455710],9525,9300
976,[00:30:40.4657410],8424,9863
977,[00:30:40.4857095],9621,7498
978,[00:30:40.5058959],10159,8614
979,[00:30:40.5259997],8761,9479
980,[00:30:40.5460528],8961,8594
981,[00:30:40.5660159],10885,8202
982,[00:30:40.5861595],10124,8759
983,[00:30:40.6062629],10157,8886
984,[00:30:40.6262610],9389,10188
985,[00:30:40.6467132],9926,9462
986,[00:30:40.6664629],7407,9575
987,[00:30:40.6865847],9446,9895
988,[00:30:40.7066242],10354,9545
989,[00:30:40.7268557],10194,10376
990,[00:30:40.7468679],9268,9996
991,[00:30:40.7669161],10540,10968
992,[00:30:40.7869921],9598,7541
993,[00:30:40.8071533],8966,9545
994,[00:30:40.8271668],9785,8891
995,[00:30:40.8471475],10882,10339
996,[00:30:40.8672623],9646,8172
997,[00:30:40.8873243],9096,9953
998,[00:30:40.9075758],9582,9329
999,[00:30:40.9276666],9440,10725
1000,[00:30:40.9475812],9033,8946
1001,[00:30:40.9677786],10245,9521
1002,[00:30:40.9877287],9117,9613
1003,[00:30:41.0079067],8110,9326
1004,[00:30:41.0278654],10170,9880
1005,[00:30:41.0481405],11167,9199
1006,[00:30:41.0680621],10475,10055
1007,[00:30:41.0882398],10128,8914
1008,[00:30:41.1082328],10235,8749
1009,[00:30:41.1283528],8152,8878
1010,[00:30:41.1484087],9577,9090
1011,[00:30:41.1684516],8731,8574
1012,[00:30:41.1885511],8165,9236
1013,[00:30:41.2086479],9802,11089
1014,[00:30:41.2287339],9260,11601
1015,[00:30:41.2493143],9124,10873
1016,[00:30:41.2688025],9360,9745
1017,[00:30:41.2888781],9643,8849
1018,[00:30:41.3089940],8860,10724
1019,[00:30:41.3291008],9333,8964
1020,[00:30:41.3493669],10318,10870
1021,[00:30:41.3692651],9951,9464
1022,[00:30:41.3893788],9592,7866
1023,[00:30:41.4093302],10378,8426
1024,[00:30:41.4294037],9385,10440
1025,[00:30:41.4495661],9698,10013
1026,[00:30:41.4695679],11058,10968
1027,[00:30:41.4896179],11667,9819
1028,[00:30:41.5097264],9931,10440
1029,[00:30:41.5298794],9606,8302
1030,[00:30:41.5498958],8549,8854
1031,[00:30:41.5702110],8645,9443
1032,[00:30:41.5901274],10456,8884
1033,[00:30:41.6101817],11280,10622
1034,[00:30:41.6303584],11228,11502
1035,[00:30:41.6504097],10683,11223
1036,[00:30:41.6703705],9198,9590
1037,[00:30:41.6905456],10268,8806
1038,[00:30:41.7107503],9700,10709
1039,[00:30:41.7306577],10331,9481
1040,[00:30:41.7507479],8362,7614
1041,[00:30:41.7709303],10147,10084
1042,[00:30:41.7910960],9714,10949
1043,[00:30:41.8110318],7680,9158
1044,[00:30:41.8311871],10861,10521
1045,[00:30:41.8512200],10976,9756
1046,[00:30:41.8712215],9540,9010
1047,[00:30:41.8912550],9443,10324
1048,[00:30:41.9114704],8264,9685
1049,[00:30:41.9318931],11529,10851
1050,[00:30:41.9515275],11402,10201
1051,[00:30:41.9717180],9862,8731
1052,[00:30:41.9917365],11020,9272
1053,[00:30:42.0118074],10008,10784
1054,[00:30:42.0318707],9373,10844
1055,[00:30:42.0520065],9514,10256
1056,[00:30:42.0720476],9185,9154
1057,[00:30:42.0920520],8738,10564
1058,[00:30:42.1121178],8484,10262
1059,[00:30:42.1323155],10435,11464
1060,[00:30:42.1524399],11111,10451
1061,[00:30:42.1724437],9815,9720
1062,[00:30:42.1925087],10916,9516
1063,[00:30:42.2127356],9149,9607
1064,[00:30:42.2325980],10918,9919
1065,[00:30:42.2527077],9762,10228
1066,[00:30:42.2728350],10291,10464
1067,[00:30:42.2928927],8526,11447
1068,[00:30:42.3129103],9238,9964
1069,[00:30:42.3330251],11388,11150
1070,[00:30:42.3531239],10088,9732
1071,[00:30:42.3731472],9625,9819
1072,[00:30:42.3932238],8980,10805
1073,[00:30:42.4134428],9479,8843
1074,[00:30:42.4334568],12261,9428
1075,[00:30:42.4534745],11962,10028
1076,[00:30:42.4737450],8638,9001
1077,[00:30:42.4935779],10309,10272
1078,[00:30:42.5137589],9624,9185
1079,[00:30:42.5338472],9628,9701
1080,[00:30:42.5540897],9262,10674
1081,[00:30:42.5740072],10230,10231
1082,[00:30:42.5940184],9015,8038
1083,[00:30:42.6143034],10107,10439
1084,[00:30:42.6342225],10070,10689
1085,[00:30:42.6542940],8941,8332
1086,[00:30:42.6744069],9467,10112
1087,[00:30:42.6944465],8507,9530
1088,[00:30:42.7145751],9593,9480
1089,[00:30:42.7346185],9523,9412
1090,[00:30:42.7548516],10538,9509
1091,[00:30:42.7748144],9620,9186
1092,[00:30:42.7957170],9596,10037
1093,[00:30:42.8161208],12195,10477
1094,[00:30:42.8350308],8986,10848
1095,[00:30:42.8551258],9183,8917
1096,[00:30:42.8751903],9377,9069
1097,[00:30:42.8952765],10844,10150
1098,[00:30:42.9154127],11000,8413
1099,[00:30:42.9355379],9738,9871
1100,[00:30:42.9555916],8730,9828
1101,[00:30:42.9755606],10458,7844
1102,[00:30:42.9956630],11955,8749
1103,[00:30:43.0157139],9315,9702
1104,[00:30:43.0358693],9756,10226
1105,[00:30:43.0558811],10056,10483
1106,[00:30:43.0759825],9435,9463
1107,[00:30:43.0960259],10023,11269
1108,[00:30:43.1161095],9862,9500
1109,[00:30:43.1361790],11731,10820
1110,[00:30:43.1563260],9678,10474
1111,[00:30:43.1763893],10825,11418
1112,[00:30:43.1964216],10356,10363
1113,[00:30:43.2165048],9571,9023
1114,[00:30:43.2366434],9370,10761
1115,[00:30:43.2566099],10796,8898
1116,[00:30:43.2767226],10347,9847
1117,[00:30:43.2968539],8338,8156
1118,[00:30:43.3168949],9566,8374
1119,[00:30:43.3369287],10458,8092
1120,[00:30:43.3572930],8684,8171
1121,[00:30:43.3772126],10076,9215
1122,[00:30:43.3974580],10807,9019
1123,[00:30:43.4173305],9312,10215
1124,[00:30:43.4373957],9096,8171
1125,[00:30:43.4575218],10288,9939
1126,[00:30:43.4775098],11856,9789
1127,[00:30:43.4982665],10383,10063
1128,[00:30:43.5178000],9757,10540
1129,[00:30:43.5397769],9629,10497
1130,[00:30:43.5579232],9036,10974
1131,[00:30:43.5779898],8900,11380
1132,[00:30:43.5980763],10507,9071
1133,[00:30:43.6180793],9723,9287
1134,[00:30:43.6382094],10104,11508
1135,[00:30:43.6582111],9697,8089
1136,[00:30:43.6782234],8420,10376
1137,[00:30:43.6989663],8753,7883
1138,[00:30:43.7184825],10473,10554
1139,[00:30:43.7384259],10907,9276
1140,[00:30:43.7585028],8799,8562
1141,[00:30:43.7786989],10512,8609
1142,[00:30:43.7992198],11442,9727
1143,[00:30:43.8189233],9777,8924
1144,[00:30:43.8390102],8220,10011
1145,[00:30:43.8589067],10479,9590
1146,[00:30:43.8791776],10502,10162
1147,[00:30:43.8993323],7933,9492
1148,[00:30:43.9192999],10646,8427
1149,[00:30:43.9394472],9723,8738
1150,[00:30:43.9594091],9284,9271
1151,[00:30:43.9796267],9186,8174
1152,[00:30:43.9997596],9684,7904
1153,[00:30:44.0198701],9487,8298
1154,[00:30:44.0398061],9313,7679
1155,[00:30:44.0598344],10889,9311
1156,[00:30:44.0801197],8813,8417
1157,[00:30:44.1000216],8892,9069
1158,[00:30:44.1199923],9461,9351
1159,[00:30:44.1400951],10458,8723
1160,[00:30:44.1601906],9199,8529
1161,[00:30:44.1803071],10639,9217
1162,[00:30:44.2004782],10422,9867
1163,[00:30:44.2204541],9505,10355
1164,[00:30:44.2404794],10170,8538
1165,[00:30:44.2606304],10518,9082
1166,[00:30:44.2811637],9990,10927
1167,[00:30:44.3007827],9567,8950
1168,[00:30:44.3207908],8761,9137
1169,[00:30:44.3409008],10595,8999
1170,[00:30:44.3610067],9051,7231
1171,[00:30:44.3825415],9032,10211
1172,[00:30:44.4011763],9615,10230
1173,[00:30:44.4212305],10222,10270
1174,[00:30:44.4412327],9736,10137
1175,[00:30:44.4613645],10513,7488
1176,[00:30:44.4813501],8697,9136
1177,[00:30:44.5015498],8515,10748
1178,[00:30:44.5215830],10842,9174
1179,[00:30:44.5417751],10583,9563
1180,[00:30:44.5619401],8524,9710
1181,[00:30:44.5819661],8910,9826
1182,[00:30:44.6021451],9221,9892
1183,[00:30:44.6221656],9088,9222
1184,[00:30:44.6422387],9081,9695
1185,[00:30:44.6623679],9342,10160
1186,[00:30:44.6822755],9088,7904
1187,[00:30:44.7025032],9096,9231
1188,[00:30:44.7225716],8396,10637
1189,[00:30:44.7425955],9250,9632
1190,[00:30:44.7627278],8598,9286
1191,[00:30:44.7826905],9287,10719
1192,[00:30:44.8027949],10397,9780
1193,[00:30:44.8229593],9240,8608
1194,[00:30:44.8430042],9236,9928
1195,[00:30:44.8629870],8655,8700
1196,[00:30:44.8831566],10384,7806
1197,[00:30:44.9032252],8926,8993
1198,[00:30:44.9233492],9770,8739
1199,[00:30:44.9432740],9654,8273
1200,[00:30:44.9635230],8883,7848
1201,[00:30:44.9834445],8486,9171
1202,[00:30:45.0034643],8208,7938
1203,[00:30:45.0240722],9950,7164
1204,[00:30:45.0436863],9552,9267
1205,[00:30:45.0637128],8380,7730
1206,[00:30:45.0837844],7920,7156
1207,[00:30:45.1038997],8124,9457
1208,[00:30:45.1241552],6127,8951
1209,[00:30:45.1441867],8186,8999
1210,[00:30:45.1645362],7473,10005
1211,[00:30:45.1842190],8562,5995
1212,[00:30:45.2042704],8701,7892
1213,[00:30:45.2243926],9053,8298
1214,[00:30:45.2444025],8534,6729
1215,[00:30:45.2644595],9325,8510
1216,[00:30:45.2848889],9350,9732
1217,[00:30:45.3046909],10365,8551
1218,[00:30:45.3248008],8988,9510
1219,[00:30:45.3448073],9069,10972
1220,[00:30:45.3655467],7676,9890
1221,[00:30:45.3850599],9439,11489
1222,[00:30:45.4050604],9941,9412
1223,[00:30:45.4251591],9639,9730
1224,[00:30:45.4452247],9459,8183
1225,[00:30:45.4651890],8397,10080
1226,[00:30:45.4854950],7940,9398
1227,[00:30:45.5055556],9511,9606
1228,[00:30:45.5255114],9391,8526
1229,[00:30:45.5456291],9468,9253
1230,[00:30:45.5657409],9889,8323
1231,[00:30:45.5857552],9479,7937
1232,[00:30:45.6058212],8617,7980
1233,[00:30:45.6258752],8974,8828
1234,[00:30:45.6460169],10201,10339
1235,[00:30:45.6660141],7725,9540
1236,[00:30:45.6860681],9635,8402
1237,[00:30:45.7062366],9974,10370
1238,[00:30:45.7265255],9805,9654
1239,[00:30:45.7464175],10088,8733
1240,[00:30:45.7664250],8527,8380
1241,[00:30:45.7865334],10016,8618
1242,[00:30:45.8066484],9234,8799
1243,[00:30:45.8266618],10271,7911
1244,[00:30:45.8468047],9902,8902
1245,[00:30:45.8668873],9557,11020
1246,[00:30:45.8869858],6897,9069
1247,[00:30:45.9069836],11417,9073
1248,[00:30:45.9271686],8717,10246
1249,[00:30:45.9474177],9608,9091
1250,[00:30:45.9672094],8603,9466
1251,[00:30:45.9872441],9363,8922
1252,[00:30:46.0074789],8076,8954
1253,[00:30:46.0275047],8629,9626
1254,[00:30:46.0480002],9644,6172
1255,[00:30:46.0677054],9155,7461
1256,[00:30:46.0877606],9839,7362
1257,[00:30:46.1079853],8299,10649
1258,[00:30:46.1278568],10847,10174
1259,[00:30:46.1480814],8500,10076
1260,[00:30:46.1680780],9493,10557
1261,[00:30:46.1881178],10293,9498
1262,[00:30:46.2082273],9573,8618
1263,[00:30:46.2283357],10709,9249
1264,[00:30:46.2489290],8482,10815
1265,[00:30:46.2691283],9622,9416
1266,[00:30:46.2886086],9811,10511
1267,[00:30:46.3086659],9148,10152
1268,[00:30:46.3288256],10047,8784
1269,[00:30:46.3488721],9759,11291
1270,[00:30:46.3693969],10689,9687
1271,[00:30:46.3891376],10339,9513
1272,[00:30:46.4092921],8565,9569
1273,[00:30:46.4290728],8508,9978
1274,[00:30:46.4492952],9366,10063
1275,[00:30:46.4693134],9279,9810
1276,[00:30:46.4893933],9290,8649
1277,[00:30:46.5095201],9413,9258
1278,[00:30:46.5294949],9156,10822
1279,[00:30:46.5496085],9924,9678
1280,[00:30:46.5696304],9847,9531
1281,[00:30:46.5897588],7962,9121
1282,[00:30:46.6097900],9775,7298
1283,[00:30:46.6299575],10023,9828
1284,[00:30:46.6498882],9877,9873
1285,[00:30:46.6700623],9185,9853
1286,[00:30:46.6900864],9385,10505
1287,[00:30:46.7102190],9702,11046
1288,[00:30:46.7302776],10007,9928
1289,[00:30:46.7503452],10288,11684
1290,[00:30:46.7704109],10109,9740
1291,[00:30:46.7905727],8785,7910
1292,[00:30:46.8106233],8911,8966
1293,[00:30:46.8306761],11286,9030
1294,[00:30:46.8507852],9817,10674
1295,[00:30:46.8708324],9491,9055
1296,[00:30:46.8909172],8953,8688
1297,[00:30:46.9109358],9855,8806
1298,[00:30:46.9311566],10165,8866
1299,[00:30:46.9511826],10463,10579
1300,[00:30:46.9713126],9394,10920
1301,[00:30:46.9913739],9287,10161
1302,[00:30:47.0114415],9621,9952
1303,[00:30:47.0324263],8906,9204
1304,[00:30:47.0515780],9286,9232
1305,[00:30:47.0716281],10463,9165
1306,[00:30:47.0916932],10462,10387
1307,[00:30:47.1118269],9749,9524
1308,[00:30:47.1323881],9591,9165
1309,[00:30:47.1520010],10757,10735
1310,[00:30:47.1720327],9151,8856
1311,[00:30:47.1921545],10014,10887
1312,[00:30:47.2121690],9317,8507
1313,[00:30:47.2324361],9639,9049
1314,[00:30:47.2523973],8863,8952
1315,[00:30:47.2724233],9285,8815
1316,[00:30:47.2924578],10697,10150
1317,[00:30:47.3125725],10002,9449
1318,[00:30:47.3326709],9280,10548
1319,[00:30:47.3527968],10715,10397
1320,[00:30:47.3728274],9585,11319
1321,[00:30:47.3928975],9786,10191
1322,[00:30:47.4129825],9007,9302
1323,[00:30:47.4330145],9369,10656
1324,[00:30:47.4530291],9978,9237
1325,[00:30:47.4731846],8361,10458
1326,[00:30:47.4931662],9821,9278
1327,[00:30:47.5133764],8447,10181
1328,[00:30:47.5334269],8614,8920
1329,[00:30:47.5534799],10172,10313
1330,[00:30:47.5734973],10835,9711
1331,[00:30:47.5936519],9942,11032
1332,[00:30:47.6136785],8735,10729
1333,[00:30:47.6337207],9299,9232
1334,[00:30:47.6538701],10162,11085
1335,[00:30:47.6738743],9915,10435
1336,[00:30:47.6940108],9939,8800
1337,[00:30:47.7147400],10218,8765
1338,[00:30:47.7342392],9999,7872
1339,[00:30:47.7543155],10082,9512
1340,[00:30:47.7743926],9456,10617
1341,[00:30:47.7946014],9326,10724
1342,[00:30:47.8144903],9053,8913
1343,[00:30:47.8346351],8782,10026
1344,[00:30:47.8547708],9439,10176
1345,[00:30:47.8747332],10420,10018
1346,[00:30:47.8952041],7144,9675
1347,[00:30:47.9150130],8867,10363
1348,[00:30:47.9352010],10664,9799
1349,[00:30:47.9551321],9166,10027
1350,[00:30:47.9751382],11403,9642
1351,[00:30:47.9953802],9401,9145
1352,[00:30:48.0154680],12130,11541
1353,[00:30:48.0353855],10930,8416
1354,[00:30:48.0555818],10718,9568
1355,[00:30:48.0758041],9252,10879
1356,[00:30:48.0958168],9350,9004
1357,[00:30:48.1156869],8073,10005
1358,[00:30:48.1358735],8050,8279
1359,[00:30:48.1559250],9737,10401
1360,[00:30:48.1759520],9672,9837
1361,[00:30:48.1959829],9041,8258
1362,[00:30:48.2161334],9296,9700
1363,[00:30:48.2361248],10247,9790
1364,[00:30:48.2562202],8424,9487
1365,[00:30:48.2762791],9308,9026
1366,[00:30:48.2964664],9302,9816
1367,[00:30:48.3164845],8163,10493
1368,[00:30:48.3366093],8985,8263
1369,[00:30:48.3566932],8826,9162
1370,[00:30:48.3767705],10691,9296
1371,[00:30:48.3967502],8999,8739
1372,[00:30:48.4168706],9287,9207
1373,[00:30:48.4370787],10252,8838
1374,[00:30:48.4569876],9426,10111
1375,[00:30:48.4770530],9254,10038
1376,[00:30:48.4971436],9637,9595
1377,[00:30:48.5172807],10176,8255
1378,[00:30:48.5374587],11069,9287
1379,[00:30:48.5575918],9861,8992
1380,[00:30:48.5775464],10006,7886
1381,[00:30:48.5977492],10767,8943
1382,[00:30:48.6177149],9319,8183
1383,[00:30:48.6377364],9399,9262
1384,[00:30:48.6578269],9444,9604
1385,[00:30:48.6780863],8872,8772
1386,[00:30:48.6979798],8605,8368
1387,[00:30:48.7182284],8348,9561
1388,[00:30:48.7383231],9074,10212
1389,[00:30:48.7583843],10671,7802
1390,[00:30:48.7783823],8291,9588
1391,[00:30:48.7984469],9219,9612
1392,[00:30:48.8184742],8528,10593
1393,[00:30:48.8385373],9457,9954
1394,[00:30:48.8586184],10165,7975
1395,[00:30:48.8788587],8911,8196
1396,[00:30:48.8988322],9852,8678
1397,[00:30:48.9188326],10020,8293
1398,[00:30:48.9390996],9459,7936
1399,[00:30:48.9592242],8077,8522
1400,[00:30:48.9793528],10476,10627
1401,[00:30:48.9991536],8621,8404
1402,[00:30:49.0193448],10696,8080
1403,[00:30:49.0394964],10569,7732
1404,[00:30:49.0595261],9883,9040
1405,[00:30:49.0797047],9994,7856
1406,[00:30:49.0999944],9424,8142
1407,[00:30:49.1196804],9393,7132
1408,[00:30:49.1399145],9802,10892
1409,[00:30:49.1600024],9709,8301
1410,[00:30:49.1799321],8859,7795
1411,[00:30:49.1999787],10145,8029
1412,[00:30:49.2201050],9460,9510
1413,[00:30:49.2402084],9748,8231
1414,[00:30:49.2602344],9071,8019
1415,[00:30:49.2803016],9711,9887
1416,[00:30:49.3003690],9905,7854
1417,[00:30:49.3203481],8817,9742
1418,[00:30:49.3405619],8697,7959
1419,[00:30:49.3605696],9085,7852
1420,[00:30:49.3812133],9499,9277
1421,[00:30:49.4007675],9327,9769
1422,[00:30:49.4208634],11347,8903
1423,[00:30:49.4409773],8224,9029
1424,[00:30:49.4609781],10264,9943
1425,[00:30:49.4815199],8739,10007
1426,[00:30:49.5010643],8280,9306
1427,[00:30:49.5212438],9807,7546
1428,[00:30:49.5413167],9952,8354
1429,[00:30:49.5613833],8469,7973
1430,[00:30:49.5813574],8821,8288
1431,[00:30:49.6014649],9114,8876
1432,[00:30:49.6216473],7005,8769
1433,[00:30:49.6416244],10361,10200
1434,[00:30:49.6616628],9846,9741
1435,[00:30:49.6818901],9922,8885
1436,[00:30:49.7019804],9973,7426
1437,[00:30:49.7219923],9531,9861
1438,[00:30:49.7421665],9449,10314
1439,[00:30:49.7621866],9436,9725
1440,[00:30:49.7827884],9485,9080
1441,[00:30:49.8030443],9766,11223
1442,[00:30:49.8224804],8915,10230
1443,[00:30:49.8425734],9120,10502
1444,[00:30:49.8625760],10894,9394
1445,[00:30:49.8831151],10635,12104
1446,[00:30:49.9027744],9655,10989
1447,[00:30:49.9228578],9452,11629
1448,[00:30:49.9429570],8889,10282
1449,[00:30:49.9631927],9985,9913
1450,[00:30:49.9830215],10143,11925
1451,[00:30:50.0031138],10746,10091
1452,[00:30:50.0233133],8684,8642
1453,[00:30:50.0433685],9863,10931
1454,[00:30:50.0634541],9885,10771
1455,[00:30:50.0834680],8678,9301
1456,[00:30:50.1035604],9019,10470
1457,[00:30:50.1235302],11570,9327
1458,[00:30:50.1437000],10327,9997
1459,[00:30:50.1637819],9021,8128
1460,[00:30:50.1838867],9217,10211
1461,[00:30:50.2038620],9957,10252
1462,[00:30:50.2240452],9697,9167
1463,[00:30:50.2440779],9406,8501
1464,[00:30:50.2645270],9130,9607
1465,[00:30:50.2842237],9339,9163
1466,[00:30:50.3043740],8761,9480
1467,[00:30:50.3244332],11214,9820
1468,[00:30:50.3445282],11118,10109
1469,[00:30:50.3653778],8536,12550
1470,[00:30:50.3846456],10506,9940
1471,[00:30:50.4046870],8690,9811
1472,[00:30:50.4248215],9284,9808
1473,[00:30:50.4448604],8345,9334
1474,[00:30:50.4653678],10629,8857
1475,[00:30:50.4856626],9792,9266
1476,[00:30:50.5051708],10038,10294
1477,[00:30:50.5253409],9575,10832
1478,[00:30:50.5453385],10216,9217
1479,[00:30:50.5657075],10003,11762
1480,[00:30:50.5853780],11403,11873
1481,[00:30:50.6054509],9315,9699
1482,[00:30:50.6255854],10646,9339
1483,[00:30:50.6456364],9864,9120
1484,[00:30:50.6657543],11256,9733
1485,[00:30:50.6858613],9306,10777
1486,[00:30:50.7059580],9873,11022
1487,[00:30:50.7259399],10186,8752
1488,[00:30:50.7460938],10063,11401
1489,[00:30:50.7661185],9365,8117
1490,[00:30:50.7863055],9660,9195
1491,[00:30:50.8062594],9254,8488
1492,[00:30:50.8263469],9625,11106
1493,[00:30:50.8465147],9932,10009
1494,[00:30:50.8665121],10160,9905
1495,[00:30:50.8865727],8866,9537
1496,[00:30:50.9066413],8566,9706
1497,[00:30:50.9267415],9726,9616
1498,[00:30:50.9467243],9133,9277
1499,[00:30:50.9670552],9536,9456
1500,[00:30:50.9869617],9335,10103
1501,[00:30:51.0070440],8788,11400
1502,[00:30:51.0271713],9761,9408
1503,[00:30:51.0472302],11443,9765
1504,[00:30:51.0672892],10059,7698
1505,[00:30:51.0873683],9802,11325
1506,[00:30:51.1074662],9189,10772
1507,[00:30:51.1274123],10500,10374
1508,[00:30:51.1476053],9947,11154
1509,[00:30:51.1676093],10142,8351
1510,[00:30:51.1877554],10885,9161
1511,[00:30:51.2078855],9404,9569
1512,[00:30:51.2279596],9518,8403
1513,[00:30:51.2480146],9530,9522
1514,[00:30:51.2680435],8924,10028
1515,[00:30:51.2882108],11517,8760
1516,[00:30:51.3083030],9344,9419
1517,[00:30:51.3282538],9519,10409
1518,[00:30:51.3485517],9171,10553
1519,[00:30:51.3684391],8651,10210
1520,[00:30:51.3885333],9381,10011
1521,[00:30:51.4086246],9713,10132
1522,[00:30:51.4287222],10059,8001
1523,[00:30:51.4488243],9834,9557
1524,[00:30:51.4688824],10820,9404
1525,[00:30:51.4889820],8310,9364
1526,[00:30:51.5089893],9033,9937
1527,[00:30:51.5290234],9317,8425
1528,[00:30:51.5492153],9185,8037
1529,[00:30:51.5692850],9703,7411
1530,[00:30:51.5892812],7380,9247
1531,[00:30:51.6092975],8556,8278
1532,[00:30:51.6295280],8574,6736
1533,[00:30:51.6495159],7575,7986
1534,[00:30:51.6697179],8509,7166
1535,[00:30:51.6897340],8784,7370
1536,[00:30:51.7098345],9382,7410
1537,[00:30:51.7299922],7839,8431
1538,[00:30:51.7499569],6750,7650
1539,[00:30:51.7701158],8557,8042
1540,[00:30:51.7901510],8106,9764
1541,[00:30:51.8102472],10626,7717
1542,[00:30:51.8304544],9223,7477
1543,[00:30:51.8505530],9057,6985
1544,[00:30:51.8704643],8722,8098
1545,[00:30:51.8907036],7820,11094
1546,[00:30:51.9106250],8093,8586
1547,[00:30:51.9307413],8432,9860
1548,[00:30:51.9507535],8951,9116
1549,[00:30:51.9708038],9196,10070
1550,[00:30:51.9911112],9661,8630
1551,[00:30:52.0109965],8308,7803
1552,[00:30:52.0311367],10031,8866
1553,[00:30:52.0511221],8614,8530
1554,[00:30:52.0712283],7893,8415
1555,[00:30:52.0914888],7475,9640
1556,[00:30:52.1114755],9119,8750
1557,[00:30:52.1315028],8831,9566
1558,[00:30:52.1516562],10087,8878
1559,[00:30:52.1715471],7533,8112
1560,[00:30:52.1916477],8616,8256
1561,[00:30:52.2117270],9102,7949
1562,[00:30:52.2317785],7501,9547
1563,[00:30:52.2519234],9125,6699
1564,[00:30:52.2719416],8881,8193
1565,[00:30:52.2921301],7301,9148
1566,[00:30:52.3122230],9572,7844
1567,[00:30:52.3322223],8104,7473
1568,[00:30:52.3522627],9408,5098
1569,[00:30:52.3723732],8706,6839
1570,[00:30:52.3924984],9157,8949
1571,[00:30:52.4126285],9301,8560
1572,[00:30:52.4326763],8405,7419
1573,[00:30:52.4527548],9045,9014
1574,[00:30:52.4727963],8010,6630
1575,[00:30:52.4928429],7895,6370
1576,[00:30:52.5130078],8900,8547
1577,[00:30:52.5332371],7748,6776
1578,[00:30:52.5532532],7920,6281
1579,[00:30:52.5732853],8782,7726
1580,[00:30:52.5934373],9982,7980
1581,[00:30:52.6133610],8720,6300
1582,[00:30:52.6333878],8864,9093
1583,[00:30:52.6534446],8513,8716
1584,[00:30:52.6734957],8849,6601
1585,[00:30:52.6936225],9155,8855
1586,[00:30:52.7145135],8626,9048
1587,[00:30:52.7339076],9238,9680
1588,[00:30:52.7539171],9827,8851
1589,[00:30:52.7740234],10923,10158
1590,[00:30:52.7941882],10251,10557
1591,[00:30:52.8147903],9363,10690
1592,[00:30:52.8342316],9878,8416
1593,[00:30:52.8542592],9979,10003
1594,[00:30:52.8745249],10774,9322
1595,[00:30:52.8945793],8302,9324
1596,[00:30:52.9147723],11184,8978
1597,[00:30:52.9346476],10711,8422
1598,[00:30:52.9546694],9520,10886
1599,[00:30:52.9746922],9348,9970
1600,[00:30:52.9948240],10707,7834
1601,[00:30:53.0149660],11054,10694
1602,[00:30:53.0349810],10410,8788
1603,[00:30:53.0551398],10095,8676
1604,[00:30:53.0751413],8369,7616
1605,[00:30:53.0951709],9299,10131
1606,[00:30:53.1152211],9110,9316
1607,[00:30:53.1353773],8952,10867
1608,[00:30:53.1554428],8714,9257
1609,[00:30:53.1756056],9141,7886
1610,[00:30:53.1955986],8859,9825
1611,[00:30:53.2156739],10227,7423
1612,[00:30:53.2357990],9571,7745
1613,[00:30:53.2559225],9020,7350
1614,[00:30:53.2759492],8252,7624
1615,[00:30:53.2961620],9384,9661
1616,[00:30:53.3161050],8913,9023
1617,[00:30:53.3364563],6947,8207
1618,[00:30:53.3563499],9245,8932
1619,[00:30:53.3764086],7945,8769
1620,[00:30:53.3964989],7627,9691
1621,[00:30:53.4165713],8295,8732
1622,[00:30:53.4366154],9749,9906
1623,[00:30:53.4567692],8273,10129
1624,[00:30:53.4767567],10455,10274
1625,[00:30:53.4971429],7711,9216
1626,[00:30:53.5169272],9549,9067
1627,[00:30:53.5370629],9246,8639
1628,[00:30:53.5571321],9902,7356
1629,[00:30:53.5774007],10041,6634
1630,[00:30:53.5972759],8464,6772
1631,[00:30:53.6177982],8958,8271
1632,[00:30:53.6374366],7884,7111
1633,[00:30:53.6574576],9072,8506
1634,[00:30:53.6775714],9250,9355
1635,[00:30:53.6976162],8308,9203
1636,[00:30:53.7176328],9442,9171
1637,[00:30:53.7378097],10286,7528
1638,[00:30:53.7578571],9679,8088
1639,[00:30:53.7779478],9135,7971
1640,[00:30:53.7979975],10146,8222
1641,[00:30:53.8180514],10523,9043
1642,[00:30:53.8382056],9982,9238
1643,[00:30:53.8582383],10077,8286
1644,[00:30:53.8782540],9245,9309
1645,[00:30:53.8982817],9245,11300
1646,[00:30:53.9184075],9132,9955
1647,[00:30:53.9385642],10282,9669
1648,[00:30:53.9586441],9469,9745
1649,[00:30:53.9787438],10333,10800
1650,[00:30:53.9988693],8587,8961
1651,[00:30:54.0188296],9487,7424
1652,[00:30:54.0390492],8275,8855
1653,[00:30:54.0591125],6858,10659
1654,[00:30:54.0809846],9970,9024
1655,[00:30:54.0992550],9299,9981
1656,[00:30:54.1192731],7970,10530
1657,[00:30:54.1394055],9041,10174
1658,[00:30:54.1594272],8797,10215
1659,[00:30:54.1796241],10127,10585
1660,[00:30:54.1996096],8363,8128
1661,[00:30:54.2196999],8566,7877
1662,[00:30:54.2397227],7265,9034
1663,[00:30:54.2598798],8605,10787
1664,[00:30:54.2799812],10041,10214
1665,[00:30:54.3000037],9054,9974
1666,[00:30:54.3200937],10414,9731
1667,[00:30:54.3401477],8298,10595
1668,[00:30:54.3602194],10150,9049
1669,[00:30:54.3803493],11167,10575
1670,[00:30:54.4004745],10531,10269
1671,[00:30:54.4204522],10767,9036
1672,[00:30:54.4406111],9274,9078
1673,[00:30:54.4606629],10273,9609
1674,[00:30:54.4807152],9189,9479
1675,[00:30:54.5007671],10757,10749
1676,[00:30:54.5208469],9350,11616
1677,[00:30:54.5409505],10084,9418
1678,[00:30:54.5610395],10069,10935
1679,[00:30:54.5810221],9649,9069
1680,[00:30:54.6011989],10669,9532
1681,[00:30:54.6212717],8442,9527
1682,[00:30:54.6412474],10340,9762
1683,[00:30:54.6612847],9872,9360
1684,[00:30:54.6814738],9284,9275
1685,[00:30:54.7015280],7708,9352
1686,[00:30:54.7215637],10049,9800
1687,[00:30:54.7417032],9838,8700
1688,[00:30:54.7617750],7705,9164
1689,[00:30:54.7818728],8096,9418
1690,[00:30:54.8020752],10452,8523
1691,[00:30:54.8219727],8620,9776
1692,[00:30:54.8423044],9344,8844
1693,[00:30:54.8623290],8347,8690
1694,[00:30:54.8822836],8194,8999
1695,[00:30:54.9024322],8725,7403
1696,[00:30:54.9224868],7681,9176
1697,[00:30:54.9425390],8306,8084
1698,[00:30:54.9626572],9146,10142
1699,[00:30:54.9827115],10053,8082
1700,[00:30:55.0026372],9496,9008
1701,[00:30:55.0228656],7717,8564
1702,[00:30:55.0429382],7524,8722
1703,[00:30:55.0630655],8429,8490
1704,[00:30:55.0830931],7298,9304
1705,[00:30:55.1031664],9048,7027
1706,[00:30:55.1232186],8276,8142
1707,[00:30:55.1433159],8446,8945
1708,[00:30:55.1633496],8462,9495
1709,[00:30:55.1834039],9276,7875
1710,[00:30:55.2034541],6985,9807
1711,[00:30:55.2237629],9004,9018
1712,[00:30:55.2437441],8909,9254
1713,[00:30:55.2637515],7185,8986
1714,[00:30:55.2838184],8079,9874
1715,[00:30:55.3039852],10266,9300
1716,[00:30:55.3240554],9078,8200
1717,[00:30:55.3440681],7984,9149
1718,[00:30:55.3640862],9688,8253
1719,[00:30:55.3842599],9233,9444
1720,[00:30:55.4044532],9384,9898
1721,[00:30:55.4244028],9427,8875
1722,[00:30:55.4444826],9965,7663
1723,[00:30:55.4646945],10957,9168
1724,[00:30:55.4847058],9799,8416
1725,[00:30:55.5047725],10700,9236
1726,[00:30:55.5247472],10988,10096
1727,[00:30:55.5449333],9481,9260
1728,[00:30:55.5650287],9945,9268
1729,[00:30:55.5849491],9271,9781
1730,[00:30:55.6051050],10011,7334
1731,[00:30:55.6250964],10079,7769
1732,[00:30:55.6451762],8878,11359
1733,[00:30:55.6653259],9912,8972
1734,[00:30:55.6853706],10685,10580
1735,[00:30:55.7055486],10695,8618
1736,[00:30:55.7255376],9603,9482
1737,[00:30:55.7456943],9345,9229
1738,[00:30:55.7656998],10650,9435
1739,[00:30:55.7858363],9796,9896
1740,[00:30:55.8058949],10700,9347
1741,[00:30:55.8259057],9943,8575
1742,[00:30:55.8460205],7330,9350
1743,[00:30:55.8660555],9116,9709
1744,[00:30:55.8862587],9946,9240
1745,[00:30:55.9062780],11220,8800
1746,[00:30:55.9263569],9931,6697
1747,[00:30:55.9464124],8966,7725
1748,[00:30:55.9664887],10208,9319
1749,[00:30:55.9866691],8304,9334
1750,[00:30:56.0066170],8026,10419
1751,[00:30:56.0266786],8947,7635
1752,[00:30:56.0473214],10219,7898
1753,[00:30:56.0669808],8388,9447
1754,[00:30:56.0869984],9380,9138
1755,[00:30:56.1071107],9082,8617
1756,[00:30:56.1270663],9439,8597
1757,[00:30:56.1472318],9433,8678
1758,[00:30:56.1671713],10452,8340
1759,[00:30:56.1874068],10246,7970
1760,[00:30:56.2075114],9224,9863
1761,[00:30:56.2274210],9303,8319
1762,[00:30:56.2475191],8886,9024
1763,[00:30:56.2676984],9408,5978
1764,[00:30:56.2878096],7235,6750
1765,[00:30:56.3078290],7984,8386
1766,[00:30:56.3279391],8760,8689
1767,[00:30:56.3482853],8781,8968
1768,[00:30:56.3680928],9031,8375
1769,[00:30:56.3881312],8122,6191
1770,[00:30:56.4082904],9925,6391
1771,[00:30:56.4283174],6817,7335
1772,[00:30:56.4483484],7678,9519
1773,[00:30:56.4684510],9632,6951
1774,[00:30:56.4885395],7918,9319
1775,[00:30:56.5086335],7152,7517
1776,[00:30:56.5287101],8063,9248
1777,[00:30:56.5488601],8181,5968
1778,[00:30:56.5689074],8486,7978
1779,[00:30:56.5888748],8315,6537
1780,[00:30:56.6089468],8628,7585
1781,[00:30:56.6291712],7523,5867
1782,[00:30:56.6491834],7941,8031
1783,[00:30:56.6692141],8154,6948
1784,[00:30:56.6894232],9054,6996
1785,[00:30:56.7093206],8498,6876
1786,[00:30:56.7295440],9348,5690
1787,[00:30:56.7495395],7873,7407
1788,[00:30:56.7699238],8930,7139
1789,[00:30:56.7897978],9511,8803
1790,[00:30:56.8098793],8833,7973
1791,[00:30:56.8299794],6989,7958
1792,[00:30:56.8501250],7724,8618
1793,[00:30:56.8700269],9584,7798
1794,[00:30:56.8901859],10414,6430
1795,[00:30:56.9102324],9024,7727
1796,[00:30:56.9309964],8216,11452
1797,[00:30:56.9504409],8111,6589
1798,[00:30:56.9706108],9328,7348
1799,[00:30:56.9907545],8824,7789
1800,[00:30:57.0106248],8176,7641
1801,[00:30:57.0316093],8434,8632
1802,[00:30:57.0510202],8370,9553
1803,[00:30:57.0709797],9326,8231
1804,[00:30:57.0910405],9041,9619
1805,[00:30:57.1110088],8058,8739
1806,[00:30:57.1311642],9307,8348
1807,[00:30:57.1511583],9117,8886
1808,[00:30:57.1713293],9339,8951
1809,[00:30:57.1913606],8874,9463
1810,[00:30:57.2114416],8225,9079
1811,[00:30:57.2314655],7305,7734
1812,[00:30:57.2515650],7474,7523
1813,[00:30:57.2716882],10678,7047
1814,[00:30:57.2917140],9845,8749
1815,[00:30:57.3117903],8815,10071
1816,[00:30:57.3318808],7723,8190
1817,[00:30:57.3519493],10279,9769
1818,[00:30:57.3720666],10450,9534
1819,[00:30:57.3921638],9697,10016
1820,[00:30:57.4123162],9236,8907
1821,[00:30:57.4322459],8286,9679
1822,[00:30:57.4523380],9729,8427
1823,[00:30:57.4724045],10981,8059
1824,[00:30:57.4925087],9295,8824
1825,[00:30:57.5125743],8569,8178
1826,[00:30:57.5326432],10169,8213
1827,[00:30:57.5528245],9328,7562
1828,[00:30:57.5730893],8243,7240
1829,[00:30:57.5930903],8820,9245
1830,[00:30:57.6130507],10125,6949
1831,[00:30:57.6330577],8955,8790
1832,[00:30:57.6531563],7720,9864
1833,[00:30:57.6732567],10231,9858
1834,[00:30:57.6932963],9680,10009
1835,[00:30:57.7140286],9200,9088
1836,[00:30:57.7334749],10115,8142
1837,[00:30:57.7535031],9891,9497
1838,[00:30:57.7736915],9306,9509
1839,[00:30:57.7936743],8261,8939
1840,[00:30:57.8137655],9946,8533
1841,[00:30:57.8338519],8704,10725
1842,[00:30:57.8538368],9928,8350
1843,[00:30:57.8739594],9173,9308
1844,[00:30:57.8940742],9993,8242
1845,[00:30:57.9141688],10155,8806
1846,[00:30:57.9342287],10800,8173
1847,[00:30:57.9543382],8317,8055
1848,[00:30:57.9743722],8499,8034
1849,[00:30:57.9945169],7757,7218
1850,[00:30:58.0147394],10346,7589
1851,[00:30:58.0345395],9858,7831
1852,[00:30:58.0547950],9473,9390
1853,[00:30:58.0761665],6728,8155
1854,[00:30:58.0948066],9664,9366
1855,[00:30:58.1148758],8019,8598
1856,[00:30:58.1351623],10183,8223
1857,[00:30:58.1550964],9605,7221
1858,[00:30:58.1752919],9830,9319
1859,[00:30:58.1954206],9665,9655
1860,[00:30:58.2152993],8851,9088
1861,[00:30:58.2354528],11429,8561
1862,[00:30:58.2554964],8604,8337
1863,[00:30:58.2755539],8828,9572
1864,[00:30:58.2957456],9295,6196
1865,[00:30:58.3158983],9976,8976
1866,[00:30:58.3360867],9499,10126
1867,[00:30:58.3559479],10734,9054
1868,[00:30:58.3761752],8995,7668
1869,[00:30:58.3959975],9276,8870
1870,[00:30:58.4161672],8995,9846
1871,[00:30:58.4362357],9192,7646
1872,[00:30:58.4562575],8182,7707
1873,[00:30:58.4764086],9008,8449
1874,[00:30:58.4965000],8054,9460
1875,[00:30:58.5165497],9099,7942
1876,[00:30:58.5366907],9693,8898
1877,[00:30:58.5568951],8753,8278
1878,[00:30:58.5767313],8795,10582
1879,[00:30:58.5968854],10083,9626
1880,[00:30:58.6169729],7984,8893
1881,[00:30:58.6369206],9870,9183
1882,[00:30:58.6570100],8418,8316
1883,[00:30:58.6771285],9701,9156
1884,[00:30:58.6972626],8357,9126
1885,[00:30:58.7172718],9720,9332
1886,[00:30:58.7373261],11428,9263
1887,[00:30:58.7573614],9282,10119
1888,[00:30:58.7774921],7785,8029
1889,[00:30:58.7976722],8384,8531
1890,[00:30:58.8176219],10598,7940
1891,[00:30:58.8378668],9705,9874
1892,[00:30:58.8578669],9527,8734
1893,[00:30:58.8781103],10585,8172
1894,[00:30:58.8979935],8923,9371
1895,[00:30:58.9180703],10627,9811
1896,[00:30:58.9381990],7780,7909
1897,[00:30:58.9584441],7913,8676
1898,[00:30:58.9784162],7781,10486
1899,[00:30:58.9984407],8596,8933
1900,[00:30:59.0186546],9359,6470
1901,[00:30:59.0386229],9551,9839
1902,[00:30:59.0587075],8956,8247
1903,[00:30:59.0789267],8908,9174
1904,[00:30:59.0988115],9480,8363
1905,[00:30:59.1188955],9837,9286
1906,[00:30:59.1389770],8930,9009
1907,[00:30:59.1589728],9540,7111
1908,[00:30:59.1791469],9605,7173
1909,[00:30:59.1992321],9200,9571
1910,[00:30:59.2193501],9767,7571
1911,[00:30:59.2393120],9392,8412
1912,[00:30:59.2596203],8919,8836
1913,[00:30:59.2797873],8836,7597
1914,[00:30:59.2995468],9411,8443
1915,[00:30:59.3196467],9629,7213
1916,[00:30:59.3398073],8589,6149
1917,[00:30:59.3598385],8856,9079
1918,[00:30:59.3804936],8598,6732
1919,[00:30:59.3999605],9935,8337
1920,[00:30:59.4200689],9101,8610
1921,[00:30:59.4401641],9374,8537
1922,[00:30:59.4602428],9257,9099
1923,[00:30:59.4803714],8846,8756
1924,[00:30:59.5003854],9280,7873
1925,[00:30:59.5204427],8187,8159
1926,[00:30:59.5405712],8379,9699
1927,[00:30:59.5606254],9048,8875
1928,[00:30:59.5806999],9141,8052
1929,[00:30:59.6008057],9611,8951
1930,[00:30:59.6208443],8232,9542
1931,[00:30:59.6409321],8755,7908
1932,[00:30:59.6609679],9391,8375
1933,[00:30:59.6811638],8728,9838
1934,[00:30:59.7010522],9041,8896
1935,[00:30:59.7211700],8106,7105
1936,[00:30:59.7412415],8664,9816
1937,[00:30:59.7613277],7795,7080
1938,[00:30:59.7816196],9994,8674
1939,[00:30:59.8015810],8823,8317
1940,[00:30:59.8217514],8746,7611
1941,[00:30:59.8417474],9317,8568
1942,[00:30:59.8620375],8827,7490
1943,[00:30:59.8818927],9855,7875
1944,[00:30:59.9019379],8887,9163
1945,[00:30:59.9219980],9537,8857
1946,[00:30:59.9422823],9227,10412
1947,[00:30:59.9623874],9792,8193
1948,[00:30:59.9822496],9018,8182
1949,[00:31:00.0023900],9611,9827
1950,[00:31:00.0224586],8251,7902
1951,[00:31:00.0424601],9316,7321
1952,[00:31:00.0627259],9506,8210
1953,[00:31:00.0826845],7346,8216
1954,[00:31:00.1026896],7908,7931
1955,[00:31:00.1228139],8757,8620
1956,[00:31:00.1428850],6713,9679
1957,[00:31:00.1633076],9263,7787
1958,[00:31:00.1829978],10375,7809
1959,[00:31:00.2031138],9959,7282
1960,[00:31:00.2231431],9014,8024
1961,[00:31:00.2433260],8293,7630
1962,[00:31:00.2635772],9835,10763
1963,[00:31:00.2834526],10802,9325
1964,[00:31:00.3036960],10463,10218
1965,[00:31:00.3236660],8940,10281
1966,[00:31:00.3436919],7139,10748
1967,[00:31:00.3637472],9615,8359
1968,[00:31:00.3837996],8881,8435
1969,[00:31:00.4039275],8403,9460
1970,[00:31:00.4242359],8346,8499
1971,[00:31:00.4440989],9157,7972
1972,[00:31:00.4641845],8223,8565
1973,[00:31:00.4842889],9332,9273
1974,[00:31:00.5056914],7905,8874
1975,[00:31:00.5244275],9479,7980
1976,[00:31:00.5444990],9058,7864
1977,[00:31:00.5645874],8378,8172
1978,[00:31:00.5846565],8270,7811
1979,[00:31:00.6046954],8079,10033
1980,[00:31:00.6247867],8779,8739
1981,[00:31:00.6448807],8638,10289
1982,[00:31:00.6650007],10103,9117
1983,[00:31:00.6850367],8561,8308
1984,[00:31:00.7050732],5958,8116
1985,[00:31:00.7252563],8877,9501
1986,[00:31:00.7453415],8657,11541
1987,[00:31:00.7653073],9363,7778
1988,[00:31:00.7854521],9356,8575
1989,[00:31:00.8055169],10261,9478
1990,[00:31:00.8255963],10702,7059
1991,[00:31:00.8456935],9145,8822
1992,[00:31:00.8657842],8498,9135
1993,[00:31:00.8858247],9220,8982
1994,[00:31:00.9059907],8021,7637
1995,[00:31:00.9260269],10017,9619
1996,[00:31:00.9460720],10135,9758
1997,[00:31:00.9661564],9840,8590
1998,[00:31:00.9862491],10440,8358
1999,[00:31:01.0062714],8339,8337
2000,[00:31:01.0263617],9641,8191