Predicted duration,1.4,,,
Predicted error,5.9,,,
Predicted start,00:48:20,,,
Notes,none,,,
FrameNum,timeInfo,signal-target,signal-track1,signal-track2
0,[00:46:22.8954929],73,45,32
1,[00:46:22.9964059],69,76,73
2,[00:46:23.0956173],64,74,66
3,[00:46:23.1968135],63,60,61
4,[00:46:23.2954192],71,65,80
5,[00:46:23.3956706],63,74,41
6,[00:46:23.4958100],62,42,55
7,[00:46:23.5962271],61,84,61
8,[00:46:23.6956233],52,89,77
9,[00:46:23.7969411],41,67,42
10,[00:46:23.8960491],68,41,39
11,[00:46:23.9961695],64,50,60
12,[00:46:24.0969176],56,87,67
13,[00:46:24.1978910],57,89,67
14,[00:46:24.2977286],80,87,73
15,[00:46:24.3965093],60,71,65
16,[00:46:24.4968448],66,64,64
17,[00:46:24.5975286],90,58,76
18,[00:46:24.6965080],33,38,72
19,[00:46:24.7973334],68,62,63
20,[00:46:24.8966968],69,43,70
21,[00:46:24.9974188],41,65,62
22,[00:46:25.0969068],77,58,67
23,[00:46:25.1974984],66,66,66
24,[00:46:25.2983573],54,80,60
25,[00:46:25.3970846],55,76,76
26,[00:46:25.4985930],71,60,57
27,[00:46:25.5973636],71,73,31
28,[00:46:25.6990198],48,74,65
29,[00:46:25.7972441],40,69,73
30,[00:46:25.8976912],42,61,60
31,[00:46:25.9975115],44,69,59
32,[00:46:26.0974141],70,71,70
33,[00:46:26.1990822],78,69,76
34,[00:46:26.2983999],55,58,53
35,[00:46:26.3991688],67,75,67
36,[00:46:26.4986087],61,69,75
37,[00:46:26.5979187],67,29,66
38,[00:46:26.6981169],54,47,57
39,[00:46:26.7982255],52,51,57
40,[00:46:26.8982826],68,46,61
41,[00:46:26.9987333],35,59,69
42,[00:46:27.0990677],76,40,74
43,[00:46:27.1985723],70,47,62
44,[00:46:27.2991332],73,72,53
45,[00:46:27.3992043],38,76,74
46,[00:46:27.4990461],57,63,46
47,[00:46:27.5992026],50,79,71
48,[00:46:27.6992968],48,68,68
49,[00:46:27.7991147],66,80,70
50,[00:46:27.8991355],64,62,77
51,[00:46:27.9992838],43,68,62
52,[00:46:28.0993386],51,58,50
53,[00:46:28.1989966],54,56,59
54,[00:46:28.2993031],62,26,59
55,[00:46:28.3996609],53,38,63
56,[00:46:28.4993380],75,36,64
57,[00:46:28.5995405],70,71,66
58,[00:46:28.6997019],77,56,61
59,[00:46:28.8019380],69,30,61
60,[00:46:28.8996058],74,39,66
61,[00:46:28.9997451],1,25,40
62,[00:46:29.1015565],24,59,65
63,[00:46:29.1998935],26,67,34
64,[00:46:29.3004575],46,36,56
65,[00:46:29.4001723],44,41,59
66,[00:46:29.5001390],43,34,53
67,[00:46:29.6021201],34,65,72
68,[00:46:29.7001603],63,75,35
69,[00:46:29.8025267],73,69,48
70,[00:46:29.9004844],64,81,64
71,[00:46:30.0019866],61,32,56
72,[00:46:30.1006128],65,29,67
73,[00:46:30.2027470],47,57,74
74,[00:46:30.3018896],72,53,49
75,[00:46:30.4008365],79,77,66
76,[00:46:30.5014442],72,49,33
77,[00:46:30.6014519],73,53,62
78,[00:46:30.7010631],30,53,75
79,[00:46:30.8011537],64,35,70
80,[00:46:30.9026284],34,34,67
81,[00:46:31.0015076],74,60,71
82,[00:46:31.1019301],76,60,42
83,[00:46:31.2014267],62,74,50
84,[00:46:31.3015777],45,78,69
85,[00:46:31.4019816],42,68,66
86,[00:46:31.5015892],44,64,65
87,[00:46:31.6034164],24,70,75
88,[00:46:31.7020980],63,75,74
89,[00:46:31.8029000],59,85,62
90,[00:46:31.9017864],67,74,60
91,[00:46:32.0021293],51,67,63
92,[00:46:32.1038892],67,63,76
93,[00:46:32.2021413],60,71,46
94,[00:46:32.3032689],71,29,60
95,[00:46:32.4032850],49,63,43
96,[00:46:32.5022475],14,62,35
97,[00:46:32.6024234],66,41,72
98,[00:46:32.7029988],73,54,62
99,[00:46:32.8027724],62,68,78
100,[00:46:32.9037436],63,67,75
101,[00:46:33.0028131],81,76,67
102,[00:46:33.1028047],71,84,60
103,[00:46:33.2040611],59,34,70
104,[00:46:33.3036574],60,60,70
105,[00:46:33.4032102],63,67,76
106,[00:46:33.5042031],36,87,67
107,[00:46:33.6039670],64,44,61
108,[00:46:33.7032425],39,83,73
109,[00:46:33.8045675],46,71,74
110,[00:46:33.9034824],62,71,51
111,[00:46:34.0039524],49,63,50
112,[00:46:34.1039644],39,68,57
113,[00:46:34.2038262],60,75,69
114,[00:46:34.3034546],31,64,70
115,[00:46:34.4049912],46,66,42
116,[00:46:34.5040872],55,54,59
117,[00:46:34.6043303],60,78,63
118,[00:46:34.7041488],39,41,37
119,[00:46:34.8041006],55,30,52
120,[00:46:34.9040555],54,72,56
121,[00:46:35.0054802],48,59,56
122,[00:46:35.1043206],39,51,53
123,[00:46:35.2046943],52,80,55
124,[00:46:35.3054885],39,74,60
125,[00:46:35.4055490],35,63,54
126,[00:46:35.5049670],48,73,54
127,[00:46:35.6070092],48,57,58
128,[00:46:35.7047054],72,65,72
129,[00:46:35.8060251],65,62,47
130,[00:46:35.9059762],48,67,63
131,[00:46:36.0050729],49,33,52
132,[00:46:36.1048844],56,72,61
133,[00:46:36.2062625],55,55,32
134,[00:46:36.3049906],66,75,79
135,[00:46:36.4053910],65,62,76
136,[00:46:36.5053044],72,72,78
137,[00:46:36.6072772],52,59,66
138,[00:46:36.7055284],59,39,53
139,[00:46:36.8066463],54,74,64
140,[00:46:36.9054739],52,62,70
141,[00:46:37.0066849],46,61,50
142,[00:46:37.1057915],74,58,64
143,[00:46:37.2058296],62,63,66
144,[00:46:37.3070210],52,68,83
145,[00:46:37.4061327],66,65,69
146,[00:46:37.5072539],77,75,70
147,[00:46:37.6066439],45,73,76
148,[00:46:37.7065888],45,74,41
149,[00:46:37.8068516],54,61,57
150,[00:46:37.9064473],30,76,64
151,[00:46:38.0074602],33,53,58
152,[00:46:38.1065306],43,68,52
153,[00:46:38.2072944],23,70,57
154,[00:46:38.3069190],62,45,67
155,[00:46:38.4068659],73,61,63
156,[00:46:38.5067099],73,72,68
157,[00:46:38.6080414],32,45,55
158,[00:46:38.7068886],51,74,57
159,[00:46:38.8071138],48,52,43
160,[00:46:38.9072974],42,57,34
161,[00:46:39.0072758],68,81,68
162,[00:46:39.1093329],53,60,69
163,[00:46:39.2082055],35,74,46
164,[00:46:39.3085355],81,66,73
165,[00:46:39.4075785],78,73,66
166,[00:46:39.5079154],36,72,59
167,[00:46:39.6077665],47,75,60
168,[00:46:39.7080879],48,63,68
169,[00:46:39.8087843],40,58,68
170,[00:46:39.9079582],56,74,61
171,[00:46:40.0080227],66,77,68
172,[00:46:40.1088762],43,52,44
173,[00:46:40.2098364],56,60,50
174,[00:46:40.3082530],60,58,56
175,[00:46:40.4094784],38,79,52
176,[00:46:40.5084209],20,63,38
177,[00:46:40.6085791],15,40,38
178,[00:46:40.7098776],-2,55,76
179,[00:46:40.8084800],39,80,61
180,[00:46:40.9085079],59,63,60
181,[00:46:41.0088142],32,60,58
182,[00:46:41.1092993],54,64,49
183,[00:46:41.2095284],36,61,52
184,[00:46:41.3090893],53,50,55
185,[00:46:41.4089983],53,68,76
186,[00:46:41.5092409],66,60,63
187,[00:46:41.6099487],56,74,64
188,[00:46:41.7098405],72,65,68
189,[00:46:41.8095318],53,72,49
190,[00:46:41.9094411],65,45,68
191,[00:46:42.0094598],62,72,43
192,[00:46:42.1094797],61,69,53
193,[00:46:42.2116343],45,57,50
194,[00:46:42.3096237],34,78,41
195,[00:46:42.4101968],57,80,32
196,[00:46:42.5100861],45,43,60
197,[00:46:42.6113807],48,56,58
198,[00:46:42.7114345],55,80,57
199,[00:46:42.8101455],76,72,46
200,[00:46:42.9113348],62,67,59
201,[00:46:43.0101674],69,36,39
202,[00:46:43.1102697],66,79,55
203,[00:46:43.2103732],43,79,45
204,[00:46:43.3105133],26,32,35
205,[00:46:43.4106488],67,72,46
206,[00:46:43.5120052],57,61,50
207,[00:46:43.6113535],34,60,46
208,[00:46:43.7124905],49,70,60
209,[00:46:43.8106655],35,65,57
210,[00:46:43.9121550],48,51,54
211,[00:46:44.0122553],41,60,50
212,[00:46:44.1111436],47,73,34
213,[00:46:44.2122799],53,81,55
214,[00:46:44.3124086],34,69,34
215,[00:46:44.4111139],44,56,30
216,[00:46:44.5112126],43,72,37
217,[00:46:44.6118710],38,68,49
218,[00:46:44.7120541],35,52,57
219,[00:46:44.8117228],63,75,50
220,[00:46:44.9117965],65,58,65
221,[00:46:45.0131510],55,83,52
222,[00:46:45.1118724],55,66,58
223,[00:46:45.2133746],68,71,45
224,[00:46:45.3119839],54,29,70
225,[00:46:45.4123994],57,37,68
226,[00:46:45.5131675],73,75,64
227,[00:46:45.6121337],66,79,69
228,[00:46:45.7132922],60,72,69
229,[00:46:45.8124366],57,70,63
230,[00:46:45.9123692],30,74,67
231,[00:46:46.0139046],49,35,72
232,[00:46:46.1125210],55,81,64
233,[00:46:46.2139057],71,84,58
234,[00:46:46.3133601],48,51,49
235,[00:46:46.4129328],49,72,69
236,[00:46:46.5148941],77,48,46
237,[00:46:46.6126858],59,36,58
238,[00:46:46.7129697],35,65,49
239,[00:46:46.8130300],60,37,60
240,[00:46:46.9142295],63,35,51
241,[00:46:47.0131584],57,39,65
242,[00:46:47.1146123],12,63,63
243,[00:46:47.2140799],51,62,78
244,[00:46:47.3134105],43,70,55
245,[00:46:47.4146732],49,41,50
246,[00:46:47.5141982],51,63,58
247,[00:46:47.6151740],40,64,66
248,[00:46:47.7151401],38,54,60
249,[00:46:47.8148693],53,82,59
250,[00:46:47.9144203],58,60,48
251,[00:46:48.0138295],59,67,49
252,[00:46:48.1144822],61,70,63
253,[00:46:48.2168390],42,73,48
254,[00:46:48.3143494],46,73,59
255,[00:46:48.4141721],76,75,41
256,[00:46:48.5153038],68,40,65
257,[00:46:48.6143865],48,32,44
258,[00:46:48.7146662],50,30,68
259,[00:46:48.8145628],54,67,43
260,[00:46:48.9151218],48,62,66
261,[00:46:49.0156446],68,37,67
262,[00:46:49.1145935],73,70,72
263,[00:46:49.2148840],58,80,62
264,[00:46:49.3149201],39,42,64
265,[00:46:49.4165072],80,33,50
266,[00:46:49.5150283],78,84,63
267,[00:46:49.6163543],31,58,57
268,[00:46:49.7153618],55,55,33
269,[00:46:49.8167844],59,65,33
270,[00:46:49.9154962],37,54,59
271,[00:46:50.0166039],60,75,77
272,[00:46:50.1154061],75,64,81
273,[00:46:50.2153737],59,75,78
274,[00:46:50.3156606],65,78,58
275,[00:46:50.4163098],76,66,74
276,[00:46:50.5173131],66,38,70
277,[00:46:50.6165556],70,73,30
278,[00:46:50.7159661],40,47,65
279,[00:46:50.8171282],49,69,68
280,[00:46:50.9162119],50,65,57
281,[00:46:51.0162930],56,71,75
282,[00:46:51.1180474],74,76,64
283,[00:46:51.2163524],65,33,56
284,[00:46:51.3180960],50,67,38
285,[00:46:51.4182023],65,38,61
286,[00:46:51.5165522],77,69,65
287,[00:46:51.6182625],48,44,60
288,[00:46:51.7171915],84,69,32
289,[00:46:51.8170186],73,69,79
290,[00:46:51.9169961],78,74,51
291,[00:46:52.0168671],35,73,44
292,[00:46:52.1169404],69,69,64
293,[00:46:52.2177222],41,53,64
294,[00:46:52.3174511],76,74,57
295,[00:46:52.4178137],67,61,59
296,[00:46:52.5174310],53,79,57
297,[00:46:52.6185134],68,74,50
298,[00:46:52.7175564],74,74,72
299,[00:46:52.8175668],78,63,67
300,[00:46:52.9174832],61,76,47
301,[00:46:53.0190877],64,72,51
302,[00:46:53.1178754],35,47,42
303,[00:46:53.2184212],38,66,40
304,[00:46:53.3181437],43,70,60
305,[00:46:53.4180898],64,64,67
306,[00:46:53.5180420],21,63,57
307,[00:46:53.6187620],16,73,58
308,[00:46:53.7181919],43,49,48
309,[00:46:53.8194667],14,55,46
310,[00:46:53.9185659],43,77,56
311,[00:46:54.0196845],44,72,56
312,[00:46:54.1191477],45,48,54
313,[00:46:54.2198696],59,72,57
314,[00:46:54.3184977],35,62,71
315,[00:46:54.4203023],70,58,71
316,[00:46:54.5195727],16,46,80
317,[00:46:54.6189098],30,57,59
318,[00:46:54.7194070],26,61,78
319,[00:46:54.8190889],12,77,79
320,[00:46:54.9203020],21,62,56
321,[00:46:55.0205487],46,65,63
322,[00:46:55.1205793],11,78,71
323,[00:46:55.2196657],37,53,67
324,[00:46:55.3194234],50,65,57
325,[00:46:55.4197469],43,67,53
326,[00:46:55.5193629],54,75,58
327,[00:46:55.6208656],19,63,57
328,[00:46:55.7197641],19,81,70
329,[00:46:55.8199788],15,72,53
330,[00:46:55.9202368],6,64,58
331,[00:46:56.0205050],54,79,60
332,[00:46:56.1213882],44,61,66
333,[00:46:56.2217530],43,35,78
334,[00:46:56.3202150],71,59,76
335,[00:46:56.4206967],81,81,48
336,[00:46:56.5201171],60,76,63
337,[00:46:56.6212636],75,48,74
338,[00:46:56.7205132],49,39,77
339,[00:46:56.8217359],37,76,48
340,[00:46:56.9206418],47,31,66
341,[00:46:57.0207257],63,77,75
342,[00:46:57.1212843],34,71,54
343,[00:46:57.2208338],40,73,54
344,[00:46:57.3208978],44,66,75
345,[00:46:57.4210642],37,78,68
346,[00:46:57.5220419],50,31,39
347,[00:46:57.6217635],68,69,64
348,[00:46:57.7213497],60,35,75
349,[00:46:57.8223100],60,72,52
350,[00:46:57.9215855],65,32,62
351,[00:46:58.0213198],55,47,65
352,[00:46:58.1219856],54,67,59
353,[00:46:58.2220667],43,62,66
354,[00:46:58.3216867],38,65,51
355,[00:46:58.4221653],27,55,68
356,[00:46:58.5223909],70,48,52
357,[00:46:58.6228527],34,50,45
358,[00:46:58.7225935],30,40,65
359,[00:46:58.8226626],53,71,45
360,[00:46:58.9225805],27,53,79
361,[00:46:59.0225068],17,65,50
362,[00:46:59.1225850],6,45,67
363,[00:46:59.2221359],0,45,54
364,[00:46:59.3230729],10,54,63
365,[00:46:59.4226367],12,59,52
366,[00:46:59.5227305],4,65,67
367,[00:46:59.6245990],47,40,58
368,[00:46:59.7228833],16,48,66
369,[00:46:59.8225099],8,56,61
370,[00:46:59.9226959],10,68,50
371,[00:47:00.0245440],32,44,29
372,[00:47:00.1228900],47,56,63
373,[00:47:00.2231333],34,59,65
374,[00:47:00.3229967],52,64,76
375,[00:47:00.4232463],61,62,62
376,[00:47:00.5234998],34,63,62
377,[00:47:00.6233781],45,56,55
378,[00:47:00.7245643],42,47,55
379,[00:47:00.8234522],49,55,62
380,[00:47:00.9237322],29,48,65
381,[00:47:01.0252743],25,52,68
382,[00:47:01.1237217],49,58,69
383,[00:47:01.2252647],51,67,69
384,[00:47:01.3238928],73,64,84
385,[00:47:01.4239741],55,64,50
386,[00:47:01.5241764],74,75,71
387,[00:47:01.6260102],60,68,65
388,[00:47:01.7244268],45,59,74
389,[00:47:01.8254338],44,29,55
390,[00:47:01.9245094],49,77,68
391,[00:47:02.0257340],42,67,59
392,[00:47:02.1262878],51,52,63
393,[00:47:02.2248734],24,51,58
394,[00:47:02.3250953],51,43,55
395,[00:47:02.4248762],29,67,52
396,[00:47:02.5247731],30,65,72
397,[00:47:02.6249003],54,62,50
398,[00:47:02.7258072],43,72,59
399,[00:47:02.8253705],34,73,50
400,[00:47:02.9268970],60,83,58
401,[00:47:03.0259444],67,83,49
402,[00:47:03.1259011],70,37,82
403,[00:47:03.2264428],51,58,52
404,[00:47:03.3261313],66,61,56
405,[00:47:03.4256973],78,30,68
406,[00:47:03.5263202],78,71,51
407,[00:47:03.6267676],48,59,54
408,[00:47:03.7266690],72,70,63
409,[00:47:03.8257333],63,84,62
410,[00:47:03.9269920],55,73,76
411,[00:47:04.0257890],70,70,57
412,[00:47:04.1274255],38,42,63
413,[00:47:04.2271959],70,67,67
414,[00:47:04.3259824],71,66,70
415,[00:47:04.4262665],69,76,51
416,[00:47:04.5269746],31,41,62
417,[00:47:04.6284977],58,64,53
418,[00:47:04.7269821],49,76,64
419,[00:47:04.8275881],60,84,64
420,[00:47:04.9267227],71,58,67
421,[00:47:05.0278553],64,53,62
422,[00:47:05.1280523],73,79,47
423,[00:47:05.2273172],61,82,63
424,[00:47:05.3270802],61,31,65
425,[00:47:05.4284714],57,75,65
426,[00:47:05.5282944],72,82,74
427,[00:47:05.6277997],53,73,67
428,[00:47:05.7286314],52,80,73
429,[00:47:05.8276773],70,75,28
430,[00:47:05.9283729],63,77,38
431,[00:47:06.0272922],45,72,52
432,[00:47:06.1273657],68,31,44
433,[00:47:06.2281115],49,35,34
434,[00:47:06.3275021],57,79,51
435,[00:47:06.4302645],69,66,60
436,[00:47:06.5281571],61,53,62
437,[00:47:06.6282304],62,61,54
438,[00:47:06.7278970],58,61,58
439,[00:47:06.8291957],53,75,28
440,[00:47:06.9294654],63,35,54
441,[00:47:07.0285101],62,64,44
442,[00:47:07.1299152],41,43,44
443,[00:47:07.2283746],67,86,41
444,[00:47:07.3286506],62,58,56
445,[00:47:07.4286385],47,69,55
446,[00:47:07.5283847],65,74,58
447,[00:47:07.6290682],73,55,61
448,[00:47:07.7311794],48,57,40
449,[00:47:07.8287146],48,64,55
450,[00:47:07.9289675],68,59,55
451,[00:47:08.0298183],67,75,46
452,[00:47:08.1305699],59,68,72
453,[00:47:08.2291333],69,35,59
454,[00:47:08.3304237],70,83,48
455,[00:47:08.4292450],71,79,60
456,[00:47:08.5292111],78,44,61
457,[00:47:08.6313163],57,64,62
458,[00:47:08.7306688],44,40,51
459,[00:47:08.8300238],66,44,51
460,[00:47:08.9299637],55,73,63
461,[00:47:09.0306645],52,70,71
462,[00:47:09.1296945],57,69,66
463,[00:47:09.2309600],61,69,47
464,[00:47:09.3304406],66,81,50
465,[00:47:09.4301981],74,61,67
466,[00:47:09.5301279],77,72,79
467,[00:47:09.6303129],76,73,43
468,[00:47:09.7303922],69,62,53
469,[00:47:09.8301472],74,66,52
470,[00:47:09.9306485],64,43,39
471,[00:47:10.0308653],65,30,61
472,[00:47:10.1308769],53,51,35
473,[00:47:10.2305094],59,75,49
474,[00:47:10.3317856],82,83,48
475,[00:47:10.4306835],62,70,59
476,[00:47:10.5318030],60,69,62
477,[00:47:10.6309583],55,31,71
478,[00:47:10.7313642],39,81,55
479,[00:47:10.8312645],46,82,55
480,[00:47:10.9311153],42,68,56
481,[00:47:11.0310656],46,67,60
482,[00:47:11.1312373],46,62,43
483,[00:47:11.2325590],45,66,55
484,[00:47:11.3313671],49,66,53
485,[00:47:11.4315423],62,59,40
486,[00:47:11.5315247],55,29,55
487,[00:47:11.6330169],53,31,53
488,[00:47:11.7317158],57,61,64
489,[00:47:11.8328094],67,72,66
490,[00:47:11.9319485],66,74,62
491,[00:47:12.0319192],73,57,54
492,[00:47:12.1320420],73,31,29
493,[00:47:12.2329060],59,71,60
494,[00:47:12.3321334],50,61,53
495,[00:47:12.4322471],57,60,62
496,[00:47:12.5339988],63,69,47
497,[00:47:12.6342901],50,72,50
498,[00:47:12.7325343],71,80,45
499,[00:47:12.8330753],32,66,66
500,[00:47:12.9328397],55,75,46
501,[00:47:13.0331657],55,74,66
502,[00:47:13.1327402],47,66,64
503,[00:47:13.2328172],65,49,50
504,[00:47:13.3326696],56,62,64
505,[00:47:13.4336109],62,69,78
506,[00:47:13.5332961],60,64,61
507,[00:47:13.6335300],55,61,58
508,[00:47:13.7330717],57,71,61
509,[00:47:13.8346890],70,73,47
510,[00:47:13.9333731],51,55,67
511,[00:47:14.0346998],39,77,65
512,[00:47:14.1340098],46,67,51
513,[00:47:14.2335756],68,67,41
514,[00:47:14.3345055],76,77,62
515,[00:47:14.4353406],67,78,33
516,[00:47:14.5338426],59,64,59
517,[00:47:14.6355086],59,68,63
518,[00:47:14.7338922],56,56,67
519,[00:47:14.8346540],48,67,62
520,[00:47:14.9340576],66,64,53
521,[00:47:15.0355157],53,74,58
522,[00:47:15.1348412],42,61,82
523,[00:47:15.2354091],67,50,47
524,[00:47:15.3347298],67,70,54
525,[00:47:15.4345482],66,59,50
526,[00:47:15.5357451],44,63,49
527,[00:47:15.6360810],81,60,86
528,[00:47:15.7345590],75,67,66
529,[00:47:15.8358624],59,67,62
530,[00:47:15.9347740],57,53,69
531,[00:47:16.0359525],71,68,47
532,[00:47:16.1357438],58,74,60
533,[00:47:16.2349691],50,45,58
534,[00:47:16.3349222],64,68,51
535,[00:47:16.4356382],52,59,58
536,[00:47:16.5358582],47,60,50
537,[00:47:16.6355141],61,58,55
538,[00:47:16.7370417],57,62,55
539,[00:47:16.8354827],66,61,69
540,[00:47:16.9358692],64,65,56
541,[00:47:17.0360059],31,62,64
542,[00:47:17.1357202],47,54,57
543,[00:47:17.2359306],30,73,55
544,[00:47:17.3363936],79,62,46
545,[00:47:17.4359435],37,50,61
546,[00:47:17.5381844],49,65,65
547,[00:47:17.6371752],65,62,59
548,[00:47:17.7370015],76,66,69
549,[00:47:17.8375240],84,52,60
550,[00:47:17.9361641],70,58,49
551,[00:47:18.0363650],53,62,52
552,[00:47:18.1371841],51,69,59
553,[00:47:18.2376518],49,50,63
554,[00:47:18.3364542],67,77,56
555,[00:47:18.4367578],51,67,74
556,[00:47:18.5380694],53,57,69
557,[00:47:18.6378919],59,52,67
558,[00:47:18.7369374],75,60,72
559,[00:47:18.8385514],58,65,55
560,[00:47:18.9371422],63,74,51
561,[00:47:19.0382291],71,70,83
562,[00:47:19.1382614],47,75,67
563,[00:47:19.2373289],54,65,50
564,[00:47:19.3386641],32,68,71
565,[00:47:19.4382193],63,81,60
566,[00:47:19.5373912],74,61,76
567,[00:47:19.6375679],34,81,76
568,[00:47:19.7376741],36,67,31
569,[00:47:19.8376939],76,82,63
570,[00:47:19.9380691],66,84,60
571,[00:47:20.0383083],76,78,53
572,[00:47:20.1379625],39,87,64
573,[00:47:20.2397746],64,31,64
574,[00:47:20.3381186],37,71,49
575,[00:47:20.4386929],23,67,48
576,[00:47:20.5386208],76,44,62
577,[00:47:20.6389375],80,75,41
578,[00:47:20.7381488],52,74,56
579,[00:47:20.8384764],55,57,56
580,[00:47:20.9386146],60,72,55
581,[00:47:21.0391201],74,40,68
582,[00:47:21.1398064],33,38,66
583,[00:47:21.2405163],78,36,61
584,[00:47:21.3393150],49,36,66
585,[00:47:21.4389971],62,81,59
586,[00:47:21.5389400],58,78,64
587,[00:47:21.6401257],81,32,60
588,[00:47:21.7394041],73,34,68
589,[00:47:21.8406678],29,86,55
590,[00:47:21.9392047],69,35,57
591,[00:47:22.0391807],53,63,49
592,[00:47:22.1407917],65,83,61
593,[00:47:22.2394467],63,37,72
594,[00:47:22.3406390],34,78,40
595,[00:47:22.4398480],72,32,55
596,[00:47:22.5418345],65,64,33
597,[00:47:22.6398795],64,35,68
598,[00:47:22.7399837],71,47,53
599,[00:47:22.8403559],64,75,66
600,[00:47:22.9402948],63,37,49
601,[00:47:23.0401829],64,41,70
602,[00:47:23.1413654],60,63,59
603,[00:47:23.2404436],40,81,79
604,[00:47:23.3411253],77,63,60
605,[00:47:23.4424816],56,82,46
606,[00:47:23.5406577],61,78,72
607,[00:47:23.6411250],60,72,57
608,[00:47:23.7426444],51,45,82
609,[00:47:23.8411233],39,42,63
610,[00:47:23.9422230],31,59,64
611,[00:47:24.0420248],49,78,53
612,[00:47:24.1416510],58,43,44
613,[00:47:24.2425560],45,48,47
614,[00:47:24.3429564],56,79,71
615,[00:47:24.4410882],57,78,58
616,[00:47:24.5415951],68,36,55
617,[00:47:24.6422100],44,80,51
618,[00:47:24.7414703],59,38,61
619,[00:47:24.8427731],42,72,43
620,[00:47:24.9414768],67,35,60
621,[00:47:25.0427124],50,42,43
622,[00:47:25.1427306],48,81,39
623,[00:47:25.2418476],50,74,62
624,[00:47:25.3421374],73,42,43
625,[00:47:25.4422767],68,61,50
626,[00:47:25.5420683],52,58,55
627,[00:47:25.6426065],39,57,39
628,[00:47:25.7430375],56,72,52
629,[00:47:25.8440596],69,39,59
630,[00:47:25.9424869],55,81,63
631,[00:47:26.0438456],70,78,61
632,[00:47:26.1426630],62,82,79
633,[00:47:26.2436462],54,36,63
634,[00:47:26.3425200],63,78,69
635,[00:47:26.4426739],68,69,64
636,[00:47:26.5435863],64,45,48
637,[00:47:26.6441062],61,46,66
638,[00:47:26.7429261],57,74,65
639,[00:47:26.8441603],53,71,69
640,[00:47:26.9434981],71,78,61
641,[00:47:27.0453933],69,80,67
642,[00:47:27.1435578],59,62,55
643,[00:47:27.2432068],52,70,43
644,[00:47:27.3443798],31,74,44
645,[00:47:27.4434924],65,84,61
646,[00:47:27.5459359],70,71,68
647,[00:47:27.6442056],74,73,35
648,[00:47:27.7437848],57,46,52
649,[00:47:27.8446715],61,73,72
650,[00:47:27.9438733],63,70,74
651,[00:47:28.0449604],64,51,45
652,[00:47:28.1450210],67,76,70
653,[00:47:28.2441805],47,54,63
654,[00:47:28.3452295],33,46,70
655,[00:47:28.4455073],73,76,61
656,[00:47:28.5445763],33,76,30
657,[00:47:28.6453667],60,79,57
658,[00:47:28.7452072],64,58,49
659,[00:47:28.8443536],41,69,69
660,[00:47:28.9443015],37,74,59
661,[00:47:29.0444849],54,69,63
662,[00:47:29.1445169],63,86,62
663,[00:47:29.2453730],54,67,54
664,[00:47:29.3459358],8,64,57
665,[00:47:29.4448368],49,48,63
666,[00:47:29.5459531],14,67,79
667,[00:47:29.6460710],38,55,53
668,[00:47:29.7450608],45,69,41
669,[00:47:29.8462812],44,57,66
670,[00:47:29.9453082],63,86,47
671,[00:47:30.0463821],40,61,44
672,[00:47:30.1460225],71,75,67
673,[00:47:30.2457053],72,61,77
674,[00:47:30.3458008],20,70,57
675,[00:47:30.4455285],70,79,67
676,[00:47:30.5463301],46,79,58
677,[00:47:30.6463449],67,76,76
678,[00:47:30.7459455],49,67,64
679,[00:47:30.8457521],31,62,59
680,[00:47:30.9472151],56,57,63
681,[00:47:31.0465276],56,59,78
682,[00:47:31.1466227],64,70,43
683,[00:47:31.2466390],11,65,76
684,[00:47:31.3463655],52,65,67
685,[00:47:31.4476949],49,63,57
686,[00:47:31.5467481],52,64,56
687,[00:47:31.6477754],68,71,67
688,[00:47:31.7465761],61,83,50
689,[00:47:31.8478144],41,66,53
690,[00:47:31.9479237],47,87,53
691,[00:47:32.0467805],61,56,63
692,[00:47:32.1486245],70,69,68
693,[00:47:32.2481279],29,65,62
694,[00:47:32.3469694],58,80,66
695,[00:47:32.4471238],42,85,69
696,[00:47:32.5471901],50,34,73
697,[00:47:32.6490612],75,59,77
698,[00:47:32.7474438],46,68,71
699,[00:47:32.8494705],73,67,77
700,[00:47:32.9475985],52,29,61
701,[00:47:33.0490060],29,59,60
702,[00:47:33.1493827],60,75,59
703,[00:47:33.2478275],45,41,68
704,[00:47:33.3491722],67,61,72
705,[00:47:33.4490991],68,64,46
706,[00:47:33.5479511],47,63,59
707,[00:47:33.6479782],61,70,54
708,[00:47:33.7481719],47,57,62
709,[00:47:33.8484843],47,74,59
710,[00:47:33.9481517],23,52,60
711,[00:47:34.0487517],24,29,78
712,[00:47:34.1489754],77,83,65
713,[00:47:34.2490564],60,75,59
714,[00:47:34.3496617],60,69,74
715,[00:47:34.4486299],69,35,51
716,[00:47:34.5502206],58,67,55
717,[00:47:34.6493678],27,74,67
718,[00:47:34.7491873],56,75,71
719,[00:47:34.8490130],56,84,56
720,[00:47:34.9488692],61,63,70
721,[00:47:35.0502836],77,63,60
722,[00:47:35.1490688],70,84,74
723,[00:47:35.2503720],50,70,61
724,[00:47:35.3501741],42,80,68
725,[00:47:35.4494371],41,80,71
726,[00:47:35.5496501],59,64,59
727,[00:47:35.6508227],58,56,55
728,[00:47:35.7497048],48,64,52
729,[00:47:35.8495981],63,67,66
730,[00:47:35.9497635],33,66,70
731,[00:47:36.0496882],34,60,39
732,[00:47:36.1507052],58,44,65
733,[00:47:36.2500863],76,85,45
734,[00:47:36.3512970],36,31,79
735,[00:47:36.4505038],71,54,37
736,[00:47:36.5513352],63,30,83
737,[00:47:36.6504836],59,44,72
738,[00:47:36.7516492],59,59,74
739,[00:47:36.8504670],56,67,47
740,[00:47:36.9515198],46,70,32
741,[00:47:37.0505764],83,80,60
742,[00:47:37.1517388],64,82,67
743,[00:47:37.2508504],53,74,64
744,[00:47:37.3520871],57,72,32
745,[00:47:37.4510113],61,72,43
746,[00:47:37.5517010],48,88,49
747,[00:47:37.6516418],43,80,45
748,[00:47:37.7512838],56,81,65
749,[00:47:37.8511415],50,60,62
750,[00:47:37.9531753],43,35,61
751,[00:47:38.0511260],77,74,59
752,[00:47:38.1513439],45,69,48
753,[00:47:38.2516094],33,68,50
754,[00:47:38.3526239],53,60,58
755,[00:47:38.4520779],48,65,56
756,[00:47:38.5516738],47,71,50
757,[00:47:38.6522871],56,63,71
758,[00:47:38.7519857],42,57,60
759,[00:47:38.8522485],46,88,70
760,[00:47:38.9526858],49,75,65
761,[00:47:39.0519472],60,48,60
762,[00:47:39.1519904],53,74,70
763,[00:47:39.2521856],67,40,70
764,[00:47:39.3534197],68,68,71
765,[00:47:39.4534871],61,63,51
766,[00:47:39.5523584],74,63,47
767,[00:47:39.6543076],80,77,62
768,[00:47:39.7524763],68,35,61
769,[00:47:39.8527844],79,69,72
770,[00:47:39.9540533],82,36,45
771,[00:47:40.0538664],74,79,62
772,[00:47:40.1530221],47,70,70
773,[00:47:40.2540372],46,80,64
774,[00:47:40.3543869],82,82,71
775,[00:47:40.4533673],52,45,60
776,[00:47:40.5541750],56,72,45
777,[00:47:40.6533219],66,80,55
778,[00:47:40.7534827],67,32,49
779,[00:47:40.8544202],63,57,65
780,[00:47:40.9535480],44,74,45
781,[00:47:41.0541537],63,78,56
782,[00:47:41.1543480],60,51,64
783,[00:47:41.2538437],65,79,51
784,[00:47:41.3554280],68,62,70
785,[00:47:41.4549697],76,67,59
786,[00:47:41.5552275],72,70,37
787,[00:47:41.6544645],68,46,45
788,[00:47:41.7543117],56,63,62
789,[00:47:41.8544190],32,39,37
790,[00:47:41.9542566],56,44,43
791,[00:47:42.0551822],67,82,71
792,[00:47:42.1548600],47,44,79
793,[00:47:42.2550221],24,76,59
794,[00:47:42.3548523],79,81,38
795,[00:47:42.4552371],71,85,77
796,[00:47:42.5547694],59,78,76
797,[00:47:42.6567348],64,68,72
798,[00:47:42.7561973],41,61,35
799,[00:47:42.8548061],70,74,44
800,[00:47:42.9565076],36,76,53
801,[00:47:43.0549722],69,37,66
802,[00:47:43.1555787],63,82,67
803,[00:47:43.2555090],79,84,40
804,[00:47:43.3565454],60,44,51
805,[00:47:43.4555142],44,69,71
806,[00:47:43.5573562],40,68,82
807,[00:47:43.6553534],74,47,68
808,[00:47:43.7556436],40,46,64
809,[00:47:43.8566772],38,80,39
810,[00:47:43.9558361],70,77,61
811,[00:47:44.0557945],53,36,74
812,[00:47:44.1562203],59,81,72
813,[00:47:44.2560527],72,77,82
814,[00:47:44.3573558],72,62,34
815,[00:47:44.4571897],61,61,37
816,[00:47:44.5558914],80,42,65
817,[00:47:44.6573600],47,36,71
818,[00:47:44.7579957],54,79,58
819,[00:47:44.8565734],56,41,46
820,[00:47:44.9573539],73,80,73
821,[00:47:45.0580474],67,79,58
822,[00:47:45.1571922],73,34,41
823,[00:47:45.2582008],84,55,61
824,[00:47:45.3573399],60,47,74
825,[00:47:45.4569231],60,83,73
826,[00:47:45.5587856],64,39,60
827,[00:47:45.6572869],58,81,77
828,[00:47:45.7575803],58,68,62
829,[00:47:45.8575087],37,42,44
830,[00:47:45.9572153],51,64,46
831,[00:47:46.0573155],18,77,56
832,[00:47:46.1584083],38,69,82
833,[00:47:46.2574998],60,62,69
834,[00:47:46.3573930],70,78,47
835,[00:47:46.4584148],67,83,57
836,[00:47:46.5577110],67,85,75
837,[00:47:46.6594800],35,47,63
838,[00:47:46.7581069],33,80,63
839,[00:47:46.8593748],49,78,34
840,[00:47:46.9581068],51,73,53
841,[00:47:47.0581163],28,70,55
842,[00:47:47.1580817],79,74,69
843,[00:47:47.2602459],61,57,65
844,[00:47:47.3581983],39,69,56
845,[00:47:47.4586378],73,50,48
846,[00:47:47.5591247],50,70,69
847,[00:47:47.6586123],52,72,40
848,[00:47:47.7607618],44,83,49
849,[00:47:47.8585834],61,66,70
850,[00:47:47.9590433],62,65,58
851,[00:47:48.0597115],49,75,57
852,[00:47:48.1589450],43,58,41
853,[00:47:48.2589916],49,67,61
854,[00:47:48.3599181],49,79,76
855,[00:47:48.4597684],57,65,57
856,[00:47:48.5610749],15,61,47
857,[00:47:48.6596868],18,55,64
858,[00:47:48.7598525],80,49,51
859,[00:47:48.8595564],72,50,63
860,[00:47:48.9597511],51,73,66
861,[00:47:49.0605938],54,70,57
862,[00:47:49.1595243],46,76,62
863,[00:47:49.2600131],54,57,56
864,[00:47:49.3599375],38,75,55
865,[00:47:49.4602104],41,68,56
866,[00:47:49.5598279],48,58,70
867,[00:47:49.6609711],53,61,50
868,[00:47:49.7601352],63,58,58
869,[00:47:49.8602154],54,60,64
870,[00:47:49.9612170],64,65,57
871,[00:47:50.0613585],61,76,60
872,[00:47:50.1614191],54,60,55
873,[00:47:50.2603252],73,33,81
874,[00:47:50.3610676],39,76,79
875,[00:47:50.4606632],80,71,31
876,[00:47:50.5610836],35,76,77
877,[00:47:50.6606227],33,88,39
878,[00:47:50.7606938],70,70,66
879,[00:47:50.8622099],43,69,65
880,[00:47:50.9617142],54,77,66
881,[00:47:51.0611063],65,78,82
882,[00:47:51.1619192],76,80,72
883,[00:47:51.2617376],79,76,77
884,[00:47:51.3625778],73,81,54
885,[00:47:51.4612461],36,63,76
886,[00:47:51.5629009],61,56,39
887,[00:47:51.6615437],40,88,42
888,[00:47:51.7626736],45,46,68
889,[00:47:51.8616184],58,86,81
890,[00:47:51.9631056],72,70,73
891,[00:47:52.0618907],68,78,68
892,[00:47:52.1620650],70,80,63
893,[00:47:52.2633802],73,75,77
894,[00:47:52.3620952],74,42,63
895,[00:47:52.4625429],64,44,77
896,[00:47:52.5634408],50,84,59
897,[00:47:52.6631171],44,80,60
898,[00:47:52.7628521],49,64,62
899,[00:47:52.8623434],48,55,53
900,[00:47:52.9627513],43,63,81
901,[00:47:53.0629604],37,83,70
902,[00:47:53.1644217],7,68,65
903,[00:47:53.2626329],8,71,66
904,[00:47:53.3630201],49,84,35
905,[00:47:53.4627291],23,56,73
906,[00:47:53.5639527],56,52,73
907,[00:47:53.6631490],40,63,57
908,[00:47:53.7633932],36,55,65
909,[00:47:53.8647544],47,72,60
910,[00:47:53.9631634],31,55,52
911,[00:47:54.0656214],65,67,63
912,[00:47:54.1639535],62,65,59
913,[00:47:54.2634149],54,61,38
914,[00:47:54.3638871],64,72,47
915,[00:47:54.4637090],65,67,48
916,[00:47:54.5647344],47,64,44
917,[00:47:54.6668486],49,56,58
918,[00:47:54.7638347],50,36,65
919,[00:47:54.8650889],53,70,59
920,[00:47:54.9645639],30,63,68
921,[00:47:55.0647634],62,70,55
922,[00:47:55.1641500],46,46,43
923,[00:47:55.2660809],65,69,65
924,[00:47:55.3656248],66,40,77
925,[00:47:55.4644282],32,83,63
926,[00:47:55.5654053],70,34,71
927,[00:47:55.6644788],51,80,59
928,[00:47:55.7648494],10,59,58
929,[00:47:55.8646173],51,77,64
930,[00:47:55.9648516],74,70,51
931,[00:47:56.0656498],51,68,74
932,[00:47:56.1661247],53,75,70
933,[00:47:56.2655494],77,73,73
934,[00:47:56.3654513],75,69,80
935,[00:47:56.4652464],68,67,40
936,[00:47:56.5653158],60,56,82
937,[00:47:56.6664081],43,72,59
938,[00:47:56.7652618],18,65,50
939,[00:47:56.8653747],56,69,43
940,[00:47:56.9669022],50,69,60
941,[00:47:57.0654423],43,69,48
942,[00:47:57.1671902],67,76,70
943,[00:47:57.2668532],68,82,71
944,[00:47:57.3658953],44,65,75
945,[00:47:57.4660583],65,76,67
946,[00:47:57.5663580],73,61,79
947,[00:47:57.6668773],70,81,76
948,[00:47:57.7660468],46,92,80
949,[00:47:57.8674941],55,38,50
950,[00:47:57.9687542],74,82,79
951,[00:47:58.0662027],69,54,66
952,[00:47:58.1676219],77,79,71
953,[00:47:58.2664411],72,34,59
954,[00:47:58.3664986],79,80,83
955,[00:47:58.4677761],74,69,56
956,[00:47:58.5667927],71,79,71
957,[00:47:58.6697830],41,76,74
958,[00:47:58.7683920],42,80,54
959,[00:47:58.8678271],39,35,72
960,[00:47:58.9670090],56,69,36
961,[00:47:59.0681150],70,56,77
962,[00:47:59.1671628],47,67,72
963,[00:47:59.2685883],44,77,41
964,[00:47:59.3677290],42,58,74
965,[00:47:59.4674603],45,60,55
966,[00:47:59.5672985],38,71,48
967,[00:47:59.6686501],74,69,77
968,[00:47:59.7677773],33,80,67
969,[00:47:59.8689461],53,69,80
970,[00:47:59.9678802],63,58,63
971,[00:48:00.0692195],61,67,40
972,[00:48:00.1679574],48,64,63
973,[00:48:00.2695955],57,68,58
974,[00:48:00.3681185],55,63,56
975,[00:48:00.4695540],71,61,64
976,[00:48:00.5682408],34,73,67
977,[00:48:00.6688300],9,79,78
978,[00:48:00.7705740],39,40,75
979,[00:48:00.8686980],49,68,59
980,[00:48:00.9700593],61,57,56
981,[00:48:01.0685669],25,73,76
982,[00:48:01.1703473],30,72,74
983,[00:48:01.2685024],61,75,72
984,[00:48:01.3687358],77,61,33
985,[00:48:01.4710007],77,73,73
986,[00:48:01.5689121],76,65,66
987,[00:48:01.6691543],47,81,33
988,[00:48:01.7690917],46,73,60
989,[00:48:01.8691802],71,77,65
990,[00:48:01.9699460],47,80,64
991,[00:48:02.0692914],71,40,61
992,[00:48:02.1709558],37,78,35
993,[00:48:02.2694412],54,68,84
994,[00:48:02.3695233],38,44,67
995,[00:48:02.4715538],34,35,82
996,[00:48:02.5700841],60,64,35
997,[00:48:02.6698338],58,69,82
998,[00:48:02.7709480],63,72,73
999,[00:48:02.8699735],38,66,62
1000,[00:48:02.9716777],60,62,62
1001,[00:48:03.0712809],41,53,50
1002,[00:48:03.1702412],56,68,56
1003,[00:48:03.2711702],53,56,56
1004,[00:48:03.3710149],70,67,51
1005,[00:48:03.4714135],20,57,52
1006,[00:48:03.5710583],45,73,56
1007,[00:48:03.6715272],48,72,40
1008,[00:48:03.7705529],38,62,54
1009,[00:48:03.8709553],39,78,66
1010,[00:48:03.9734889],22,53,47
1011,[00:48:04.0713875],65,74,44
1012,[00:48:04.1727253],58,54,65
1013,[00:48:04.2720749],52,65,51
1014,[00:48:04.3709253],67,69,61
1015,[00:48:04.4734280],47,85,73
1016,[00:48:04.5710446],77,56,61
1017,[00:48:04.6726631],54,78,61
1018,[00:48:04.7723681],58,74,46
1019,[00:48:04.8719497],52,60,54
1020,[00:48:04.9722940],38,65,56
1021,[00:48:05.0725993],43,69,51
1022,[00:48:05.1715880],46,60,76
1023,[00:48:05.2717031],46,78,70
1024,[00:48:05.3718323],49,74,64
1025,[00:48:05.4721392],59,79,58
1026,[00:48:05.5733650],71,76,51
1027,[00:48:05.6720497],57,56,45
1028,[00:48:05.7732970],60,54,64
1029,[00:48:05.8720370],68,68,76
1030,[00:48:05.9724534],75,71,47
1031,[00:48:06.0726051],49,71,68
1032,[00:48:06.1734640],57,46,60
1033,[00:48:06.2735226],51,78,64
1034,[00:48:06.3724984],48,53,71
1035,[00:48:06.4745559],45,79,60
1036,[00:48:06.5737505],48,47,58
1037,[00:48:06.6732146],65,86,53
1038,[00:48:06.7739211],49,66,59
1039,[00:48:06.8735065],49,55,65
1040,[00:48:06.9760260],46,47,72
1041,[00:48:07.0733515],50,62,76
1042,[00:48:07.1734979],73,56,75
1043,[00:48:07.2743855],79,61,65
1044,[00:48:07.3731071],38,70,84
1045,[00:48:07.4764202],76,77,68
1046,[00:48:07.5736739],57,65,58
1047,[00:48:07.6738712],77,75,70
1048,[00:48:07.7734549],70,72,54
1049,[00:48:07.8737589],60,77,39
1050,[00:48:07.9752077],60,69,64
1051,[00:48:08.0753620],61,50,56
1052,[00:48:08.1737464],74,68,55
1053,[00:48:08.2751082],65,60,45
1054,[00:48:08.3738982],40,40,62
1055,[00:48:08.4749298],58,63,63
1056,[00:48:08.5752257],55,60,53
1057,[00:48:08.6742320],62,86,59
1058,[00:48:08.7741832],39,76,42
1059,[00:48:08.8741847],49,64,50
1060,[00:48:08.9744963],34,51,47
1061,[00:48:09.0757134],59,63,66
1062,[00:48:09.1763302],54,61,62
1063,[00:48:09.2746211],59,59,61
1064,[00:48:09.3756571],55,67,64
1065,[00:48:09.4765478],63,64,70
1066,[00:48:09.5749638],53,82,51
1067,[00:48:09.6758050],57,75,65
1068,[00:48:09.7749756],70,82,63
1069,[00:48:09.8757260],54,68,78
1070,[00:48:09.9754160],46,78,70
1071,[00:48:10.0768142],59,75,67
1072,[00:48:10.1757440],65,85,59
1073,[00:48:10.2764901],68,62,55
1074,[00:48:10.3758749],60,85,52
1075,[00:48:10.4760472],47,66,64
1076,[00:48:10.5758393],50,68,70
1077,[00:48:10.6758233],47,75,55
1078,[00:48:10.7768731],34,60,53
1079,[00:48:10.8762693],56,85,66
1080,[00:48:10.9764427],41,82,38
1081,[00:48:11.0761931],44,80,49
1082,[00:48:11.1769202],36,78,42
1083,[00:48:11.2762396],61,78,64
1084,[00:48:11.3764641],39,61,69
1085,[00:48:11.4776791],68,69,52
1086,[00:48:11.5775049],78,54,50
1087,[00:48:11.6776073],47,66,46
1088,[00:48:11.7776388],48,65,54
1089,[00:48:11.8779332],67,63,48
1090,[00:48:11.9767648],45,73,66
1091,[00:48:12.0778708],58,57,68
1092,[00:48:12.1771975],72,74,61
1093,[00:48:12.2767504],61,72,75
1094,[00:48:12.3782937],81,79,76
1095,[00:48:12.4774226],44,30,66
1096,[00:48:12.5770438],71,35,79
1097,[00:48:12.6806187],31,39,71
1098,[00:48:12.7793614],80,84,60
1099,[00:48:12.8774353],46,82,65
1100,[00:48:12.9776503],75,62,66
1101,[00:48:13.0775766],38,40,78
1102,[00:48:13.1795232],40,75,30
1103,[00:48:13.2777409],40,53,76
1104,[00:48:13.3785199],55,77,79
1105,[00:48:13.4779411],61,53,56
1106,[00:48:13.5778077],70,67,77
1107,[00:48:13.6780491],21,79,46
1108,[00:48:13.7790088],19,38,61
1109,[00:48:13.8797640],6,74,63
1110,[00:48:13.9787830],56,72,66
1111,[00:48:14.0784938],60,76,76
1112,[00:48:14.1786045],35,37,63
1113,[00:48:14.2794773],34,33,33
1114,[00:48:14.3785502],67,65,58
1115,[00:48:14.4798252],77,65,55
1116,[00:48:14.5790705],69,80,62
1117,[00:48:14.6788051],79,70,67
1118,[00:48:14.7787473],67,34,63
1119,[00:48:14.8787221],71,80,54
1120,[00:48:14.9805589],61,77,60
1121,[00:48:15.0792101],74,39,48
1122,[00:48:15.1792335],57,68,28
1123,[00:48:15.2803142],44,56,63
1124,[00:48:15.3792369],67,74,49
1125,[00:48:15.4804615],78,80,53
1126,[00:48:15.5793828],34,73,66
1127,[00:48:15.6806815],51,68,70
1128,[00:48:15.7796259],78,67,61
1129,[00:48:15.8795328],55,84,60
1130,[00:48:15.9801627],61,72,77
1131,[00:48:16.0798670],54,38,50
1132,[00:48:16.1804491],67,49,61
1133,[00:48:16.2820386],54,37,57
1134,[00:48:16.3811454],45,39,66
1135,[00:48:16.4800979],70,47,58
1136,[00:48:16.5801123],67,37,59
1137,[00:48:16.6802347],79,48,70
1138,[00:48:16.7812790],44,68,75
1139,[00:48:16.8803095],59,49,75
1140,[00:48:16.9808964],37,31,34
1141,[00:48:17.0806700],40,53,51
1142,[00:48:17.1806399],61,86,67
1143,[00:48:17.2821432],57,70,62
1144,[00:48:17.3806686],64,81,62
1145,[00:48:17.4814113],63,67,71
1146,[00:48:17.5814186],65,60,72
1147,[00:48:17.6811092],41,40,67
1148,[00:48:17.7820334],79,79,78
1149,[00:48:17.8810047],35,81,32
1150,[00:48:17.9817542],62,52,64
1151,[00:48:18.0816775],75,74,43
1152,[00:48:18.1813739],30,48,67
1153,[00:48:18.2816021],66,82,33
1154,[00:48:18.3830708],68,72,62
1155,[00:48:18.4816595],65,62,60
1156,[00:48:18.5827281],76,70,77
1157,[00:48:18.6819394],57,62,29
1158,[00:48:18.7828440],57,77,67
1159,[00:48:18.8823815],64,79,76
1160,[00:48:18.9819740],68,46,72
1161,[00:48:19.0829875],73,73,72
1162,[00:48:19.1821150],82,50,37
1163,[00:48:19.2824260],56,82,66
1164,[00:48:19.3825312],81,79,62
1165,[00:48:19.4823270],65,76,80
1166,[00:48:19.5839548],72,44,72
1167,[00:48:19.6827183],40,35,65
1168,[00:48:19.7835991],72,42,71
1169,[00:48:19.8831511],37,47,74
1170,[00:48:19.9842468],63,48,58
1171,[00:48:20.0826789],33,33,60
1172,[00:48:20.1834579],31,73,61
1173,[00:48:20.2837358],58,36,79
1174,[00:48:20.3828715],70,72,33
1175,[00:48:20.4845661],73,81,61
1176,[00:48:20.5844562],78,47,72
1177,[00:48:20.6833691],63,67,64
1178,[00:48:20.7841653],56,32,34
1179,[00:48:20.8843234],78,51,80
1180,[00:48:20.9840059],11,81,67
1181,[00:48:21.0839076],79,64,54
1182,[00:48:21.1838157],54,65,74
1183,[00:48:21.2836354],79,79,74
1184,[00:48:21.3846620],54,69,80
1185,[00:48:21.4838877],70,57,78
1186,[00:48:21.5844059],76,71,68
1187,[00:48:21.6840901],75,76,46
1188,[00:48:21.7840855],34,73,55
1189,[00:48:21.8840996],52,67,70
1190,[00:48:21.9852664],60,66,67
1191,[00:48:22.0853573],84,75,74
1192,[00:48:22.1844482],61,77,62
1193,[00:48:22.2855008],76,76,73
1194,[00:48:22.3856251],47,68,75
1195,[00:48:22.4849987],59,66,64
1196,[00:48:22.5857206],64,72,61
1197,[00:48:22.6848310],57,73,55
1198,[00:48:22.7848235],48,75,57
1199,[00:48:22.8871805],61,67,59
1200,[00:48:22.9853042],60,86,64
1201,[00:48:23.0849718],53,70,62
1202,[00:48:23.1868752],35,66,58
1203,[00:48:23.2852067],33,68,54
1204,[00:48:23.3863335],28,58,72
1205,[00:48:23.4861779],50,69,56
1206,[00:48:23.5854499],80,75,62
1207,[00:48:23.6875893],59,63,51
1208,[00:48:23.7856140],52,82,60
1209,[00:48:23.8866782],62,38,59
1210,[00:48:23.9859188],76,67,50
1211,[00:48:24.0867680],41,84,56
1212,[00:48:24.1869187],61,45,63
1213,[00:48:24.2859953],52,77,48
1214,[00:48:24.3871499],41,63,57
1215,[00:48:24.4866549],48,60,51
1216,[00:48:24.5890649],46,41,68
1217,[00:48:24.6872815],46,72,58
1218,[00:48:24.7870394],54,63,62
1219,[00:48:24.8876864],60,54,54
1220,[00:48:24.9864888],54,79,69
1221,[00:48:25.0878473],68,38,69
1222,[00:48:25.1867814],72,65,71
1223,[00:48:25.2877488],37,84,66
1224,[00:48:25.3877247],77,39,74
1225,[00:48:25.4868530],71,39,78
1226,[00:48:25.5879559],35,83,37
1227,[00:48:25.6873321],61,78,71
1228,[00:48:25.7871410],70,49,70
1229,[00:48:25.8870499],68,34,68
1230,[00:48:25.9881111],65,75,65
1231,[00:48:26.0876492],56,60,69
1232,[00:48:26.1877037],79,35,65
1233,[00:48:26.2886468],53,47,80
1234,[00:48:26.3873212],50,76,54
1235,[00:48:26.4875968],45,43,70
1236,[00:48:26.5876447],66,42,69
1237,[00:48:26.6876675],75,74,49
1238,[00:48:26.7888390],53,76,75
1239,[00:48:26.8878165],73,67,63
1240,[00:48:26.9878979],58,71,49
1241,[00:48:27.0891837],66,31,51
1242,[00:48:27.1879640],65,86,51
1243,[00:48:27.2895104],61,81,69
1244,[00:48:27.3909939],53,35,60
1245,[00:48:27.4884256],58,82,68
1246,[00:48:27.5892591],50,74,72
1247,[00:48:27.6888401],45,37,62
1248,[00:48:27.7895479],38,75,59
1249,[00:48:27.8885464],59,35,77
1250,[00:48:27.9886884],45,62,76
1251,[00:48:28.0900090],64,36,71
1252,[00:48:28.1892795],47,76,60
1253,[00:48:28.2889857],41,35,45
1254,[00:48:28.3907709],40,47,34
1255,[00:48:28.4890555],75,68,78
1256,[00:48:28.5895951],58,60,65
1257,[00:48:28.6892686],50,69,79
1258,[00:48:28.7893762],72,76,76
1259,[00:48:28.8905348],45,74,62
1260,[00:48:28.9892805],52,37,32
1261,[00:48:29.0894242],45,31,30
1262,[00:48:29.1895031],50,48,83
1263,[00:48:29.2903756],62,77,65
1264,[00:48:29.3901316],47,63,64
1265,[00:48:29.4911496],73,32,53
1266,[00:48:29.5909907],63,51,66
1267,[00:48:29.6901838],50,35,64
1268,[00:48:29.7899164],69,69,58
1269,[00:48:29.8911765],51,82,50
1270,[00:48:29.9900144],56,47,57
1271,[00:48:30.0902287],62,57,54
1272,[00:48:30.1913419],57,54,46
1273,[00:48:30.2904350],41,64,52
1274,[00:48:30.3903175],53,76,65
1275,[00:48:30.4906289],67,66,53
1276,[00:48:30.5924985],65,78,61
1277,[00:48:30.6907188],65,62,69
1278,[00:48:30.7918453],74,85,80
1279,[00:48:30.8907945],38,58,73
1280,[00:48:30.9908359],38,78,61
1281,[00:48:31.0920905],53,36,59
1282,[00:48:31.1910656],70,71,61
1283,[00:48:31.2922238],73,79,70
1284,[00:48:31.3918384],55,32,72
1285,[00:48:31.4913037],42,46,78
1286,[00:48:31.5914875],61,79,66
1287,[00:48:31.6916301],57,33,65
1288,[00:48:31.7914238],42,36,61
1289,[00:48:31.8920529],62,71,30
1290,[00:48:31.9937794],56,40,68
1291,[00:48:32.0921270],65,82,64
1292,[00:48:32.1922864],38,76,44
1293,[00:48:32.2921614],66,84,31
1294,[00:48:32.3920492],83,51,58
1295,[00:48:32.4920917],57,76,55
1296,[00:48:32.5920931],48,73,77
1297,[00:48:32.6938030],58,65,73
1298,[00:48:32.7923876],56,35,56
1299,[00:48:32.8927737],63,82,73
1300,[00:48:32.9928367],67,78,89
1301,[00:48:33.0941848],15,65,66
1302,[00:48:33.1939271],48,34,56
1303,[00:48:33.2931547],56,79,69
1304,[00:48:33.3948812],32,72,59
1305,[00:48:33.4927476],72,85,54
1306,[00:48:33.5928132],73,78,70
1307,[00:48:33.6929545],55,78,79
1308,[00:48:33.7940616],61,78,66
1309,[00:48:33.8933067],76,66,33
1310,[00:48:33.9931367],46,71,32
1311,[00:48:34.0932276],64,54,41
1312,[00:48:34.1945922],71,85,76
1313,[00:48:34.2946231],68,48,76
1314,[00:48:34.3935423],63,45,85
1315,[00:48:34.4945110],67,32,61
1316,[00:48:34.5946382],49,46,78
1317,[00:48:34.6935918],71,51,53
1318,[00:48:34.7946466],42,53,60
1319,[00:48:34.8944246],69,32,34
1320,[00:48:34.9939810],36,45,32
1321,[00:48:35.0942946],49,82,62
1322,[00:48:35.1941853],55,72,32
1323,[00:48:35.2943171],37,34,52
1324,[00:48:35.3943016],65,35,77
1325,[00:48:35.4958266],43,75,32
1326,[00:48:35.5943860],43,70,64
1327,[00:48:35.6964240],47,73,83
1328,[00:48:35.7946954],61,47,72
1329,[00:48:35.8956343],77,79,38
1330,[00:48:35.9969411],42,76,71
1331,[00:48:36.0950447],49,43,71
1332,[00:48:36.1952502],51,84,66
1333,[00:48:36.2950991],64,57,83
1334,[00:48:36.3952778],32,33,81
1335,[00:48:36.4950097],41,39,42
1336,[00:48:36.5963312],40,72,65
1337,[00:48:36.6952475],79,46,69
1338,[00:48:36.7962806],55,36,74
1339,[00:48:36.8964065],71,63,71
1340,[00:48:36.9953377],62,36,50
1341,[00:48:37.0954534],58,61,65
1342,[00:48:37.1954874],75,79,56
1343,[00:48:37.2966650],65,50,65
1344,[00:48:37.3958200],44,68,49
1345,[00:48:37.4962160],67,69,41
1346,[00:48:37.5957016],75,38,55
1347,[00:48:37.6978733],77,74,55
1348,[00:48:37.7958959],76,76,41
1349,[00:48:37.8972332],47,79,43
1350,[00:48:37.9961969],48,33,69
1351,[00:48:38.0972314],74,74,78
1352,[00:48:38.1969214],63,37,70
1353,[00:48:38.2964016],61,59,63
1354,[00:48:38.3963510],41,79,68
1355,[00:48:38.4972162],42,89,63
1356,[00:48:38.5977760],58,81,57
1357,[00:48:38.6965844],63,68,56
1358,[00:48:38.7971697],62,38,50
1359,[00:48:38.8968697],57,74,77
1360,[00:48:38.9970596],48,48,79
1361,[00:48:39.0982748],71,80,69
1362,[00:48:39.1991334],55,71,57
1363,[00:48:39.2975771],45,66,34
1364,[00:48:39.3971608],69,78,56
1365,[00:48:39.4973298],56,87,35
1366,[00:48:39.5989917],53,69,38
1367,[00:48:39.6977775],77,75,70
1368,[00:48:39.7977692],54,53,77
1369,[00:48:39.8974885],41,58,57
1370,[00:48:39.9977417],73,80,81
1371,[00:48:40.0988339],67,48,81
1372,[00:48:40.1976811],66,62,35
1373,[00:48:40.2994778],73,46,39
1374,[00:48:40.3979445],71,57,61
1375,[00:48:40.4995059],75,75,79
1376,[00:48:40.5991969],50,89,71
1377,[00:48:40.6982383],44,66,49
1378,[00:48:40.7993687],41,44,62
1379,[00:48:40.8984870],36,81,81
1380,[00:48:40.9987858],38,78,77
1381,[00:48:41.0997040],40,64,56
1382,[00:48:41.1984556],76,40,35
1383,[00:48:41.2987547],45,46,56
1384,[00:48:41.4003676],73,60,35
1385,[00:48:41.4986500],63,57,76
1386,[00:48:41.5998959],63,65,60
1387,[00:48:41.6994652],45,39,54
1388,[00:48:41.7994515],58,72,66
1389,[00:48:41.8995140],63,69,79
1390,[00:48:41.9998786],76,79,81
1391,[00:48:42.1001594],73,52,77
1392,[00:48:42.2002538],69,72,85
1393,[00:48:42.3006766],34,68,33
1394,[00:48:42.3993499],56,69,72
1395,[00:48:42.5014869],75,80,74
1396,[00:48:42.6010861],61,47,75
1397,[00:48:42.7002512],55,59,63
1398,[00:48:42.8004709],72,46,30
1399,[00:48:42.9000391],80,88,66
1400,[00:48:43.0000171],75,63,67
1401,[00:48:43.1000031],31,56,33
1402,[00:48:43.2008004],57,47,46
1403,[00:48:43.3015957],33,52,39
1404,[00:48:43.4006321],62,57,67
1405,[00:48:43.5006673],50,41,72
1406,[00:48:43.6015739],69,50,62
1407,[00:48:43.7003807],68,82,68
1408,[00:48:43.8007155],52,75,76
1409,[00:48:43.9016249],34,76,79
1410,[00:48:44.0008335],66,47,74
1411,[00:48:44.1017651],41,43,69
1412,[00:48:44.2012683],58,72,66
1413,[00:48:44.3021564],69,83,76
1414,[00:48:44.4020603],57,48,48
1415,[00:48:44.5015358],37,57,73
1416,[00:48:44.6021526],54,76,41
1417,[00:48:44.7013241],45,46,50
1418,[00:48:44.8011026],70,79,79
1419,[00:48:44.9023807],66,63,63
1420,[00:48:45.0013120],54,70,75
1421,[00:48:45.1015456],40,68,52
1422,[00:48:45.2019368],77,43,48
1423,[00:48:45.3016719],35,73,40
1424,[00:48:45.4016441],71,77,58
1425,[00:48:45.5019701],34,81,38
1426,[00:48:45.6031452],33,57,66
1427,[00:48:45.7030474],48,68,74
1428,[00:48:45.8020648],43,75,69
1429,[00:48:45.9031144],51,50,72
1430,[00:48:46.0022479],48,78,56
1431,[00:48:46.1022279],68,58,60
1432,[00:48:46.2043524],61,74,53
1433,[00:48:46.3027970],74,82,72
1434,[00:48:46.4038954],62,75,49
1435,[00:48:46.5032332],80,82,72
1436,[00:48:46.6024477],41,71,52
1437,[00:48:46.7046369],38,37,68
1438,[00:48:46.8025996],76,61,62
1439,[00:48:46.9049479],44,70,70
1440,[00:48:47.0031882],34,38,58
1441,[00:48:47.1030047],76,52,69
1442,[00:48:47.2045923],78,58,76
1443,[00:48:47.3038913],38,56,67
1444,[00:48:47.4031669],54,48,63
1445,[00:48:47.5033490],39,81,71
1446,[00:48:47.6036831],49,43,66
1447,[00:48:47.7034579],35,52,61
1448,[00:48:47.8044156],70,73,34
1449,[00:48:47.9035170],71,80,78
1450,[00:48:48.0046061],68,84,47
1451,[00:48:48.1036854],67,73,30
1452,[00:48:48.2070578],76,36,71
1453,[00:48:48.3036599],62,84,74
1454,[00:48:48.4038266],72,32,38
1455,[00:48:48.5051692],64,67,76
1456,[00:48:48.6040745],74,83,36
1457,[00:48:48.7054778],57,49,36
1458,[00:48:48.8043987],74,43,39
1459,[00:48:48.9041764],38,85,83
1460,[00:48:49.0051096],58,46,41
1461,[00:48:49.1058780],39,65,69
1462,[00:48:49.2069345],43,59,78
1463,[00:48:49.3046708],68,80,60
1464,[00:48:49.4062060],63,46,66
1465,[00:48:49.5046745],75,66,53
1466,[00:48:49.6058917],58,76,66
1467,[00:48:49.7070362],71,77,72
1468,[00:48:49.8054406],62,42,78
1469,[00:48:49.9051503],40,62,50
1470,[00:48:50.0054647],63,76,65
1471,[00:48:50.1051703],59,39,58
1472,[00:48:50.2069906],47,56,41
1473,[00:48:50.3053328],59,79,73
1474,[00:48:50.4069869],17,83,49
1475,[00:48:50.5059535],62,67,61
1476,[00:48:50.6055980],70,71,60
1477,[00:48:50.7066897],74,63,45
1478,[00:48:50.8056379],74,72,59
1479,[00:48:50.9068903],64,31,60
1480,[00:48:51.0059020],80,38,63
1481,[00:48:51.1071830],37,76,70
1482,[00:48:51.2072597],73,35,41
1483,[00:48:51.3061217],42,36,78
1484,[00:48:51.4071802],62,51,39
1485,[00:48:51.5064027],74,85,69
1486,[00:48:51.6080157],37,64,73
1487,[00:48:51.7067200],73,74,78
1488,[00:48:51.8063962],39,50,71
1489,[00:48:51.9079229],47,69,42
1490,[00:48:52.0064570],72,73,71
1491,[00:48:52.1066372],70,54,53
1492,[00:48:52.2076448],43,62,67
1493,[00:48:52.3067567],68,46,64
1494,[00:48:52.4070576],58,34,61
1495,[00:48:52.5073754],43,84,49
1496,[00:48:52.6076735],48,51,84
1497,[00:48:52.7090760],54,85,39
1498,[00:48:52.8071087],62,80,80
1499,[00:48:52.9079942],61,31,77
1500,[00:48:53.0074114],82,81,68
1501,[00:48:53.1082384],60,56,75
1502,[00:48:53.2077904],61,57,71
1503,[00:48:53.3081413],41,82,74
1504,[00:48:53.4078951],47,58,74
1505,[00:48:53.5083797],74,48,57
1506,[00:48:53.6076925],74,65,66
1507,[00:48:53.7093039],45,73,60
1508,[00:48:53.8082969],72,56,67
1509,[00:48:53.9084724],65,56,35
1510,[00:48:54.0082106],50,80,76
1511,[00:48:54.1084438],36,67,80
1512,[00:48:54.2098996],33,60,61
1513,[00:48:54.3087984],83,69,38
1514,[00:48:54.4103555],42,33,58
1515,[00:48:54.5092795],35,60,62
1516,[00:48:54.6096657],33,63,68
1517,[00:48:54.7094459],70,81,34
1518,[00:48:54.8102110],56,58,32
1519,[00:48:54.9108387],44,60,32
1520,[00:48:55.0089842],35,45,75
1521,[00:48:55.1089959],68,55,42
1522,[00:48:55.2106334],79,38,81
1523,[00:48:55.3090912],52,34,74
1524,[00:48:55.4091665],78,45,81
1525,[00:48:55.5093785],38,65,77
1526,[00:48:55.6093188],69,79,60
1527,[00:48:55.7103640],40,35,33
1528,[00:48:55.8097968],83,75,51
1529,[00:48:55.9100456],44,69,58
1530,[00:48:56.0109990],36,84,46
1531,[00:48:56.1098185],44,79,71
1532,[00:48:56.2119715],79,72,75
1533,[00:48:56.3111607],63,75,80
1534,[00:48:56.4109831],55,42,59
1535,[00:48:56.5099867],67,51,66
1536,[00:48:56.6103368],38,51,57
1537,[00:48:56.7111724],47,67,68
1538,[00:48:56.8106006],55,63,50
1539,[00:48:56.9106866],35,48,58
1540,[00:48:57.0108888],50,63,74
1541,[00:48:57.1103934],74,86,69
1542,[00:48:57.2125251],10,83,76
1543,[00:48:57.3107341],39,46,58
1544,[00:48:57.4111165],50,33,60
1545,[00:48:57.5110928],40,33,48
1546,[00:48:57.6113243],79,71,41
1547,[00:48:57.7114985],31,83,72
1548,[00:48:57.8120701],30,70,87
1549,[00:48:57.9113197],42,45,80
1550,[00:48:58.0110007],73,59,65
1551,[00:48:58.1112765],57,42,63
1552,[00:48:58.2129989],50,70,69
1553,[00:48:58.3117456],49,71,53
1554,[00:48:58.4130389],52,73,59
1555,[00:48:58.5116656],73,59,66
1556,[00:48:58.6126560],77,56,62
1557,[00:48:58.7119299],57,83,58
1558,[00:48:58.8115378],68,53,64
1559,[00:48:58.9117729],76,83,55
1560,[00:48:59.0124201],37,64,46
1561,[00:48:59.1131984],43,70,49
1562,[00:48:59.2122600],53,77,45
1563,[00:48:59.3132221],69,47,55
1564,[00:48:59.4121345],76,48,70
1565,[00:48:59.5123176],65,46,73
1566,[00:48:59.6124664],60,34,35
1567,[00:48:59.7129939],76,80,81
1568,[00:48:59.8135675],64,37,71
1569,[00:48:59.9135359],42,82,61
1570,[00:49:00.0127029],68,64,63
1571,[00:49:00.1140919],45,60,76
1572,[00:49:00.2147718],46,51,69
1573,[00:49:00.3128950],78,46,79
1574,[00:49:00.4132065],43,78,69
1575,[00:49:00.5132741],51,60,63
1576,[00:49:00.6133391],49,30,48
1577,[00:49:00.7133382],70,77,68
1578,[00:49:00.8132614],66,80,71
1579,[00:49:00.9136851],48,33,42
1580,[00:49:01.0139346],56,69,75
1581,[00:49:01.1140521],79,71,73
1582,[00:49:01.2142606],54,47,72
1583,[00:49:01.3139239],46,70,54
1584,[00:49:01.4140820],47,72,58
1585,[00:49:01.5138401],62,48,61
1586,[00:49:01.6144776],37,84,73
1587,[00:49:01.7140238],49,78,60
1588,[00:49:01.8139831],62,67,66
1589,[00:49:01.9140903],68,42,65
1590,[00:49:02.0144088],58,73,43
1591,[00:49:02.1140734],53,67,61
1592,[00:49:02.2147157],55,41,53
1593,[00:49:02.3148045],35,82,64
1594,[00:49:02.4145804],34,34,63
1595,[00:49:02.5145271],74,77,45
1596,[00:49:02.6158873],36,74,61
1597,[00:49:02.7147505],81,85,59
1598,[00:49:02.8167702],76,47,75
1599,[00:49:02.9149523],73,88,67
1600,[00:49:03.0148945],64,81,79
1601,[00:49:03.1160441],39,74,60
1602,[00:49:03.2157490],41,37,65
1603,[00:49:03.3169650],62,47,49
1604,[00:49:03.4162706],45,57,71
1605,[00:49:03.5164213],59,78,58
1606,[00:49:03.6153889],56,79,75
1607,[00:49:03.7167346],48,71,62
1608,[00:49:03.8162026],51,63,66
1609,[00:49:03.9161211],48,65,70
1610,[00:49:04.0162531],44,70,70
1611,[00:49:04.1162405],64,78,75
1612,[00:49:04.2167720],38,78,43
1613,[00:49:04.3157998],65,81,48
1614,[00:49:04.4178087],80,70,40
1615,[00:49:04.5164288],74,78,75
1616,[00:49:04.6167751],67,78,64
1617,[00:49:04.7181270],76,77,69
1618,[00:49:04.8162669],35,80,76
1619,[00:49:04.9173573],42,31,63
1620,[00:49:05.0162766],58,61,76
1621,[00:49:05.1175129],76,76,72
1622,[00:49:05.2179948],51,75,68
1623,[00:49:05.3164994],74,81,63
1624,[00:49:05.4172999],53,44,65
1625,[00:49:05.5180218],40,78,69
1626,[00:49:05.6169001],51,32,69
1627,[00:49:05.7182310],67,70,74
1628,[00:49:05.8171907],73,65,36
1629,[00:49:05.9171112],57,31,49
1630,[00:49:06.0171685],52,66,44
1631,[00:49:06.1186428],55,75,51
1632,[00:49:06.2189111],54,59,34
1633,[00:49:06.3173603],38,61,57
1634,[00:49:06.4184618],52,77,58
1635,[00:49:06.5176142],70,79,54
1636,[00:49:06.6175430],58,42,55
1637,[00:49:06.7177365],42,78,50
1638,[00:49:06.8180392],54,55,42
1639,[00:49:06.9190536],63,67,67
1640,[00:49:07.0178145],68,32,51
1641,[00:49:07.1184704],59,77,53
1642,[00:49:07.2180784],70,83,57
1643,[00:49:07.3195849],69,45,49
1644,[00:49:07.4194218],66,75,72
1645,[00:49:07.5185228],49,76,73
1646,[00:49:07.6182610],66,31,62
1647,[00:49:07.7183555],68,40,69
1648,[00:49:07.8184658],72,67,69
1649,[00:49:07.9184370],54,61,53
1650,[00:49:08.0189454],63,58,38
1651,[00:49:08.1188537],40,54,40
1652,[00:49:08.2187787],32,73,45
1653,[00:49:08.3199830],27,60,61
1654,[00:49:08.4189088],50,64,60
1655,[00:49:08.5199839],47,58,46
1656,[00:49:08.6201119],53,68,62
1657,[00:49:08.7194369],75,68,64
1658,[00:49:08.8202711],47,71,45
1659,[00:49:08.9203829],44,69,46
1660,[00:49:09.0193689],57,65,40
1661,[00:49:09.1206031],45,57,33
1662,[00:49:09.2206058],68,64,48
1663,[00:49:09.3196415],46,68,58
1664,[00:49:09.4194490],35,51,62
1665,[00:49:09.5208172],68,60,41
1666,[00:49:09.6198263],66,62,68
1667,[00:49:09.7218822],58,36,54
1668,[00:49:09.8206858],71,51,71
1669,[00:49:09.9204740],71,51,55
1670,[00:49:10.0205635],50,63,64
1671,[00:49:10.1211243],55,29,71
1672,[00:49:10.2205476],60,62,64
1673,[00:49:10.3217389],54,74,53
1674,[00:49:10.4205158],26,54,43
1675,[00:49:10.5205306],67,71,52
1676,[00:49:10.6216278],58,72,69
1677,[00:49:10.7205960],63,55,72
1678,[00:49:10.8217755],47,71,46
1679,[00:49:10.9212276],63,73,64
1680,[00:49:11.0208167],51,77,51
1681,[00:49:11.1208036],54,64,35
1682,[00:49:11.2211602],54,64,64
1683,[00:49:11.3225188],47,71,52
1684,[00:49:11.4219269],44,61,41
1685,[00:49:11.5212627],52,57,66
1686,[00:49:11.6213991],42,67,45
1687,[00:49:11.7230993],30,60,59
1688,[00:49:11.8224685],44,55,40
1689,[00:49:11.9213520],55,52,72
1690,[00:49:12.0218969],47,71,62
1691,[00:49:12.1219334],38,72,56
1692,[00:49:12.2218974],48,55,59
1693,[00:49:12.3216185],56,67,61
1694,[00:49:12.4218920],36,72,56
1695,[00:49:12.5222704],57,55,46
1696,[00:49:12.6234967],39,65,59
1697,[00:49:12.7243921],74,77,58
1698,[00:49:12.8222930],59,78,53
1699,[00:49:12.9220765],58,76,70
1700,[00:49:13.0223471],48,74,61
1701,[00:49:13.1241982],37,63,63
1702,[00:49:13.2226182],51,81,50
1703,[00:49:13.3236785],39,76,41
1704,[00:49:13.4226171],48,63,46
1705,[00:49:13.5228749],36,61,62
1706,[00:49:13.6231644],25,45,47
1707,[00:49:13.7231408],40,52,52
1708,[00:49:13.8248934],46,49,43
1709,[00:49:13.9243722],58,51,45
1710,[00:49:14.0232353],37,45,66
1711,[00:49:14.1242982],16,53,48
1712,[00:49:14.2232832],41,66,62
1713,[00:49:14.3247541],54,37,62
1714,[00:49:14.4234156],66,72,53
1715,[00:49:14.5235969],65,53,66
1716,[00:49:14.6255401],54,63,58
1717,[00:49:14.7238292],51,68,56
1718,[00:49:14.8236640],74,79,59
1719,[00:49:14.9236984],36,79,58
1720,[00:49:15.0248947],34,36,58
1721,[00:49:15.1240517],45,65,70
1722,[00:49:15.2245574],74,66,68
1723,[00:49:15.3255243],79,25,55
1724,[00:49:15.4239558],63,56,67
1725,[00:49:15.5245443],62,64,71
1726,[00:49:15.6244149],51,62,59
1727,[00:49:15.7246008],65,37,63
1728,[00:49:15.8242189],67,64,77
1729,[00:49:15.9256216],61,70,53
1730,[00:49:16.0246374],54,67,56
1731,[00:49:16.1258499],69,73,48
1732,[00:49:16.2251830],53,60,67
1733,[00:49:16.3262597],44,57,63
1734,[00:49:16.4249156],58,51,62
1735,[00:49:16.5252346],67,63,49
1736,[00:49:16.6261456],52,28,63
1737,[00:49:16.7251648],65,76,61
1738,[00:49:16.8252312],63,61,47
1739,[00:49:16.9264102],70,49,58
1740,[00:49:17.0252449],61,61,50
1741,[00:49:17.1253737],57,68,58
1742,[00:49:17.2258211],55,73,45
1743,[00:49:17.3267552],40,73,45
1744,[00:49:17.4268352],44,60,61
1745,[00:49:17.5257473],81,53,58
1746,[00:49:17.6278420],72,53,63
1747,[00:49:17.7259757],67,59,40
1748,[00:49:17.8273164],38,68,72
1749,[00:49:17.9274890],83,85,72
1750,[00:49:18.0271698],73,72,71
1751,[00:49:18.1261351],69,34,40
1752,[00:49:18.2269362],59,80,39
1753,[00:49:18.3262533],36,70,65
1754,[00:49:18.4271609],59,65,76
1755,[00:49:18.5269433],65,42,80
1756,[00:49:18.6266164],33,73,70
1757,[00:49:18.7267047],61,68,54
1758,[00:49:18.8265323],55,63,61
1759,[00:49:18.9280276],68,76,53
1760,[00:49:19.0268237],55,64,41
1761,[00:49:19.1272218],42,69,41
1762,[00:49:19.2273162],45,63,48
1763,[00:49:19.3270843],49,54,56
1764,[00:49:19.4281244],42,69,45
1765,[00:49:19.5276717],52,67,35
1766,[00:49:19.6272047],40,68,49
1767,[00:49:19.7293685],39,43,39
1768,[00:49:19.8274487],42,57,33
1769,[00:49:19.9285575],28,55,63
1770,[00:49:20.0276706],41,60,59
1771,[00:49:20.1293174],38,66,46
1772,[00:49:20.2278523],52,76,57
1773,[00:49:20.3288601],61,75,74
1774,[00:49:20.4289414],46,70,51
1775,[00:49:20.5277913],17,47,42
1776,[00:49:20.6281124],61,49,54
1777,[00:49:20.7303800],62,59,73
1778,[00:49:20.8285254],54,68,62
1779,[00:49:20.9293983],46,44,55
1780,[00:49:21.0292404],68,61,63
1781,[00:49:21.1301610],68,46,60
1782,[00:49:21.2284514],36,41,53
1783,[00:49:21.3297726],21,47,55
1784,[00:49:21.4296594],61,73,58
1785,[00:49:21.5286925],47,58,71
1786,[00:49:21.6291836],65,65,69
1787,[00:49:21.7289067],49,37,57
1788,[00:49:21.8299913],64,76,71
1789,[00:49:21.9293861],62,75,73
1790,[00:49:22.0306444],53,83,82
1791,[00:49:22.1301098],33,38,62
1792,[00:49:22.2297254],45,86,37
1793,[00:49:22.3291730],62,78,68
1794,[00:49:22.4305956],54,78,63
1795,[00:49:22.5293446],62,75,61
1796,[00:49:22.6296609],68,35,72
1797,[00:49:22.7302784],57,65,53
1798,[00:49:22.8299509],58,73,68
1799,[00:49:22.9297098],52,54,60
1800,[00:49:23.0303966],65,54,80
1801,[00:49:23.1297687],74,61,72
1802,[00:49:23.2332777],66,65,65
1803,[00:49:23.3302740],82,72,34
1804,[00:49:23.4322487],82,43,43
1805,[00:49:23.5315542],37,34,71
1806,[00:49:23.6300860],78,46,82
1807,[00:49:23.7310538],65,32,73
1808,[00:49:23.8314362],60,81,72
1809,[00:49:23.9306021],79,80,56
1810,[00:49:24.0306613],64,38,71
1811,[00:49:24.1305871],72,82,77
1812,[00:49:24.2337088],70,80,53
1813,[00:49:24.3309388],66,59,60
1814,[00:49:24.4321183],77,81,74
1815,[00:49:24.5310042],77,70,57
1816,[00:49:24.6314758],72,79,65
1817,[00:49:24.7330713],82,34,74
1818,[00:49:24.8324806],65,88,69
1819,[00:49:24.9311636],59,35,58
1820,[00:49:25.0333486],63,63,62
1821,[00:49:25.1313823],45,63,71
1822,[00:49:25.2313653],65,45,46
1823,[00:49:25.3326435],66,82,72
1824,[00:49:25.4315886],60,65,74
1825,[00:49:25.5319370],65,32,80
1826,[00:49:25.6347188],64,38,64
1827,[00:49:25.7323616],54,62,43
1828,[00:49:25.8320879],82,66,76
1829,[00:49:25.9321751],50,83,75
1830,[00:49:26.0318084],42,34,41
1831,[00:49:26.1336959],74,84,47
1832,[00:49:26.2322570],66,81,71
1833,[00:49:26.3324692],49,55,55
1834,[00:49:26.4329587],54,45,63
1835,[00:49:26.5323155],46,77,47
1836,[00:49:26.6329356],64,83,82
1837,[00:49:26.7327276],70,73,73
1838,[00:49:26.8336499],68,53,62
1839,[00:49:26.9327483],30,63,70
1840,[00:49:27.0336684],48,79,47
1841,[00:49:27.1327890],77,72,36
1842,[00:49:27.2345383],72,68,55
1843,[00:49:27.3343037],67,73,73
1844,[00:49:27.4329878],47,72,62
1845,[00:49:27.5330668],54,78,52
1846,[00:49:27.6332927],67,63,70
1847,[00:49:27.7345435],71,44,53
1848,[00:49:27.8353801],77,53,75
1849,[00:49:27.9343099],68,39,70
1850,[00:49:28.0336054],64,41,35
1851,[00:49:28.1339853],56,36,51
1852,[00:49:28.2336072],46,76,61
1853,[00:49:28.3351910],53,44,66
1854,[00:49:28.4336396],60,73,75
1855,[00:49:28.5338485],69,84,45
1856,[00:49:28.6339098],50,67,61
1857,[00:49:28.7342937],79,75,60
1858,[00:49:28.8352487],63,82,47
1859,[00:49:28.9343674],54,37,40
1860,[00:49:29.0349015],67,77,61
1861,[00:49:29.1350749],65,70,47
1862,[00:49:29.2343472],63,57,66
1863,[00:49:29.3344216],79,67,78
1864,[00:49:29.4358401],65,68,77
1865,[00:49:29.5348033],51,76,73
1866,[00:49:29.6359154],19,62,41
1867,[00:49:29.7352177],43,77,37
1868,[00:49:29.8349757],57,82,61
1869,[00:49:29.9349009],45,86,56
1870,[00:49:30.0349247],64,68,45
1871,[00:49:30.1350723],48,63,63
1872,[00:49:30.2351609],43,74,72
1873,[00:49:30.3363623],24,71,63
1874,[00:49:30.4366866],56,71,54
1875,[00:49:30.5357633],33,47,78
1876,[00:49:30.6353945],75,74,42
1877,[00:49:30.7355477],47,64,57
1878,[00:49:30.8367293],61,76,58
1879,[00:49:30.9366072],62,34,58
1880,[00:49:31.0356554],71,73,55
1881,[00:49:31.1359051],67,70,47
1882,[00:49:31.2359607],55,71,63
1883,[00:49:31.3372619],50,40,69
1884,[00:49:31.4363367],46,63,55
1885,[00:49:31.5361362],46,63,44
1886,[00:49:31.6373597],42,57,39
1887,[00:49:31.7365139],75,42,76
1888,[00:49:31.8374456],57,58,55
1889,[00:49:31.9366222],20,74,45
1890,[00:49:32.0376032],36,52,64
1891,[00:49:32.1377704],42,56,43
1892,[00:49:32.2366096],42,51,45
1893,[00:49:32.3382983],39,46,42
1894,[00:49:32.4368799],54,57,55
1895,[00:49:32.5389226],44,69,51
1896,[00:49:32.6381164],39,62,48
1897,[00:49:32.7372059],44,47,58
1898,[00:49:32.8370942],49,66,53
1899,[00:49:32.9383609],43,57,49
1900,[00:49:33.0372979],52,63,51
1901,[00:49:33.1379501],39,62,58
1902,[00:49:33.2376263],44,68,58
1903,[00:49:33.3376513],35,72,49
1904,[00:49:33.4373550],41,55,58
1905,[00:49:33.5387160],10,55,53
1906,[00:49:33.6381486],57,62,52
1907,[00:49:33.7385888],48,68,41
1908,[00:49:33.8390194],44,59,57
1909,[00:49:33.9381458],49,64,49
1910,[00:49:34.0379870],41,61,69
1911,[00:49:34.1391902],65,51,46
1912,[00:49:34.2382072],69,72,56
1913,[00:49:34.3383920],64,42,62
1914,[00:49:34.4394814],69,71,62
1915,[00:49:34.5397493],60,69,51
1916,[00:49:34.6387929],61,76,46
1917,[00:49:34.7384918],72,83,64
1918,[00:49:34.8397150],68,61,45
1919,[00:49:34.9390777],71,65,76
1920,[00:49:35.0410959],32,68,56
1921,[00:49:35.1388730],58,56,74
1922,[00:49:35.2401731],41,71,50
1923,[00:49:35.3390267],69,63,59
1924,[00:49:35.4402874],49,72,59
1925,[00:49:35.5393530],64,33,66
1926,[00:49:35.6394850],52,85,51
1927,[00:49:35.7397792],60,82,48
1928,[00:49:35.8398634],54,71,51
1929,[00:49:35.9402360],49,68,49
1930,[00:49:36.0398391],45,72,58
1931,[00:49:36.1398368],49,58,42
1932,[00:49:36.2397953],47,79,57
1933,[00:49:36.3400223],62,81,53
1934,[00:49:36.4397296],59,59,62
1935,[00:49:36.5409818],72,52,60
1936,[00:49:36.6401130],67,60,57
1937,[00:49:36.7403668],80,81,76
1938,[00:49:36.8403600],57,65,63
1939,[00:49:36.9403807],63,58,64
1940,[00:49:37.0402159],49,78,60
1941,[00:49:37.1403835],43,64,62
1942,[00:49:37.2415199],66,71,67
1943,[00:49:37.3405376],53,73,52
1944,[00:49:37.4417719],58,66,48
1945,[00:49:37.5406625],80,76,52
1946,[00:49:37.6416825],47,35,55
1947,[00:49:37.7408724],70,80,68
1948,[00:49:37.8413455],74,44,66
1949,[00:49:37.9426416],77,41,54
1950,[00:49:38.0421274],41,81,65
1951,[00:49:38.1409078],55,72,69
1952,[00:49:38.2417268],60,72,77
1953,[00:49:38.3428494],79,47,69
1954,[00:49:38.4432733],55,70,49
1955,[00:49:38.5415200],51,59,71
1956,[00:49:38.6412795],78,84,58
1957,[00:49:38.7422991],67,43,76
1958,[00:49:38.8414713],31,33,70
1959,[00:49:38.9427123],55,81,56
1960,[00:49:39.0418259],69,49,66
1961,[00:49:39.1417936],78,71,76
1962,[00:49:39.2420209],66,77,58
1963,[00:49:39.3423977],68,62,63
1964,[00:49:39.4421629],60,75,73
1965,[00:49:39.5428124],58,66,69
1966,[00:49:39.6426309],58,88,58
1967,[00:49:39.7425439],74,83,64
1968,[00:49:39.8433025],64,68,67
1969,[00:49:39.9435062],66,47,68
1970,[00:49:40.0425003],78,64,70
1971,[00:49:40.1429884],63,74,67
1972,[00:49:40.2426697],66,86,58
1973,[00:49:40.3434500],80,74,73
1974,[00:49:40.4427180],39,61,46
1975,[00:49:40.5445619],51,75,60
1976,[00:49:40.6431845],73,83,64
1977,[00:49:40.7433359],63,75,56
1978,[00:49:40.8432803],62,87,76
1979,[00:49:40.9436724],76,81,69
1980,[00:49:41.0431778],68,73,58
1981,[00:49:41.1433629],76,71,61
1982,[00:49:41.2448290],63,80,45
1983,[00:49:41.3434087],35,76,56
1984,[00:49:41.4437942],64,83,80
1985,[00:49:41.5455524],60,69,42
1986,[00:49:41.6435070],64,42,41
1987,[00:49:41.7435679],76,58,42
1988,[00:49:41.8452343],85,48,68
1989,[00:49:41.9440091],71,63,39
1990,[00:49:42.0451833],52,73,49
1991,[00:49:42.1442879],69,81,44
1992,[00:49:42.2452241],51,66,51
1993,[00:49:42.3442229],46,53,83
1994,[00:49:42.4446702],66,75,39
1995,[00:49:42.5457734],79,72,40
1996,[00:49:42.6455288],78,65,76
1997,[00:49:42.7446951],37,69,30
1998,[00:49:42.8448406],65,77,81
1999,[00:49:42.9448905],75,31,63
2000,[00:49:43.0448110],70,73,72
2001,[00:49:43.1459684],35,66,67
2002,[00:49:43.2451712],65,35,74
2003,[00:49:43.3466336],63,81,77
2004,[00:49:43.4464603],72,75,82
2005,[00:49:43.5450810],65,36,69
2006,[00:49:43.6462682],78,79,57
2007,[00:49:43.7457543],70,56,69
2008,[00:49:43.8469216],64,82,61
2009,[00:49:43.9459877],63,69,77
2010,[00:49:44.0457051],48,60,61
2011,[00:49:44.1477278],41,72,40
2012,[00:49:44.2460182],46,71,38
2013,[00:49:44.3464749],50,35,77
2014,[00:49:44.4462152],67,77,72
2015,[00:49:44.5468360],61,80,76
2016,[00:49:44.6459464],69,71,54
2017,[00:49:44.7463021],76,66,58
2018,[00:49:44.8473843],50,73,63
2019,[00:49:44.9461336],57,69,52
2020,[00:49:45.0461017],67,69,65
2021,[00:49:45.1462448],70,62,50
2022,[00:49:45.2463725],56,63,61
2023,[00:49:45.3486829],47,67,50
2024,[00:49:45.4468819],71,72,69
2025,[00:49:45.5482123],65,83,56
2026,[00:49:45.6467131],58,82,51
2027,[00:49:45.7469321],48,52,58
2028,[00:49:45.8470137],59,67,73
2029,[00:49:45.9468189],58,58,77
2030,[00:49:46.0488656],37,77,60
2031,[00:49:46.1471551],66,65,39
2032,[00:49:46.2471111],59,71,60
2033,[00:49:46.3478628],71,65,70
2034,[00:49:46.4484659],53,68,53
2035,[00:49:46.5485671],29,72,66
2036,[00:49:46.6474549],39,86,56
2037,[00:49:46.7475988],74,64,52
2038,[00:49:46.8487374],56,71,61
2039,[00:49:46.9483752],42,78,51
2040,[00:49:47.0484189],48,59,54
2041,[00:49:47.1493853],55,64,67
2042,[00:49:47.2483759],44,59,51
2043,[00:49:47.3500332],39,70,50
2044,[00:49:47.4481932],67,81,67
2045,[00:49:47.5479400],54,76,70
2046,[00:49:47.6492181],74,44,53
2047,[00:49:47.7485822],47,68,53
2048,[00:49:47.8488214],43,63,63
2049,[00:49:47.9490325],39,86,57
2050,[00:49:48.0490556],49,67,68
2051,[00:49:48.1498620],58,78,56
2052,[00:49:48.2492027],59,87,61
2053,[00:49:48.3491909],66,74,49
2054,[00:49:48.4490341],68,47,73
2055,[00:49:48.5509537],80,38,79
2056,[00:49:48.6487700],64,78,77
2057,[00:49:48.7494495],69,69,74
2058,[00:49:48.8505593],75,75,54
2059,[00:49:48.9490780],74,88,56
2060,[00:49:49.0492436],39,40,67
2061,[00:49:49.1502260],78,79,63
2062,[00:49:49.2498581],41,40,61
2063,[00:49:49.3504675],41,80,74
2064,[00:49:49.4507184],63,79,73
2065,[00:49:49.5495828],55,61,79
2066,[00:49:49.6509014],65,87,72
2067,[00:49:49.7498799],38,81,74
2068,[00:49:49.8497354],63,79,35
2069,[00:49:49.9501187],72,77,70
2070,[00:49:50.0500460],51,74,74
2071,[00:49:50.1512821],83,88,70
2072,[00:49:50.2503661],70,69,66
2073,[00:49:50.3511552],75,32,33
2074,[00:49:50.4513465],69,35,61
2075,[00:49:50.5514675],41,42,59
2076,[00:49:50.6524809],57,53,36
2077,[00:49:50.7506216],70,74,70
2078,[00:49:50.8513251],60,47,42
2079,[00:49:50.9508584],59,58,65
2080,[00:49:51.0511643],70,61,85
2081,[00:49:51.1509666],73,60,70
2082,[00:49:51.2516299],80,79,75
2083,[00:49:51.3514533],80,41,64
2084,[00:49:51.4515085],69,79,67
2085,[00:49:51.5513220],59,84,51
2086,[00:49:51.6511198],56,84,62
2087,[00:49:51.7515527],66,67,82
2088,[00:49:51.8527908],63,55,60
2089,[00:49:51.9515895],51,85,64
2090,[00:49:52.0525561],65,66,74
2091,[00:49:52.1515968],67,69,62
2092,[00:49:52.2517229],70,75,62
2093,[00:49:52.3517006],77,33,72
2094,[00:49:52.4524535],53,47,62
2095,[00:49:52.5517263],85,81,61
2096,[00:49:52.6517551],72,65,79
2097,[00:49:52.7520243],67,76,68
2098,[00:49:52.8519806],78,49,65
2099,[00:49:52.9532563],88,63,61
2100,[00:49:53.0522373],74,39,79
2101,[00:49:53.1523526],86,46,34
2102,[00:49:53.2524540],67,45,59
2103,[00:49:53.3542965],65,39,32
2104,[00:49:53.4525813],67,74,65
2105,[00:49:53.5525994],82,79,78
2106,[00:49:53.6544648],58,66,66
2107,[00:49:53.7528390],66,65,64
2108,[00:49:53.8544519],52,75,61
2109,[00:49:53.9537343],68,58,68
2110,[00:49:54.0534074],67,79,64
2111,[00:49:54.1531162],74,72,74
2112,[00:49:54.2531978],67,75,66
2113,[00:49:54.3537939],73,81,61
2114,[00:49:54.4537420],56,63,68
2115,[00:49:54.5535418],62,66,50
2116,[00:49:54.6545893],73,71,69
2117,[00:49:54.7534322],40,65,32
2118,[00:49:54.8540206],49,61,59
2119,[00:49:54.9537996],62,58,62
2120,[00:49:55.0539832],61,68,49
2121,[00:49:55.1540204],48,71,40
2122,[00:49:55.2541388],40,30,56
2123,[00:49:55.3561129],63,53,40
2124,[00:49:55.4559734],48,80,55
2125,[00:49:55.5543089],52,64,39
2126,[00:49:55.6557330],56,71,74
2127,[00:49:55.7545061],58,57,57
2128,[00:49:55.8559859],48,79,54
2129,[00:49:55.9543962],62,87,53
2130,[00:49:56.0556552],60,81,68
2131,[00:49:56.1548142],80,77,55
2132,[00:49:56.2546841],32,46,75
2133,[00:49:56.3549287],85,65,66
2134,[00:49:56.4559007],58,82,62
2135,[00:49:56.5550487],51,64,61
2136,[00:49:56.6573449],72,86,81
2137,[00:49:56.7562719],35,37,73
2138,[00:49:56.8562388],64,77,61
2139,[00:49:56.9552349],59,43,57
2140,[00:49:57.0563015],68,68,42
2141,[00:49:57.1554731],73,65,61
2142,[00:49:57.2553979],61,63,76
2143,[00:49:57.3561584],79,73,66
2144,[00:49:57.4562798],82,51,74
2145,[00:49:57.5568561],42,79,75
2146,[00:49:57.6569907],68,45,33
2147,[00:49:57.7556057],74,83,68
2148,[00:49:57.8561322],75,55,74
2149,[00:49:57.9564638],32,73,51
2150,[00:49:58.0561874],55,48,72
2151,[00:49:58.1560079],76,77,40
2152,[00:49:58.2573351],57,74,60
2153,[00:49:58.3563083],52,71,62
2154,[00:49:58.4570018],51,65,62
2155,[00:49:58.5570186],79,64,58
2156,[00:49:58.6564742],39,50,60
2157,[00:49:58.7566064],73,80,66
2158,[00:49:58.8564685],49,76,75
2159,[00:49:58.9571585],81,65,61
2160,[00:49:59.0568223],40,33,76
2161,[00:49:59.1575325],76,77,73
2162,[00:49:59.2566755],32,53,61
2163,[00:49:59.3569165],73,36,70
2164,[00:49:59.4574816],48,32,74
2165,[00:49:59.5574410],70,38,41
2166,[00:49:59.6575030],70,56,58
2167,[00:49:59.7583053],73,43,40
2168,[00:49:59.8575138],70,67,63
2169,[00:49:59.9577998],60,75,55
2170,[00:50:00.0585726],60,64,62
2171,[00:50:00.1588410],62,75,71
2172,[00:50:00.2577566],64,76,73
2173,[00:50:00.3589901],58,80,58
2174,[00:50:00.4601722],53,76,41
2175,[00:50:00.5577319],45,60,57
2176,[00:50:00.6580393],46,74,61
2177,[00:50:00.7580413],34,59,57
2178,[00:50:00.8580789],31,58,52
2179,[00:50:00.9606309],43,79,58
2180,[00:50:01.0590174],73,83,49
2181,[00:50:01.1589987],65,70,59
2182,[00:50:01.2595536],57,85,71
2183,[00:50:01.3599415],51,82,60
2184,[00:50:01.4587487],35,76,60
2185,[00:50:01.5598826],70,61,60
2186,[00:50:01.6599270],53,83,56
2187,[00:50:01.7592326],61,74,63
2188,[00:50:01.8588889],70,77,72
2189,[00:50:01.9594172],55,68,70
2190,[00:50:02.0595721],68,69,68
2191,[00:50:02.1594386],63,76,46
2192,[00:50:02.2591954],45,88,62
2193,[00:50:02.3603078],65,60,69
2194,[00:50:02.4596021],44,57,63
2195,[00:50:02.5597119],65,68,63
2196,[00:50:02.6592544],46,76,59
2197,[00:50:02.7596892],54,62,66
2198,[00:50:02.8594811],53,45,59
2199,[00:50:02.9617185],54,44,66
2200,[00:50:03.0608697],28,79,48
2201,[00:50:03.1597285],46,62,44
2202,[00:50:03.2603071],39,46,38
2203,[00:50:03.3611512],37,46,46
2204,[00:50:03.4612139],51,71,59
2205,[00:50:03.5606427],55,67,70
2206,[00:50:03.6618280],62,56,68
2207,[00:50:03.7603701],47,69,63
2208,[00:50:03.8603145],43,70,60
2209,[00:50:03.9610637],75,70,60
2210,[00:50:04.0603748],42,62,49
2211,[00:50:04.1606088],55,62,67
2212,[00:50:04.2608971],75,71,39
2213,[00:50:04.3638419],77,61,57
2214,[00:50:04.4627107],71,70,61
2215,[00:50:04.5607312],53,48,56
2216,[00:50:04.6626180],65,64,66
2217,[00:50:04.7609466],63,68,44
2218,[00:50:04.8610997],37,60,66
2219,[00:50:04.9624880],66,64,40
2220,[00:50:05.0611275],66,72,72
2221,[00:50:05.1623733],37,87,64
2222,[00:50:05.2612896],53,60,62
2223,[00:50:05.3614047],65,66,69
2224,[00:50:05.4620918],62,37,57
2225,[00:50:05.5644284],67,67,71
2226,[00:50:05.6615308],59,61,77
2227,[00:50:05.7619480],55,71,78
2228,[00:50:05.8634436],76,70,67
2229,[00:50:05.9639544],69,65,67
2230,[00:50:06.0621301],60,72,46
2231,[00:50:06.1631155],58,60,58
2232,[00:50:06.2621135],44,78,58
2233,[00:50:06.3632227],43,38,68
2234,[00:50:06.4622928],65,87,70
2235,[00:50:06.5622096],58,64,78
2236,[00:50:06.6660926],34,65,78
2237,[00:50:06.7628328],50,66,77
2238,[00:50:06.8630963],58,43,70
2239,[00:50:06.9647311],69,75,55
2240,[00:50:07.0640176],59,73,64
2241,[00:50:07.1626267],64,61,75
2242,[00:50:07.2627107],62,44,65
2243,[00:50:07.3628571],65,64,45
2244,[00:50:07.4634295],73,64,60
2245,[00:50:07.5629919],57,73,64
2246,[00:50:07.6635388],69,88,62
2247,[00:50:07.7634980],60,70,50
2248,[00:50:07.8635377],67,52,43
2249,[00:50:07.9644147],42,86,71
2250,[00:50:08.0647815],63,35,56
2251,[00:50:08.1647347],59,74,60
2252,[00:50:08.2644406],59,61,61
2253,[00:50:08.3652054],57,52,73
2254,[00:50:08.4646084],73,62,60
2255,[00:50:08.5649548],40,77,69
2256,[00:50:08.6650130],54,70,70
2257,[00:50:08.7662455],50,62,59
2258,[00:50:08.8653191],74,74,65
2259,[00:50:08.9656827],56,70,34
2260,[00:50:09.0641866],61,61,58
2261,[00:50:09.1642047],54,38,61
2262,[00:50:09.2648378],54,52,55
2263,[00:50:09.3655705],59,67,48
2264,[00:50:09.4645258],31,70,70
2265,[00:50:09.5660561],21,75,59
2266,[00:50:09.6648811],51,51,38
2267,[00:50:09.7649572],67,58,81
2268,[00:50:09.8653649],65,61,72
2269,[00:50:09.9661558],55,58,72
2270,[00:50:10.0649815],78,69,63
2271,[00:50:10.1668537],67,85,76
2272,[00:50:10.2651762],52,54,77
2273,[00:50:10.3654608],41,63,56
2274,[00:50:10.4671249],70,70,70
2275,[00:50:10.5660267],62,64,58
2276,[00:50:10.6652471],41,66,51
2277,[00:50:10.7670185],61,48,74
2278,[00:50:10.8663561],50,71,66
2279,[00:50:10.9660314],59,84,59
2280,[00:50:11.0667016],60,79,49
2281,[00:50:11.1662586],53,37,53
2282,[00:50:11.2658847],53,76,36
2283,[00:50:11.3662557],45,72,43
2284,[00:50:11.4684419],64,81,46
2285,[00:50:11.5658765],62,60,45
2286,[00:50:11.6671720],47,35,55
2287,[00:50:11.7663484],51,78,52
2288,[00:50:11.8674352],64,61,63
2289,[00:50:11.9686154],50,74,64
2290,[00:50:12.0665268],46,67,39
2291,[00:50:12.1667539],43,58,39
2292,[00:50:12.2666573],44,61,55
2293,[00:50:12.3666648],62,54,52
2294,[00:50:12.4693007],54,65,56
2295,[00:50:12.5668922],65,85,61
2296,[00:50:12.6684035],66,85,56
2297,[00:50:12.7671068],45,55,63
2298,[00:50:12.8688499],71,72,68
2299,[00:50:12.9675980],63,67,55
2300,[00:50:13.0689069],72,72,47
2301,[00:50:13.1676257],58,75,63
2302,[00:50:13.2678389],36,63,60
2303,[00:50:13.3674698],71,57,69
2304,[00:50:13.4673813],48,73,53
2305,[00:50:13.5679941],51,73,57
2306,[00:50:13.6690618],56,78,55
2307,[00:50:13.7681782],51,69,45
2308,[00:50:13.8682354],43,71,50
2309,[00:50:13.9678443],62,69,42
2310,[00:50:14.0679415],60,74,54
2311,[00:50:14.1695208],58,71,60
2312,[00:50:14.2685990],46,52,58
2313,[00:50:14.3690280],58,71,52
2314,[00:50:14.4691634],69,61,77
2315,[00:50:14.5683609],57,82,65
2316,[00:50:14.6698729],56,70,61
2317,[00:50:14.7683711],66,76,37
2318,[00:50:14.8704638],83,54,76
2319,[00:50:14.9690974],71,69,70
2320,[00:50:15.0691590],79,70,51
2321,[00:50:15.1687812],58,71,64
2322,[00:50:15.2688454],72,68,51
2323,[00:50:15.3705101],57,84,64
2324,[00:50:15.4689718],52,72,34
2325,[00:50:15.5700797],73,69,61
2326,[00:50:15.6691638],68,66,67
2327,[00:50:15.7691147],48,78,32
2328,[00:50:15.8705514],68,81,57
2329,[00:50:15.9703730],55,85,64
2330,[00:50:16.0708190],62,81,65
2331,[00:50:16.1700672],62,78,52
2332,[00:50:16.2708682],46,43,70
2333,[00:50:16.3697293],34,67,72
2334,[00:50:16.4710723],50,77,68
2335,[00:50:16.5698985],63,82,77
2336,[00:50:16.6699413],56,70,56
2337,[00:50:16.7700918],62,51,48
2338,[00:50:16.8701160],58,78,71
2339,[00:50:16.9701854],60,75,83
2340,[00:50:17.0708956],40,66,68
2341,[00:50:17.1704669],62,65,56
2342,[00:50:17.2709687],70,82,71
2343,[00:50:17.3709571],42,67,55
2344,[00:50:17.4707331],51,73,51
2345,[00:50:17.5725213],40,47,60
2346,[00:50:17.6717896],49,46,53
2347,[00:50:17.7707346],61,61,64
2348,[00:50:17.8711385],43,74,56
2349,[00:50:17.9720812],58,54,59
2350,[00:50:18.0710025],55,41,49
2351,[00:50:18.1712676],34,70,53
2352,[00:50:18.2711389],35,81,50
2353,[00:50:18.3738085],51,55,54
2354,[00:50:18.4718129],62,78,48
2355,[00:50:18.5724577],44,66,54
2356,[00:50:18.6715870],45,68,56
2357,[00:50:18.7715633],55,65,64
2358,[00:50:18.8732551],61,58,41
2359,[00:50:18.9716507],46,66,34
2360,[00:50:19.0715722],46,53,50
2361,[00:50:19.1720314],31,67,49
2362,[00:50:19.2723229],25,63,61
2363,[00:50:19.3736761],56,68,44
2364,[00:50:19.4725552],48,58,61
2365,[00:50:19.5719669],51,52,54
2366,[00:50:19.6732379],51,52,66
2367,[00:50:19.7739960],58,64,60
2368,[00:50:19.8721368],47,51,50
2369,[00:50:19.9724022],56,58,59
2370,[00:50:20.0728721],36,61,55
2371,[00:50:20.1738528],42,62,71
2372,[00:50:20.2731191],47,70,33
2373,[00:50:20.3732984],46,69,67
2374,[00:50:20.4732839],52,75,41
2375,[00:50:20.5739255],49,48,56
2376,[00:50:20.6733111],57,68,33
2377,[00:50:20.7737643],41,72,50
2378,[00:50:20.8731068],58,73,77
2379,[00:50:20.9732900],48,75,65
2380,[00:50:21.0731931],63,55,70
2381,[00:50:21.1742056],56,74,78
2382,[00:50:21.2738485],76,71,77
2383,[00:50:21.3740536],38,64,58
2384,[00:50:21.4739845],66,50,58
2385,[00:50:21.5735108],38,67,52
2386,[00:50:21.6751790],54,79,69
2387,[00:50:21.7738892],67,44,50
2388,[00:50:21.8764216],69,62,53
2389,[00:50:21.9748545],64,70,52
2390,[00:50:22.0751281],47,72,59
2391,[00:50:22.1741030],59,76,61
2392,[00:50:22.2739444],70,81,79
2393,[00:50:22.3755772],79,73,62
2394,[00:50:22.4748487],37,39,67
2395,[00:50:22.5757010],70,55,61
2396,[00:50:22.6749392],34,75,69
2397,[00:50:22.7758031],59,40,70
2398,[00:50:22.8761068],43,77,57
2399,[00:50:22.9753736],63,57,78