Predicted duration,0.6,,,
Predicted error,1.8,,,
Predicted start,00:57:44,,,
Notes,none,,,
FrameNum,timeInfo,signal-target,signal-track1,signal-track2
0,[00:56:40.9250036],7542,55414,32291
1,[00:56:41.0022810],10452,52776,35112
2,[00:56:41.0763748],10002,56060,25387
3,[00:56:41.1536586],9705,53952,31787
4,[00:56:41.2257648],8316,48636,29844
5,[00:56:41.3007835],9390,54315,33675
6,[00:56:41.3770639],8667,50598,31307
7,[00:56:41.4501488],9281,50106,33901
8,[00:56:41.5254855],8466,46765,32337
9,[00:56:41.6004195],9041,51072,30971
10,[00:56:41.6759391],11913,48081,33219
11,[00:56:41.7506061],10875,48163,31640
12,[00:56:41.8256251],6578,51704,25080
13,[00:56:41.9009165],10689,54985,27969
14,[00:56:41.9763543],10357,52512,32519
15,[00:56:42.0510987],9373,47625,31834
16,[00:56:42.1270356],7074,56743,25240
17,[00:56:42.2023784],11690,43990,27589
18,[00:56:42.2792255],8536,47603,28102
19,[00:56:42.3519956],8433,50824,30991
20,[00:56:42.4268514],8489,50589,32839
21,[00:56:42.5017436],9595,48345,30625
22,[00:56:42.5770542],9014,50893,30933
23,[00:56:42.6513774],11909,50948,27812
24,[00:56:42.7278446],12514,47239,31384
25,[00:56:42.8015962],9637,52173,28303
26,[00:56:42.8780757],9774,53313,36027
27,[00:56:42.9517311],11956,57956,31389
28,[00:56:43.0267155],9555,50832,30670
29,[00:56:43.1019982],11399,51135,31340
30,[00:56:43.1778575],9428,53233,31036
31,[00:56:43.2518397],8022,57158,27537
32,[00:56:43.3270010],10656,48827,34056
33,[00:56:43.4022984],12072,55268,32630
34,[00:56:43.4773485],10385,48194,33976
35,[00:56:43.5521427],11024,47283,32468
36,[00:56:43.6282893],9374,51995,31019
37,[00:56:43.7028841],9468,51114,30900
38,[00:56:43.7778362],12235,50788,30687
39,[00:56:43.8524777],9524,49454,33113
40,[00:56:43.9285852],9991,51756,32951
41,[00:56:44.0030381],12027,48542,33063
42,[00:56:44.0779091],10881,52777,30241
43,[00:56:44.1531006],9209,49701,31516
44,[00:56:44.2278711],9110,51178,27642
45,[00:56:44.3033709],9649,50538,34995
46,[00:56:44.3790936],8632,51137,33325
47,[00:56:44.4531753],9878,52367,36267
48,[00:56:44.5282018],10419,49913,31726
49,[00:56:44.6038457],10973,51261,30575
50,[00:56:44.6787781],7088,50041,26996
51,[00:56:44.7545762],10000,51182,31415
52,[00:56:44.8296660],10594,50797,30553
53,[00:56:44.9040133],10959,50846,34678
54,[00:56:44.9789215],10195,49270,33144
55,[00:56:45.0559745],9637,54452,30093
56,[00:56:45.1331394],10184,55459,31082
57,[00:56:45.2052856],12319,52220,31666
58,[00:56:45.2804456],9054,49732,32232
59,[00:56:45.3552452],11202,50631,32073
60,[00:56:45.4302000],10495,52934,34692
61,[00:56:45.5054087],9867,48986,33303
62,[00:56:45.5795826],10496,61618,31657
63,[00:56:45.6553011],5579,48966,28324
64,[00:56:45.7305776],6888,51562,26893
65,[00:56:45.8058184],10454,46618,35054
66,[00:56:45.8808272],9102,44040,29185
67,[00:56:45.9553463],9311,48410,27853
68,[00:56:46.0309325],9258,51147,35747
69,[00:56:46.1057880],5652,47792,32247
70,[00:56:46.1805788],12009,54832,32778
71,[00:56:46.2563834],10465,45300,29014
72,[00:56:46.3305171],11663,53333,33322
73,[00:56:46.4056421],8214,46179,32939
74,[00:56:46.4806436],7701,52845,26111
75,[00:56:46.5559259],11760,54519,33796
76,[00:56:46.6306894],8802,51265,31096
77,[00:56:46.7057630],8112,48890,30934
78,[00:56:46.7808309],7762,51701,33465
79,[00:56:46.8557272],10052,48650,28098
80,[00:56:46.9307674],8025,55338,32156
81,[00:56:47.0061745],8066,53035,28930
82,[00:56:47.0811563],10284,46512,28278
83,[00:56:47.1559306],9501,54699,33423
84,[00:56:47.2311267],9901,56755,35781
85,[00:56:47.3060649],9001,55626,33179
86,[00:56:47.3813286],9999,51668,32939
87,[00:56:47.4563094],7937,51544,32879
88,[00:56:47.5311029],8727,49945,35824
89,[00:56:47.6064670],9117,54177,31215
90,[00:56:47.6820012],8537,44030,27774
91,[00:56:47.7568042],10342,54188,31809
92,[00:56:47.8315568],10247,51600,32792
93,[00:56:47.9080454],8915,49728,28790
94,[00:56:47.9826510],12147,52711,34183
95,[00:56:48.0577334],10924,52716,33382
96,[00:56:48.1327409],8412,49612,32271
97,[00:56:48.2073901],10182,49491,29739
98,[00:56:48.2821081],8808,52815,33291
99,[00:56:48.3571959],6664,52772,34703
100,[00:56:48.4327612],10915,50561,33157
101,[00:56:48.5083702],10144,47164,28748
102,[00:56:48.5832224],8551,47568,29744
103,[00:56:48.6599556],9646,49273,32598
104,[00:56:48.7336283],10765,47739,32244
105,[00:56:48.8083043],11833,47382,33707
106,[00:56:48.8834839],9674,53765,30451
107,[00:56:48.9583239],9510,56561,34609
108,[00:56:49.0328074],6051,53196,34891
109,[00:56:49.1080198],8852,48622,36389
110,[00:56:49.1832154],9562,57368,32414
111,[00:56:49.2581556],9205,58308,37794
112,[00:56:49.3332163],9445,59491,34225
113,[00:56:49.4092016],8759,49768,28578
114,[00:56:49.4840786],6947,51845,35781
115,[00:56:49.5587990],8447,54796,34469
116,[00:56:49.6340340],7361,49433,37000
117,[00:56:49.7085871],10360,51184,32206
118,[00:56:49.7837916],6205,50676,33350
119,[00:56:49.8586835],10545,46391,31686
120,[00:56:49.9339703],9601,50193,38838
121,[00:56:50.0088985],5925,52299,35522
122,[00:56:50.0838571],8319,54549,31558
123,[00:56:50.1591732],10920,45911,30298
124,[00:56:50.2340976],9627,49492,31034
125,[00:56:50.3095184],8643,55962,34844
126,[00:56:50.3843419],10314,50846,30716
127,[00:56:50.4593430],8877,47700,35857
128,[00:56:50.5344407],11010,53266,28131
129,[00:56:50.6113434],7291,54770,34401
130,[00:56:50.6846244],10802,50147,32737
131,[00:56:50.7608737],8458,46080,26013
132,[00:56:50.8350098],6709,48615,27921
133,[00:56:50.9099587],9492,49835,35309
134,[00:56:50.9849286],12057,55235,31922
135,[00:56:51.0606319],8190,54597,27285
136,[00:56:51.1357572],7128,57453,31968
137,[00:56:51.2098873],10248,54691,31089
138,[00:56:51.2849533],11500,50479,32367
139,[00:56:51.3603190],11628,47892,28031
140,[00:56:51.4352754],9766,57280,34429
141,[00:56:51.5131952],8553,52587,31161
142,[00:56:51.5863146],9779,50527,29520
143,[00:56:51.6611545],8874,54414,34649
144,[00:56:51.7362171],9569,51695,35437
145,[00:56:51.8119608],11258,58832,32793
146,[00:56:51.8864582],9360,48726,32610
147,[00:56:51.9606919],9320,53826,30310
148,[00:56:52.0366455],7364,51029,29939
149,[00:56:52.1119706],10748,56264,34089
150,[00:56:52.1872918],8829,57136,37361
151,[00:56:52.2619973],9357,50078,28826
152,[00:56:52.3363940],8029,51183,31683
153,[00:56:52.4115644],8056,51688,30868
154,[00:56:52.4861892],11076,51367,34189
155,[00:56:52.5613258],10196,49075,32999
156,[00:56:52.6369742],11251,52155,26705
157,[00:56:52.7115880],7244,48724,30210
158,[00:56:52.7867159],11171,53137,32393
159,[00:56:52.8616575],9302,54338,30763
160,[00:56:52.9369441],10060,49083,32805
161,[00:56:53.0123059],8121,58064,28659
162,[00:56:53.0871490],11090,55193,30232
163,[00:56:53.1622198],12011,52929,36586
164,[00:56:53.2370955],11112,49663,27905
165,[00:56:53.3122068],10688,51249,30688
166,[00:56:53.3879484],8513,47513,34641
167,[00:56:53.4623278],8803,44844,31241
168,[00:56:53.5376079],10543,53192,41327
169,[00:56:53.6123696],10796,53083,33928
170,[00:56:53.6882453],11176,51081,30396
171,[00:56:53.7625791],6641,54209,32464
172,[00:56:53.8379075],4749,53386,35767
173,[00:56:53.9138080],8004,46853,34524
174,[00:56:53.9880449],11539,51157,32961
175,[00:56:54.0628442],10267,49399,32686
176,[00:56:54.1379013],9761,54673,30009
177,[00:56:54.2131352],8662,52127,29250
178,[00:56:54.2881306],8958,54450,32293
179,[00:56:54.3632642],10985,53014,29748
180,[00:56:54.4386766],9339,45555,31902
181,[00:56:54.5146159],7635,49528,34019
182,[00:56:54.5891718],9556,52503,32397
183,[00:56:54.6643232],8339,54320,31887
184,[00:56:54.7386922],12447,53419,31791
185,[00:56:54.8138856],8158,52659,29538
186,[00:56:54.8892571],10305,51100,36343
187,[00:56:54.9644693],11094,52772,29876
188,[00:56:55.0399462],8066,46009,33040
189,[00:56:55.1152025],8887,50389,35392
190,[00:56:55.1899396],9074,52210,33432
191,[00:56:55.2642164],7949,56394,28210
192,[00:56:55.3393588],11374,49342,34502
193,[00:56:55.4143662],6935,56052,32690
194,[00:56:55.4894748],12708,51769,31523
195,[00:56:55.5651683],13077,46641,31184
196,[00:56:55.6403949],11103,52117,33970
197,[00:56:55.7155706],8189,47061,27831
198,[00:56:55.7906081],13964,56251,32346
199,[00:56:55.8647489],9334,46881,33575
200,[00:56:55.9406629],9591,48921,31813
201,[00:56:56.0151794],11766,47797,31687
202,[00:56:56.0900012],8762,56759,29019
203,[00:56:56.1649204],11669,54758,28712
204,[00:56:56.2409788],9282,59226,37505
205,[00:56:56.3151382],8176,49640,34730
206,[00:56:56.3903907],9226,47373,33898
207,[00:56:56.4652907],10986,49417,30842
208,[00:56:56.5405576],10199,53567,30094
209,[00:56:56.6153731],11658,48508,34076
210,[00:56:56.6906997],11724,50747,28746
211,[00:56:56.7658689],9592,47951,29201
212,[00:56:56.8409431],8714,56646,27643
213,[00:56:56.9159829],12077,55096,34287
214,[00:56:56.9910792],9045,55053,34666
215,[00:56:57.0658797],10181,52076,30286
216,[00:56:57.1420285],8231,52448,36194
217,[00:56:57.2163936],9013,49401,31793
218,[00:56:57.2915604],10047,59463,35040
219,[00:56:57.3664207],7771,52407,30074
220,[00:56:57.4414124],8674,54392,31211
221,[00:56:57.5165602],10399,50100,28912
222,[00:56:57.5916152],11481,51657,30660
223,[00:56:57.6668482],11410,53278,32183
224,[00:56:57.7418964],11438,50275,29393
225,[00:56:57.8172231],8238,53872,30850
226,[00:56:57.8930191],7457,51476,30705
227,[00:56:57.9673216],12360,52508,32693
228,[00:56:58.0419266],9636,51311,32235
229,[00:56:58.1169699],9570,59406,29587
230,[00:56:58.1921731],8844,50564,33383
231,[00:56:58.2670879],9974,57358,30789
232,[00:56:58.3422430],10265,51208,29296
233,[00:56:58.4176591],7273,54966,33974
234,[00:56:58.4929349],10428,54626,34457
235,[00:56:58.5681448],11935,56112,31447
236,[00:56:58.6452179],9459,53652,33990
237,[00:56:58.7184926],7473,53877,33015
238,[00:56:58.7938298],12360,50271,32040
239,[00:56:58.8684594],8956,48757,28948
240,[00:56:58.9434381],10528,51636,36315
241,[00:56:59.0178647],9524,51206,35869
242,[00:56:59.0934151],10314,52444,32044
243,[00:56:59.1693208],9482,55411,34640
244,[00:56:59.2468404],10303,51716,33703
245,[00:56:59.3187396],9292,48107,29186
246,[00:56:59.3944659],11168,48065,35474
247,[00:56:59.4686610],12265,55981,35859
248,[00:56:59.5432530],9736,49534,33530
249,[00:56:59.6193834],8712,47843,31651
250,[00:56:59.6933890],9151,56736,30120
251,[00:56:59.7691244],8754,55607,34538
252,[00:56:59.8441440],10635,51218,32725
253,[00:56:59.9189434],11519,52405,31575
254,[00:56:59.9937925],11744,46522,31060
255,[00:57:00.0690203],8357,57383,32438
256,[00:57:00.1442421],10493,51995,34207
257,[00:57:00.2191396],9201,47175,32413
258,[00:57:00.2942300],10228,53940,29483
259,[00:57:00.3700262],10377,46701,32706
260,[00:57:00.4448059],9814,51280,31183
261,[00:57:00.5192752],9441,48252,28045
262,[00:57:00.5945823],10265,53610,32666
263,[00:57:00.6696540],10148,50827,31596
264,[00:57:00.7446373],8068,46640,31548
265,[00:57:00.8196061],11185,52911,30779
266,[00:57:00.8951314],11691,54622,30367
267,[00:57:00.9699548],9581,52323,32710
268,[00:57:01.0451097],8685,48449,32846
269,[00:57:01.1203188],13332,49171,33374
270,[00:57:01.1961274],6357,51417,35668
271,[00:57:01.2702840],8756,49778,34824
272,[00:57:01.3459852],10136,53166,32086
273,[00:57:01.4205419],10108,51626,31428
274,[00:57:01.4954092],12944,51229,30787
275,[00:57:01.5706517],9960,48178,32355
276,[00:57:01.6457279],9496,53066,35383
277,[00:57:01.7207054],9363,46384,31035
278,[00:57:01.7959810],8303,52693,32738
279,[00:57:01.8707164],8902,53197,30680
280,[00:57:01.9468351],12507,48457,33213
281,[00:57:02.0211190],13457,52214,30300
282,[00:57:02.0967113],13935,57632,33018
283,[00:57:02.1723330],11665,50912,32663
284,[00:57:02.2470441],11768,50410,36903
285,[00:57:02.3216709],8899,51337,31252
286,[00:57:02.3967052],9743,53102,31607
287,[00:57:02.4713787],9134,56485,30459
288,[00:57:02.5467599],9464,49403,33963
289,[00:57:02.6219330],9425,47997,35147
290,[00:57:02.6974719],8982,49326,31562
291,[00:57:02.7725811],8784,50482,33967
292,[00:57:02.8474180],12529,53565,28640
293,[00:57:02.9218582],13339,53481,31844
294,[00:57:02.9974314],10422,50136,34635
295,[00:57:03.0721972],8827,55483,30735
296,[00:57:03.1469501],13591,51261,33789
297,[00:57:03.2225852],9434,53859,32064
298,[00:57:03.2990983],8762,49688,35350
299,[00:57:03.3727435],9873,49785,29858
300,[00:57:03.4474410],11556,54750,32939
301,[00:57:03.5224484],12595,56237,34377
302,[00:57:03.5976402],10992,51158,28674
303,[00:57:03.6726203],13376,49773,32339
304,[00:57:03.7477061],9495,58193,29740
305,[00:57:03.8229316],9105,57043,29740
306,[00:57:03.8987724],9816,56963,35663
307,[00:57:03.9730369],10680,56378,30739
308,[00:57:04.0499008],11015,53360,28964
309,[00:57:04.1237820],7584,47954,32056
310,[00:57:04.1988102],11043,47700,29042
311,[00:57:04.2731831],10720,48832,32839
312,[00:57:04.3483018],7290,51425,36312
313,[00:57:04.4240983],14239,44401,33081
314,[00:57:04.4986019],10109,44970,30202
315,[00:57:04.5737713],12035,51438,29252
316,[00:57:04.6494953],11282,53774,33713
317,[00:57:04.7239301],9501,52829,30571
318,[00:57:04.7988743],9060,54796,34389
319,[00:57:04.8740444],10353,51205,30448
320,[00:57:04.9493418],10923,50694,31727
321,[00:57:05.0241784],9721,49156,31150
322,[00:57:05.1000427],12328,45778,34064
323,[00:57:05.1747515],9581,54801,35786
324,[00:57:05.2509677],10019,49655,32618
325,[00:57:05.3245936],9277,47947,32964
326,[00:57:05.3994843],10460,50699,34564
327,[00:57:05.4746288],9897,50020,38004
328,[00:57:05.5499254],10393,52814,38585
329,[00:57:05.6271923],9355,59867,32180
330,[00:57:05.7006190],9291,46288,34528
331,[00:57:05.7789493],13159,48301,32378
332,[00:57:05.8503534],9011,50286,30978
333,[00:57:05.9255697],8613,50422,31332
334,[00:57:06.0010879],10948,46535,32554
335,[00:57:06.0750428],7659,45064,33647
336,[00:57:06.1503785],9488,51243,31350
337,[00:57:06.2259591],9803,46105,31509
338,[00:57:06.3011528],11557,52927,29957
339,[00:57:06.3772559],8339,53239,26170
340,[00:57:06.4506188],11793,43949,37415
341,[00:57:06.5259445],10283,53021,33916
342,[00:57:06.6008758],8737,48334,33752
343,[00:57:06.6754550],9344,45801,31662
344,[00:57:06.7505937],11619,53041,30428
345,[00:57:06.8268803],11718,47670,29092
346,[00:57:06.9010512],9960,51847,35911
347,[00:57:06.9762555],9029,46603,36016
348,[00:57:07.0510453],8829,47992,30393
349,[00:57:07.1265433],14169,50285,34707
350,[00:57:07.2013774],10916,48906,33165
351,[00:57:07.2768986],11791,42321,32529
352,[00:57:07.3519824],9926,50770,31679
353,[00:57:07.4265488],7924,52345,33191
354,[00:57:07.5019041],8396,55036,33695
355,[00:57:07.5765191],8305,54284,33380
356,[00:57:07.6515980],9891,54598,34257
357,[00:57:07.7265715],11598,52131,31036
358,[00:57:07.8018928],6806,57692,31324
359,[00:57:07.8767488],9150,55706,31004
360,[00:57:07.9529376],8689,46650,32551
361,[00:57:08.0269685],8539,52923,34406
362,[00:57:08.1026372],10639,55151,30903
363,[00:57:08.1771748],12790,45007,29952
364,[00:57:08.2526783],8231,53785,32561
365,[00:57:08.3279029],7833,47850,31722
366,[00:57:08.4024412],10904,53827,33162
367,[00:57:08.4778140],12397,53014,31659
368,[00:57:08.5528761],9715,47933,31974
369,[00:57:08.6276058],12768,49389,31992
370,[00:57:08.7035218],9078,50275,26177
371,[00:57:08.7778805],10895,53481,29130
372,[00:57:08.8529947],13243,45674,29653
373,[00:57:08.9277952],6532,48130,31891
374,[00:57:09.0034380],10045,53314,27957
375,[00:57:09.0780478],11027,48857,30232
376,[00:57:09.1537511],11063,53956,31231
377,[00:57:09.2290687],9780,49323,30578
378,[00:57:09.3043497],9302,53316,32603
379,[00:57:09.3796584],9093,50678,28870
380,[00:57:09.4544066],10823,51377,31931
381,[00:57:09.5292212],9941,50582,35641
382,[00:57:09.6043533],11842,51973,32348
383,[00:57:09.6784709],10400,50063,34618
384,[00:57:09.7544987],12164,52955,30474
385,[00:57:09.8308940],9496,59588,32101
386,[00:57:09.9052507],10916,48157,31116
387,[00:57:09.9794538],10243,55385,32007
388,[00:57:10.0540872],8713,54747,35146
389,[00:57:10.1294906],10202,51409,33426
390,[00:57:10.2044041],10366,54717,35837
391,[00:57:10.2792737],10371,53144,31969
392,[00:57:10.3544843],12245,48212,30469
393,[00:57:10.4296265],10471,52006,30502
394,[00:57:10.5049305],10778,49163,30737
395,[00:57:10.5799433],9364,50731,31003
396,[00:57:10.6550961],8721,51671,31173
397,[00:57:10.7295696],10569,54021,27798
398,[00:57:10.8047933],10787,55839,30780
399,[00:57:10.8799562],9012,55265,35443
400,[00:57:10.9551111],11402,41707,28687
401,[00:57:11.0301461],11934,54705,30360
402,[00:57:11.1053594],9192,50330,31823
403,[00:57:11.1801201],8577,50201,27949
404,[00:57:11.2562296],7681,47204,28761
405,[00:57:11.3303989],8248,54459,29534
406,[00:57:11.4058929],7317,51645,30043
407,[00:57:11.4804702],11394,47274,28877
408,[00:57:11.5555607],9110,50624,31024
409,[00:57:11.6311992],8844,49515,30612
410,[00:57:11.7057139],9970,55244,29910
411,[00:57:11.7812198],12075,48921,28459
412,[00:57:11.8558930],10918,50936,30547
413,[00:57:11.9308720],6192,54111,28920
414,[00:57:12.0061533],10381,54669,27728
415,[00:57:12.0813318],9129,53715,29146
416,[00:57:12.1563634],12290,47378,29987
417,[00:57:12.2311202],9159,47774,33214
418,[00:57:12.3068872],8734,48828,30539
419,[00:57:12.3817325],9408,48181,30852
420,[00:57:12.4566105],11855,54140,33386
421,[00:57:12.5315447],8450,50908,33115
422,[00:57:12.6077413],10069,50005,33345
423,[00:57:12.6816202],8302,54567,29356
424,[00:57:12.7597470],11711,52016,32134
425,[00:57:12.8322591],11327,48627,28530
426,[00:57:12.9080138],11767,48677,32301
427,[00:57:12.9825224],8522,50510,34502
428,[00:57:13.0577907],11289,48061,32714
429,[00:57:13.1319615],11636,50460,29551
430,[00:57:13.2080759],10362,51846,34034
431,[00:57:13.2830847],7645,56460,32367
432,[00:57:13.3584680],11313,52570,28755
433,[00:57:13.4331644],9824,54804,26087
434,[00:57:13.5085625],10387,53760,30219
435,[00:57:13.5836453],10669,45773,31773
436,[00:57:13.6585280],10593,51014,26657
437,[00:57:13.7325321],10310,49634,28429
438,[00:57:13.8078182],8718,51227,35152
439,[00:57:13.8835337],12305,54508,28668
440,[00:57:13.9581398],7390,51790,28875
441,[00:57:14.0331408],12936,52877,30877
442,[00:57:14.1083015],11222,50963,33330
443,[00:57:14.1833055],10292,49219,26028
444,[00:57:14.2583011],7253,51655,31045
445,[00:57:14.3338709],10258,49640,24980
446,[00:57:14.4085216],9347,51288,31591
447,[00:57:14.4839501],10617,49553,30061
448,[00:57:14.5586260],9614,51787,31058
449,[00:57:14.6338221],11201,48991,29985
450,[00:57:14.7087403],11657,49598,31456
451,[00:57:14.7837766],10655,46481,33670
452,[00:57:14.8588658],7028,47360,30110
453,[00:57:14.9341758],12887,48231,31905
454,[00:57:15.0089681],10170,44037,28816
455,[00:57:15.0847494],8830,57297,31266
456,[00:57:15.1592240],10247,51279,30805
457,[00:57:15.2342429],9937,51925,33845
458,[00:57:15.3096973],8811,50433,30975
459,[00:57:15.3845557],10636,48420,32882
460,[00:57:15.4595743],7940,49997,34465
461,[00:57:15.5351585],9052,53976,28119
462,[00:57:15.6098227],6407,49432,28369
463,[00:57:15.6849632],10955,50190,35619
464,[00:57:15.7600049],11469,47114,35494
465,[00:57:15.8352171],9036,53127,32819
466,[00:57:15.9101278],13343,50524,36194
467,[00:57:15.9851310],11245,48731,30205
468,[00:57:16.0607711],10791,51303,29103
469,[00:57:16.1357794],9308,52592,34051
470,[00:57:16.2105874],8305,50095,29881
471,[00:57:16.2864573],7383,53909,35410
472,[00:57:16.3625044],10248,53079,32793
473,[00:57:16.4362677],10642,51060,33501
474,[00:57:16.5113548],10700,53932,33484
475,[00:57:16.5857215],8293,55288,31888
476,[00:57:16.6613641],10223,45953,29468
477,[00:57:16.7363564],7323,50573,29030
478,[00:57:16.8126428],8657,52025,32112
479,[00:57:16.8872181],11206,53981,29937
480,[00:57:16.9613329],11514,52535,31520
481,[00:57:17.0369183],11950,50406,29229
482,[00:57:17.1117837],9866,51695,30255
483,[00:57:17.1861191],9327,60005,31458
484,[00:57:17.2616575],9377,49213,25923
485,[00:57:17.3365454],10082,53463,31064
486,[00:57:17.4116529],10502,56684,35046
487,[00:57:17.4866145],6870,52387,28643
488,[00:57:17.5616507],6627,50406,30978
489,[00:57:17.6368506],8292,47256,33498
490,[00:57:17.7121864],9656,55312,33259
491,[00:57:17.7883403],9652,57976,31436
492,[00:57:17.8621179],6652,54125,32303
493,[00:57:17.9372148],10323,45038,32555
494,[00:57:18.0121299],10159,51766,28692
495,[00:57:18.0872095],9717,50112,28477
496,[00:57:18.1623216],9638,49640,27480
497,[00:57:18.2372643],9139,47021,28659
498,[00:57:18.3127677],9957,51423,30867
499,[00:57:18.3874781],10121,47333,33568
500,[00:57:18.4624241],10174,48710,30063
501,[00:57:18.5377693],10285,55418,31073
502,[00:57:18.6129494],6805,49305,31462
503,[00:57:18.6878505],10428,47097,29881
504,[00:57:18.7629001],13304,47956,33698
505,[00:57:18.8378024],8386,56908,30484
506,[00:57:18.9131948],8948,48524,31199
507,[00:57:18.9878635],9852,50071,31710
508,[00:57:19.0632937],9504,61173,29369
509,[00:57:19.1389032],7822,48834,38528
510,[00:57:19.2134151],12820,47904,32132
511,[00:57:19.2896924],8768,56950,30503
512,[00:57:19.3635980],10704,51551,30569
513,[00:57:19.4388190],8872,49339,31375
514,[00:57:19.5137515],11949,49251,32851
515,[00:57:19.5890293],8356,57833,36307
516,[00:57:19.6638717],9821,47807,28261
517,[00:57:19.7391378],8543,50455,32627
518,[00:57:19.8148882],10335,53907,28808
519,[00:57:19.8921862],9853,54488,28111
520,[00:57:19.9643584],10322,51083,32976
521,[00:57:20.0401941],11347,55162,33020
522,[00:57:20.1151896],9313,51047,29599
523,[00:57:20.1893930],8739,53542,30820
524,[00:57:20.2643555],8206,55399,32901
525,[00:57:20.3397755],9810,56635,31485
526,[00:57:20.4155217],12208,53477,33506
527,[00:57:20.4929326],9719,52219,36010
528,[00:57:20.5655716],8968,48652,31504
529,[00:57:20.6416925],11258,48425,30734
530,[00:57:20.7153567],8854,52425,32070
531,[00:57:20.7900883],8952,54989,32087
532,[00:57:20.8652480],8223,49933,32407
533,[00:57:20.9403435],10530,46967,34997
534,[00:57:21.0154069],6499,55293,30297
535,[00:57:21.0931337],10265,49940,32750
536,[00:57:21.1656159],10262,48954,31691
537,[00:57:21.2403344],10947,53168,31087
538,[00:57:21.3157599],10606,56697,30568
539,[00:57:21.3925925],8376,50604,31378
540,[00:57:21.4655861],9733,55037,25047
541,[00:57:21.5404885],8662,56184,29723
542,[00:57:21.6157648],10915,48397,31868
543,[00:57:21.6912534],9774,54253,34927
544,[00:57:21.7657143],11823,54612,34626
545,[00:57:21.8417240],10273,53745,34517
546,[00:57:21.9162126],13665,52160,33547
547,[00:57:21.9910128],9553,49387,31982
548,[00:57:22.0660640],6702,54177,29157
549,[00:57:22.1419756],11156,55295,30784
550,[00:57:22.2163570],9831,53781,29872
551,[00:57:22.2933615],11210,43838,29781
552,[00:57:22.3664568],8393,52458,35057
553,[00:57:22.4419664],13390,55455,35107
554,[00:57:22.5166871],9714,48094,29593
555,[00:57:22.5916229],9803,51876,33470
556,[00:57:22.6671773],10350,52632,35094
557,[00:57:22.7421554],9203,52751,30239
558,[00:57:22.8171997],10370,53008,33022
559,[00:57:22.8934692],7543,48446,36179
560,[00:57:22.9672561],9825,51471,28248
561,[00:57:23.0423130],9280,55043,28194
562,[00:57:23.1173575],10076,46918,33887
563,[00:57:23.1926153],8749,50329,32741
564,[00:57:23.2678045],11345,48019,34139
565,[00:57:23.3435070],9901,53126,38015
566,[00:57:23.4184801],9725,52871,33411
567,[00:57:23.4934224],8988,51148,29619
568,[00:57:23.5689203],8819,56000,34768
569,[00:57:23.6434572],7958,56936,33292
570,[00:57:23.7178321],12345,48249,33619
571,[00:57:23.7928942],11843,53302,29643
572,[00:57:23.8684833],12779,53133,33672
573,[00:57:23.9438789],9190,54666,36639
574,[00:57:24.0189581],11020,51064,30577
575,[00:57:24.0937357],10274,49728,28880
576,[00:57:24.1695500],8592,49375,33020
577,[00:57:24.2439580],9535,50170,35174
578,[00:57:24.3187518],8319,51965,35810
579,[00:57:24.3937976],11124,53852,30599
580,[00:57:24.4687069],9581,52329,32123
581,[00:57:24.5437166],11019,51240,30292
582,[00:57:24.6190883],5897,53335,31659
583,[00:57:24.6941244],11071,50890,30951
584,[00:57:24.7691043],11436,47564,33804
585,[00:57:24.8443392],5851,52994,35086
586,[00:57:24.9193451],10681,58593,36567
587,[00:57:24.9944328],12408,46040,36133
588,[00:57:25.0692868],11606,58614,34968
589,[00:57:25.1442113],11754,47264,35935
590,[00:57:25.2197261],9611,47232,32905
591,[00:57:25.2942963],10312,48464,32010
592,[00:57:25.3696712],10345,57939,37010
593,[00:57:25.4444796],10271,53729,36636
594,[00:57:25.5196931],8592,56658,36809
595,[00:57:25.5964674],10375,53292,36244
596,[00:57:25.6699462],13787,56193,33382
597,[00:57:25.7449980],9276,53255,30229
598,[00:57:25.8203606],10568,55263,33463
599,[00:57:25.8951201],10219,48955,36954
600,[00:57:25.9700457],10818,53667,32838
601,[00:57:26.0453562],11650,54000,35916
602,[00:57:26.1203117],10825,51306,32502
603,[00:57:26.1957461],8335,48944,30807
604,[00:57:26.2706945],9042,53599,32496
605,[00:57:26.3456031],11629,56773,36254
606,[00:57:26.4207168],10843,48076,31818
607,[00:57:26.4959425],10003,46135,32419
608,[00:57:26.5712443],10584,55220,32865
609,[00:57:26.6461560],9988,51135,31628
610,[00:57:26.7208569],10407,47878,30542
611,[00:57:26.7960269],8661,49574,30874
612,[00:57:26.8719546],9527,56501,35172
613,[00:57:26.9475492],8425,49582,34297
614,[00:57:27.0239245],9911,50529,33703
615,[00:57:27.0969599],10137,56392,29595
616,[00:57:27.1717004],12381,52649,30907
617,[00:57:27.2467481],11726,49264,30459
618,[00:57:27.3215601],10306,54358,34380
619,[00:57:27.3969879],11013,49871,29568
620,[00:57:27.4738887],10716,50664,36194
621,[00:57:27.5476801],8485,51751,32590
622,[00:57:27.6231756],9593,48328,29881
623,[00:57:27.6975764],10278,52675,30374
624,[00:57:27.7732488],8750,48151,32612
625,[00:57:27.8468421],12353,50369,33440
626,[00:57:27.9219285],12162,52428,34807
627,[00:57:27.9971531],11664,53674,28489
628,[00:57:28.0724382],9099,48383,34901
629,[00:57:28.1474818],8856,45561,35074
630,[00:57:28.2225129],11888,53400,28571
631,[00:57:28.2973657],8703,53918,30917
632,[00:57:28.3730713],10301,54890,33013
633,[00:57:28.4477569],8944,48385,30895
634,[00:57:28.5229461],8012,54534,34236
635,[00:57:28.5978707],7758,50760,27979
636,[00:57:28.6728870],11064,52172,35089
637,[00:57:28.7479555],10885,45963,32306
638,[00:57:28.8232291],9889,52311,35192
639,[00:57:28.8981033],7859,44927,30801
640,[00:57:28.9732714],9151,50984,34991
641,[00:57:29.0480896],9935,57631,31746
642,[00:57:29.1234850],9876,51348,30802
643,[00:57:29.1985983],8769,54809,32682
644,[00:57:29.2733849],8070,48872,33146
645,[00:57:29.3484717],10360,51106,32731
646,[00:57:29.4236909],11076,57403,34452
647,[00:57:29.5013349],12144,50783,33498
648,[00:57:29.5737258],10930,48717,31844
649,[00:57:29.6491025],10505,49779,31554
650,[00:57:29.7238152],9354,50928,32459
651,[00:57:29.7990681],11047,56182,35915
652,[00:57:29.8750391],11062,50437,32486
653,[00:57:29.9491791],9382,53870,32613
654,[00:57:30.0250265],11546,59230,32883
655,[00:57:30.0994812],10843,52106,31274
656,[00:57:30.1743345],7751,53696,32946
657,[00:57:30.2494322],8427,48746,28376
658,[00:57:30.3251722],8663,51324,32642
659,[00:57:30.4006387],9942,52925,36118
660,[00:57:30.4765185],11609,54394,35491
661,[00:57:30.5502172],10134,51588,33194
662,[00:57:30.6260739],4729,51867,32325
663,[00:57:30.7006531],12638,48561,34698
664,[00:57:30.7750379],9293,55110,32111
665,[00:57:30.8506155],10263,58338,30755
666,[00:57:30.9259429],13614,53072,33092
667,[00:57:31.0024278],9365,51814,29513
668,[00:57:31.0761689],9304,56500,32985
669,[00:57:31.1510662],10794,53191,34008
670,[00:57:31.2257725],8841,52974,36158
671,[00:57:31.3009820],8143,48618,30890
672,[00:57:31.3758434],9885,51240,34007
673,[00:57:31.4505416],10573,55131,29804
674,[00:57:31.5265194],7671,55099,27478
675,[00:57:31.6011156],8772,52881,30667
676,[00:57:31.6760287],9885,55853,29135
677,[00:57:31.7517428],10250,48998,34641
678,[00:57:31.8260452],11124,48694,33565
679,[00:57:31.9014170],10858,47899,32171
680,[00:57:31.9773356],9453,50243,33136
681,[00:57:32.0514144],12127,55974,30789
682,[00:57:32.1271597],8235,52065,34185
683,[00:57:32.2015920],9863,51389,34491
684,[00:57:32.2780284],12702,49155,33671
685,[00:57:32.3516546],8683,54212,34382
686,[00:57:32.4266954],10192,46959,33776
687,[00:57:32.5015785],11515,51368,33616
688,[00:57:32.5771802],8565,51386,26444
689,[00:57:32.6522677],9655,51966,29796
690,[00:57:32.7267901],10754,49110,33311
691,[00:57:32.8020523],11618,50975,31590
692,[00:57:32.8771852],11236,43488,28758
693,[00:57:32.9523753],13123,49902,28252
694,[00:57:33.0281428],8891,48671,32073
695,[00:57:33.1022531],10471,45877,28138
696,[00:57:33.1774355],8744,43724,31108
697,[00:57:33.2524625],12036,50627,33892
698,[00:57:33.3280721],8680,55262,32218
699,[00:57:33.4026530],8389,49677,31555
700,[00:57:33.4777752],10373,55333,35435
701,[00:57:33.5527878],9185,55493,31910
702,[00:57:33.6277192],8354,48974,35961
703,[00:57:33.7029021],6406,50321,31309
704,[00:57:33.7781454],9419,49329,28093
705,[00:57:33.8534236],9230,48500,30165
706,[00:57:33.9290301],11909,51990,32780
707,[00:57:34.0041676],9171,54969,30846
708,[00:57:34.0790762],11431,50648,28249
709,[00:57:34.1538721],8440,51297,29268
710,[00:57:34.2289834],8798,47639,32830
711,[00:57:34.3038592],11803,50098,30155
712,[00:57:34.3784694],9078,54741,32808
713,[00:57:34.4540656],11012,49633,32796
714,[00:57:34.5295336],9464,48666,32875
715,[00:57:34.6049424],8245,53129,30469
716,[00:57:34.6797796],10648,55278,26114
717,[00:57:34.7545040],11740,49971,28971
718,[00:57:34.8290758],9706,49442,32171
719,[00:57:34.9041149],6262,54200,27396
720,[00:57:34.9791657],9567,54556,29807
721,[00:57:35.0544926],12293,51939,28926
722,[00:57:35.1295459],9513,46310,31215
723,[00:57:35.2050323],7734,51664,30869
724,[00:57:35.2796052],9319,52912,28959
725,[00:57:35.3545810],6317,50900,34573
726,[00:57:35.4297969],10298,50099,32002
727,[00:57:35.5047590],9598,46487,26317
728,[00:57:35.5798929],10466,54737,29711
729,[00:57:35.6551430],10132,56007,34129
730,[00:57:35.7313925],10835,49385,28428
731,[00:57:35.8053704],11845,52532,29934
732,[00:57:35.8804669],10127,49690,31911
733,[00:57:35.9553836],5307,50557,29868
734,[00:57:36.0301360],8652,48631,29178
735,[00:57:36.1052409],8771,42506,31380
736,[00:57:36.1810754],10859,42924,27239
737,[00:57:36.2554588],10036,49844,28722
738,[00:57:36.3313240],10970,52476,28989
739,[00:57:36.4061595],9507,48753,28762
740,[00:57:36.4824657],12478,52752,33669
741,[00:57:36.5562017],10889,53490,28293
742,[00:57:36.6309081],7079,53838,33177
743,[00:57:36.7062800],10788,53996,33420
744,[00:57:36.7810735],9197,51715,29079
745,[00:57:36.8560194],9927,48415,32683
746,[00:57:36.9314696],11158,48364,29664
747,[00:57:37.0060890],11496,49170,27626
748,[00:57:37.0814960],10744,47406,30914
749,[00:57:37.1564803],8583,49990,32050
750,[00:57:37.2316602],9996,49958,31920
751,[00:57:37.3065978],10473,46704,33700
752,[00:57:37.3833188],9241,48561,34940
753,[00:57:37.4567937],11221,52680,29880
754,[00:57:37.5325511],10838,49991,30812
755,[00:57:37.6107920],10648,52675,31845
756,[00:57:37.6828245],10346,54365,33761
757,[00:57:37.7570507],11648,51841,33340
758,[00:57:37.8330858],9301,51634,34837
759,[00:57:37.9083926],11436,50620,33850
760,[00:57:37.9820522],12037,46451,32853
761,[00:57:38.0580681],6764,55765,29805
762,[00:57:38.1333450],10048,54446,30305
763,[00:57:38.2115441],8730,55433,33342
764,[00:57:38.2831872],10499,47798,34042
765,[00:57:38.3579112],9145,51835,33298
766,[00:57:38.4333745],8040,56501,26954
767,[00:57:38.5082337],10181,51334,32476
768,[00:57:38.5832567],10978,50886,31940
769,[00:57:38.6582085],11499,51980,29193
770,[00:57:38.7330885],9870,51995,32627
771,[00:57:38.8081597],10526,46758,29700
772,[00:57:38.8833149],13698,47528,30296
773,[00:57:38.9587404],11659,49537,31502
774,[00:57:39.0336558],11306,50879,32463
775,[00:57:39.1082859],9651,49325,32363
776,[00:57:39.1836420],7710,53799,32172
777,[00:57:39.2585664],10669,52719,32816
778,[00:57:39.3334906],10666,54287,30502
779,[00:57:39.4096301],7391,50134,31538
780,[00:57:39.4838028],10555,47024,27467
781,[00:57:39.5585691],7988,47555,29232
782,[00:57:39.6338931],7014,45475,29722
783,[00:57:39.7091934],10961,53595,32956
784,[00:57:39.7854850],12429,44812,33666
785,[00:57:39.8593223],12006,53250,33290
786,[00:57:39.9343916],13078,52097,31852
787,[00:57:40.0093915],12557,55302,28910
788,[00:57:40.0868067],9418,54152,33258
789,[00:57:40.1595493],8895,47622,30507
790,[00:57:40.2349476],10251,46487,33879
791,[00:57:40.3100369],8870,45571,28935
792,[00:57:40.3853078],7533,47453,32392
793,[00:57:40.4598979],7870,48442,32059
794,[00:57:40.5347407],12162,55848,30691
795,[00:57:40.6099645],8899,53004,30377
796,[00:57:40.6851184],12736,49674,32916
797,[00:57:40.7599817],7560,55524,29887
798,[00:57:40.8351708],7882,49154,31296
799,[00:57:40.9102665],10059,52957,27091
800,[00:57:40.9861972],9561,46604,30426
801,[00:57:41.0613271],9673,55299,29587
802,[00:57:41.1364506],10648,46875,34353
803,[00:57:41.2111792],10451,51540,34738
804,[00:57:41.2857694],10079,49114,29689
805,[00:57:41.3605895],10351,54255,33511
806,[00:57:41.4362155],10194,51191,34234
807,[00:57:41.5108962],12350,53662,32395
808,[00:57:41.5869820],9299,54085,29676
809,[00:57:41.6626348],11150,56567,32469
810,[00:57:41.7367249],7394,54498,32095
811,[00:57:41.8115520],9315,53723,31849
812,[00:57:41.8874346],10100,48776,34873
813,[00:57:41.9612957],9127,51041,34615
814,[00:57:42.0362818],10417,51661,33999
815,[00:57:42.1112554],12033,57370,32314
816,[00:57:42.1871227],9968,49107,29829
817,[00:57:42.2616645],10609,47620,30947
818,[00:57:42.3373206],10987,55613,31954
819,[00:57:42.4118141],8641,48121,33557
820,[00:57:42.4868744],10162,55290,29882
821,[00:57:42.5620756],9214,54715,34075
822,[00:57:42.6377131],10000,52542,31927
823,[00:57:42.7125693],10791,51845,30408
824,[00:57:42.7877467],9997,51795,27301
825,[00:57:42.8622801],7598,55409,33774
826,[00:57:42.9376304],9769,59741,32894
827,[00:57:43.0121884],9242,48194,30176
828,[00:57:43.0877727],9632,50205,31013
829,[00:57:43.1628523],9700,51957,30267
830,[00:57:43.2376434],12120,51837,27822
831,[00:57:43.3127869],10318,53248,31474
832,[00:57:43.3887727],10507,50081,32843
833,[00:57:43.4626946],10094,55517,29384
834,[00:57:43.5383308],8408,47014,32526
835,[00:57:43.6133057],10851,54237,35347
836,[00:57:43.6883083],12356,48099,31106
837,[00:57:43.7631815],9623,56086,31218
838,[00:57:43.8380726],11125,47980,33708
839,[00:57:43.9138715],8149,50829,33809
840,[00:57:43.9884258],11873,55065,32473
841,[00:57:44.0633512],9626,48467,34461
842,[00:57:44.1398011],8388,47315,32474
843,[00:57:44.2136373],9733,51592,29475
844,[00:57:44.2887755],10417,55882,27286
845,[00:57:44.3638381],9851,58279,33155
846,[00:57:44.4388173],12343,49938,35229
847,[00:57:44.5147757],11371,56782,31623
848,[00:57:44.5899989],11675,49601,32021
849,[00:57:44.6650982],8487,51658,31490
850,[00:57:44.7400197],11154,51093,37356
851,[00:57:44.8146846],10222,51112,32177
852,[00:57:44.8911054],10953,58358,33092
853,[00:57:44.9641780],11112,52856,33676
854,[00:57:45.0392304],9123,53941,34708
855,[00:57:45.1153323],11540,55372,30934
856,[00:57:45.1907110],9353,55911,31073
857,[00:57:45.2655135],10277,54881,28937
858,[00:57:45.3404489],11066,53757,33488
859,[00:57:45.4150079],10742,50258,29538
860,[00:57:45.4903895],9377,48989,30893
861,[00:57:45.5651934],10332,54194,31521
862,[00:57:45.6399224],10655,51326,33374
863,[00:57:45.7150517],8715,50171,31794
864,[00:57:45.7902707],7729,50238,32682
865,[00:57:45.8651899],9323,54430,35315
866,[00:57:45.9405127],8028,58031,35099
867,[00:57:46.0154720],8912,50852,31734
868,[00:57:46.0904014],8826,48692,31583
869,[00:57:46.1660165],9328,53718,31217
870,[00:57:46.2409169],10674,53148,33234
871,[00:57:46.3157348],7132,46344,30133
872,[00:57:46.3907902],9328,53315,32578
873,[00:57:46.4665085],7291,45961,35095
874,[00:57:46.5411245],7802,54080,33575
875,[00:57:46.6160154],11229,51884,33370
876,[00:57:46.6914618],8810,50129,30904
877,[00:57:46.7662295],9354,52671,30663
878,[00:57:46.8412788],10373,53850,32071
879,[00:57:46.9162243],10892,44165,33312
880,[00:57:46.9912263],11404,55617,31484
881,[00:57:47.0674974],13432,46501,29336
882,[00:57:47.1423484],9987,51446,32849
883,[00:57:47.2167727],6937,49812,32157
884,[00:57:47.2917159],9769,58788,32794
885,[00:57:47.3683630],10914,52534,28893
886,[00:57:47.4419803],8390,50491,28085
887,[00:57:47.5171060],10272,56819,32195
888,[00:57:47.5920103],8933,53979,33184
889,[00:57:47.6689172],7936,58541,31130
890,[00:57:47.7422970],10244,51910,32180
891,[00:57:47.8173553],9801,48726,34894
892,[00:57:47.8927904],11755,54063,34593
893,[00:57:47.9671824],10597,45440,32586
894,[00:57:48.0422002],11004,54467,31549
895,[00:57:48.1189290],11597,47979,31943
896,[00:57:48.1940285],8468,51496,31268
897,[00:57:48.2679439],7937,51348,27994
898,[00:57:48.3436841],11084,52646,31500
899,[00:57:48.4184123],11545,54091,30365
900,[00:57:48.4930709],11159,49739,34029
901,[00:57:48.5678789],12766,52236,34244
902,[00:57:48.6439878],12266,49815,33903
903,[00:57:48.7191100],9432,52370,27955
904,[00:57:48.7937806],8849,50272,31542
905,[00:57:48.8688620],10578,55319,29823
906,[00:57:48.9442344],10054,47348,31390
907,[00:57:49.0188752],11138,50891,34731
908,[00:57:49.0933871],10606,48202,31689
909,[00:57:49.1691204],9596,49451,30265
910,[00:57:49.2435853],10838,52769,29013
911,[00:57:49.3203785],10179,53287,31685
912,[00:57:49.3936706],10024,52953,28630
913,[00:57:49.4702689],8723,47050,33242
914,[00:57:49.5465008],9675,53589,33018
915,[00:57:49.6191317],11647,51924,32637
916,[00:57:49.6956055],8494,50881,31404
917,[00:57:49.7727589],9568,46162,31453
918,[00:57:49.8460238],11707,53107,31301
919,[00:57:49.9195715],9800,47817,33199
920,[00:57:49.9955642],10314,46472,36550
921,[00:57:50.0720002],8873,51936,32362
922,[00:57:50.1445935],9156,49745,32947
923,[00:57:50.2206498],7683,53206,29282
924,[00:57:50.2976688],11181,50615,35783
925,[00:57:50.3816224],6771,54682,36673
926,[00:57:50.4476087],9060,54829,36360
927,[00:57:50.5198576],10925,48082,30255
928,[00:57:50.5976440],8369,57366,28891
929,[00:57:50.6709901],11069,52408,32915
930,[00:57:50.7454093],10399,53891,33192
931,[00:57:50.8205902],8941,50559,33973
932,[00:57:50.8962934],10040,53808,30004
933,[00:57:50.9715005],12382,53012,33879
934,[00:57:51.0467016],11690,52991,37552
935,[00:57:51.1204429],9031,56511,32799
936,[00:57:51.1956136],8566,52595,33750
937,[00:57:51.2707492],10520,53341,30404
938,[00:57:51.3458055],10282,54254,36600
939,[00:57:51.4208914],7048,49330,31147
940,[00:57:51.4967578],11108,49439,34009
941,[00:57:51.5717273],9338,51331,30439
942,[00:57:51.6481164],12437,50590,29017
943,[00:57:51.7249910],11307,51346,36081
944,[00:57:51.7966121],8508,56736,28761
945,[00:57:51.8722961],8824,53184,33620
946,[00:57:51.9471489],12121,51912,31948
947,[00:57:52.0214478],12149,56174,32453
948,[00:57:52.0965596],11456,47626,29045
949,[00:57:52.1718747],9020,48542,34586
950,[00:57:52.2481963],10181,53785,34558
951,[00:57:52.3243091],11748,51527,33532
952,[00:57:52.3972947],9252,53190,32341
953,[00:57:52.4720670],8460,55739,35104
954,[00:57:52.5472422],11379,55976,32062
955,[00:57:52.6239369],11580,53612,31905
956,[00:57:52.6974086],13019,47915,33648
957,[00:57:52.7720224],10874,48902,31745
958,[00:57:52.8496086],12699,47069,33429
959,[00:57:52.9232758],9780,51322,30278
960,[00:57:52.9974066],8463,57868,33445
961,[00:57:53.0732031],12271,47027,33457
962,[00:57:53.1475617],10336,51360,30077
963,[00:57:53.2242842],10366,49287,39550
964,[00:57:53.2978689],11133,54219,35468
965,[00:57:53.3736431],8761,48237,35162
966,[00:57:53.4478629],9789,50262,33106
967,[00:57:53.5230009],8557,49361,31006
968,[00:57:53.5983653],9006,50922,33760
969,[00:57:53.6729941],12072,55828,31564
970,[00:57:53.7480552],7653,53790,33768
971,[00:57:53.8231806],12121,45967,34607
972,[00:57:53.8990586],8369,47091,33205
973,[00:57:53.9733686],10893,45151,35500
974,[00:57:54.0490776],10908,52263,32091
975,[00:57:54.1238464],12819,54130,31379
976,[00:57:54.1987126],10806,50732,33744
977,[00:57:54.2749545],9870,52304,34018
978,[00:57:54.3500101],15642,46321,27708
979,[00:57:54.4240443],8394,57290,33606
980,[00:57:54.4989956],11989,46240,37293
981,[00:57:54.5740447],12315,48498,33852
982,[00:57:54.6493633],10485,53730,33593
983,[00:57:54.7241140],10225,55452,32537
984,[00:57:54.7994465],11441,52723,32409
985,[00:57:54.8748081],11587,52249,35094
986,[00:57:54.9495220],13385,57093,31752
987,[00:57:55.0247053],10774,53812,34477
988,[00:57:55.0996234],11021,50146,31613
989,[00:57:55.1753264],9148,53601,30860
990,[00:57:55.2506249],7185,54242,33668
991,[00:57:55.3257776],8765,50800,34490
992,[00:57:55.4005840],9683,50610,31597
993,[00:57:55.4761499],8957,53685,33573
994,[00:57:55.5508177],10124,56363,32980
995,[00:57:55.6254760],9675,55214,35678
996,[00:57:55.7008951],10952,49266,33065
997,[00:57:55.7757814],8318,46200,31965
998,[00:57:55.8515699],10885,52734,37508
999,[00:57:55.9271465],8829,53463,32907
1000,[00:57:56.0010928],12418,52868,33951
1001,[00:57:56.0765686],11700,53079,36487
1002,[00:57:56.1511448],11482,50630,35318
1003,[00:57:56.2256063],10133,55760,31217
1004,[00:57:56.3009136],9325,52430,32553
1005,[00:57:56.3760282],11548,52412,35487
1006,[00:57:56.4507894],10367,48050,32881
1007,[00:57:56.5260605],10889,53253,33479
1008,[00:57:56.6010611],11037,54479,34715
1009,[00:57:56.6760828],11432,54923,32401
1010,[00:57:56.7512740],10964,56297,33051
1011,[00:57:56.8293189],10411,51532,35935
1012,[00:57:56.9016951],12122,55805,33666
1013,[00:57:56.9763609],10560,55063,31967
1014,[00:57:57.0521312],11480,55268,36887
1015,[00:57:57.1271435],9511,49320,34290
1016,[00:57:57.2016035],9510,46036,30991
1017,[00:57:57.2765954],12619,59584,31172
1018,[00:57:57.3524878],10040,55565,33265
1019,[00:57:57.4271380],9113,53247,33149
1020,[00:57:57.5019775],9762,52935,32820
1021,[00:57:57.5789724],7612,59186,33545
1022,[00:57:57.6531051],9214,48432,29909
1023,[00:57:57.7271384],9119,46629,34790
1024,[00:57:57.8023406],10846,51859,28591
1025,[00:57:57.8787855],9949,52749,31340
1026,[00:57:57.9529350],11728,50220,29689
1027,[00:57:58.0276216],11277,48723,36004
1028,[00:57:58.1026076],9598,49710,30351
1029,[00:57:58.1780007],10234,48009,31280
1030,[00:57:58.2527911],13544,54585,33618
1031,[00:57:58.3282290],10185,55709,31160
1032,[00:57:58.4031754],10701,51367,33240
1033,[00:57:58.4784911],12121,53948,34002
1034,[00:57:58.5536251],11446,50955,29825
1035,[00:57:58.6284860],11989,51584,31472
1036,[00:57:58.7032905],9364,54729,31447
1037,[00:57:58.7790251],9630,52123,33597
1038,[00:57:58.8554343],11914,49014,36830
1039,[00:57:58.9290222],11940,48013,31110
1040,[00:57:59.0034405],9093,57409,33081
1041,[00:57:59.0792276],9802,55480,31401
1042,[00:57:59.1546429],9178,53331,32979
1043,[00:57:59.2300464],9439,50878,33748
1044,[00:57:59.3058504],11330,48956,31907
1045,[00:57:59.3796469],8685,53132,27938
1046,[00:57:59.4572996],11135,50082,33224
1047,[00:57:59.5295442],13429,48652,33393
1048,[00:57:59.6048832],11872,50781,29623
1049,[00:57:59.6796957],9374,49797,29104
1050,[00:57:59.7552489],9148,50286,30333
1051,[00:57:59.8293023],12329,47539,28738
1052,[00:57:59.9065396],12826,46591,26628
1053,[00:57:59.9794425],14251,45072,32012
1054,[00:58:00.0545022],11131,52349,30218
1055,[00:58:00.1299871],10114,53094,32354
1056,[00:58:00.2045305],12383,57582,31911
1057,[00:58:00.2805683],12299,56241,30206
1058,[00:58:00.3548878],13771,55326,32891
1059,[00:58:00.4301809],11064,57075,34013
1060,[00:58:00.5055021],9702,55907,31350
1061,[00:58:00.5802116],11642,47230,34350
1062,[00:58:00.6555285],10652,50137,32674
1063,[00:58:00.7300619],8764,55651,31384
1064,[00:58:00.8054660],9198,50026,30636
1065,[00:58:00.8804134],12983,52319,27602
1066,[00:58:00.9556802],12527,49832,31088
1067,[00:58:01.0306921],13138,51464,33508
1068,[00:58:01.1060562],9588,49093,29638
1069,[00:58:01.1807050],8647,51526,31759
1070,[00:58:01.2555782],10510,52723,31783
1071,[00:58:01.3306280],10149,54081,30277
1072,[00:58:01.4071580],11253,46957,30500
1073,[00:58:01.4814189],10767,51606,30531
1074,[00:58:01.5561082],8774,47888,27942
1075,[00:58:01.6314534],10436,50926,29794
1076,[00:58:01.7077293],10487,48106,30811
1077,[00:58:01.7815453],12438,54419,29577
1078,[00:58:01.8567041],10031,44827,33666
1079,[00:58:01.9327410],8466,50234,33552
1080,[00:58:02.0069602],12418,49560,32834
1081,[00:58:02.0817920],11762,53941,29344
1082,[00:58:02.1568294],12528,51426,31762
1083,[00:58:02.2353538],9032,48410,32149
1084,[00:58:02.3077920],11071,53873,31954
1085,[00:58:02.3829017],9231,47401,35222
1086,[00:58:02.4574649],12256,47891,29717
1087,[00:58:02.5337590],7816,51977,32873
1088,[00:58:02.6076933],10331,47559,33644
1089,[00:58:02.6821597],9862,47155,30891
1090,[00:58:02.7572526],8175,49507,35050
1091,[00:58:02.8323474],9032,51606,30413
1092,[00:58:02.9081473],7542,51122,30920
1093,[00:58:02.9843321],9099,49788,30455
1094,[00:58:03.0593068],9880,53649,32528
1095,[00:58:03.1343571],11671,51655,30045
1096,[00:58:03.2090667],9257,52914,31677
1097,[00:58:03.2847078],9165,46126,30607
1098,[00:58:03.3589081],11370,50082,34307
1099,[00:58:03.4329678],6449,53163,32602
1100,[00:58:03.5089910],9670,53173,34175
1101,[00:58:03.5833073],10535,52101,34734
1102,[00:58:03.6588681],10343,57177,34081
1103,[00:58:03.7354928],10114,51453,30506
1104,[00:58:03.8083854],11458,49105,33232
1105,[00:58:03.8931354],11142,45848,31286
1106,[00:58:03.9612453],12359,51903,33572
1107,[00:58:04.0345231],8035,51033,32451
1108,[00:58:04.1096773],9090,56451,32425
1109,[00:58:04.1843642],13582,54241,32453
1110,[00:58:04.2588651],8452,54986,33364
1111,[00:58:04.3339052],12544,49368,31721
1112,[00:58:04.4115397],10100,47507,29918
1113,[00:58:04.4848320],8671,55086,32762
1114,[00:58:04.5603088],9713,54829,34612
1115,[00:58:04.6342195],10026,49160,34183
1116,[00:58:04.7107988],9695,49115,34410
1117,[00:58:04.7840871],10745,56381,32449
1118,[00:58:04.8598105],8598,51110,33407
1119,[00:58:04.9348320],12973,46820,36030
1120,[00:58:05.0101261],10886,57148,31414
1121,[00:58:05.0861421],11694,51676,38187
1122,[00:58:05.1597608],12438,51978,33797
1123,[00:58:05.2357943],12480,51002,33878
1124,[00:58:05.3098005],8721,52467,34409
1125,[00:58:05.3876040],9463,49872,34390
1126,[00:58:05.4601318],11875,48077,31744
1127,[00:58:05.5378600],8054,51428,30175
1128,[00:58:05.6103584],12198,46421,31707
1129,[00:58:05.6871725],10151,58557,32787
1130,[00:58:05.7639912],10212,42789,32175
1131,[00:58:05.8356335],14913,49183,37088
1132,[00:58:05.9105391],11190,47890,34272
1133,[00:58:05.9858239],10882,49877,33335
1134,[00:58:06.0638202],10887,48550,32850
1135,[00:58:06.1370057],9562,54059,30312
1136,[00:58:06.2113992],9402,53235,34323
1137,[00:58:06.2873983],11305,51995,30660
1138,[00:58:06.3669094],7895,52029,35985
1139,[00:58:06.4377746],10567,54713,29312
1140,[00:58:06.5139798],13060,51569,30777
1141,[00:58:06.5942758],10971,49844,30999
1142,[00:58:06.6630878],7995,56333,32362
1143,[00:58:06.7380642],11130,47608,28440
1144,[00:58:06.8135098],9292,56686,30820
1145,[00:58:06.8882099],11735,53455,30949
1146,[00:58:06.9622987],10163,48735,32558
1147,[00:58:07.0396512],11412,50891,31632
1148,[00:58:07.1126317],13325,49669,31340
1149,[00:58:07.1874507],9825,51109,33429
1150,[00:58:07.2640574],9895,49191,29212
1151,[00:58:07.3401331],11991,50131,29698
1152,[00:58:07.4133408],10996,49648,32484
1153,[00:58:07.4868367],11133,50220,30917
1154,[00:58:07.5621749],9476,49776,29686
1155,[00:58:07.6400261],11399,48114,31831
1156,[00:58:07.7135509],8843,55527,27966
1157,[00:58:07.7885614],9093,47354,31293
1158,[00:58:07.8623992],11669,42981,28828
1159,[00:58:07.9382785],12134,47989,30112
1160,[00:58:08.0137413],8082,58664,31335
1161,[00:58:08.0883900],14594,48111,31032
1162,[00:58:08.1637554],11499,52020,31991
1163,[00:58:08.2388640],12098,52093,30682
1164,[00:58:08.3140036],7052,53500,33016
1165,[00:58:08.3895608],11077,54109,31711
1166,[00:58:08.4635090],10550,51449,27395
1167,[00:58:08.5386686],9691,48420,31745
1168,[00:58:08.6131061],11763,49224,29857
1169,[00:58:08.6881655],10447,54005,34130
1170,[00:58:08.7633100],9271,51458,26922
1171,[00:58:08.8386260],8661,52247,30717
1172,[00:58:08.9157995],12809,51579,29818
1173,[00:58:08.9885922],8611,49932,29862
1174,[00:58:09.0638009],9251,55825,31361
1175,[00:58:09.1387016],11686,55075,34079
1176,[00:58:09.2158726],13392,49756,32403
1177,[00:58:09.2923407],11458,49219,33168
1178,[00:58:09.3641026],11997,50988,37201
1179,[00:58:09.4390493],11116,52757,31079
1180,[00:58:09.5158467],10547,54051,32290
1181,[00:58:09.5892240],9521,53739,33000
1182,[00:58:09.6707699],11022,53637,32808
1183,[00:58:09.7423337],9765,49877,33743
1184,[00:58:09.8160857],11816,50850,32578
1185,[00:58:09.8895893],10117,50154,32881
1186,[00:58:09.9669891],13227,54736,30563
1187,[00:58:10.0400315],10721,53186,35572
1188,[00:58:10.1171583],9355,51384,32074
1189,[00:58:10.1919146],9144,48718,30863
1190,[00:58:10.2674143],10579,55818,35243
1191,[00:58:10.3424200],9435,52907,30340
1192,[00:58:10.4169314],11986,47519,33747
1193,[00:58:10.4978363],9799,52662,32374
1194,[00:58:10.5658186],12703,52271,31004
1195,[00:58:10.6409396],8452,56578,34353
1196,[00:58:10.7162556],12810,52378,31287
1197,[00:58:10.7903501],8235,50725,33041
1198,[00:58:10.8669336],8165,51824,32038
1199,[00:58:10.9412066],8932,52406,31509
1200,[00:58:11.0162082],11519,50168,33149
1201,[00:58:11.0934049],8501,51784,27684
1202,[00:58:11.1673882],10856,49617,30587
1203,[00:58:11.2427334],10163,52021,30834
1204,[00:58:11.3164266],9906,50598,31868
1205,[00:58:11.3909157],12470,54902,29867
1206,[00:58:11.4681284],10282,53500,33561
1207,[00:58:11.5412156],12351,51775,31324
1208,[00:58:11.6172417],11651,48836,29041
1209,[00:58:11.6936714],9564,52081,31255
1210,[00:58:11.7705563],11345,50521,32442
1211,[00:58:11.8421512],12160,51104,28278
1212,[00:58:11.9164651],10663,53429,29127
1213,[00:58:11.9952324],8232,52429,31006
1214,[00:58:12.0726502],6294,53886,30427
1215,[00:58:12.1416232],9853,53178,31372
1216,[00:58:12.2181894],9435,50728,35494
1217,[00:58:12.2917229],11289,51031,36453
1218,[00:58:12.3703052],7564,53193,30021
1219,[00:58:12.4425617],7890,45868,32946
1220,[00:58:12.5176400],7538,55682,30649
1221,[00:58:12.5942616],8676,53712,33699
1222,[00:58:12.6690709],9924,48252,29919
1223,[00:58:12.7423315],10411,46572,31030
1224,[00:58:12.8190418],9850,51772,33135
1225,[00:58:12.8934929],10084,58729,34966
1226,[00:58:12.9697890],11461,50659,30358
1227,[00:58:13.0426625],11335,49033,30924
1228,[00:58:13.1178866],9436,55445,30588
1229,[00:58:13.1927794],8547,54039,35041
1230,[00:58:13.2680260],12378,54473,33295
1231,[00:58:13.3430696],10101,49189,28186
1232,[00:58:13.4185737],10348,46102,33538
1233,[00:58:13.4932201],9148,53669,37408
1234,[00:58:13.5695732],9163,55031,30529
1235,[00:58:13.6450584],7423,55627,32018
1236,[00:58:13.7184566],7515,53837,32540
1237,[00:58:13.7934427],7286,47743,31156
1238,[00:58:13.8756832],9915,50226,31007
1239,[00:58:13.9459345],10663,50347,35599
1240,[00:58:14.0200526],10760,46376,31878
1241,[00:58:14.0936771],10717,57646,30789
1242,[00:58:14.1709047],10120,53712,34095
1243,[00:58:14.2490412],10096,53962,31695
1244,[00:58:14.3256995],8721,46802,34186
1245,[00:58:14.3985157],7874,50328,31418
1246,[00:58:14.4766086],6866,51844,30617
1247,[00:58:14.5468359],9679,51317,33371
1248,[00:58:14.6235878],7166,50914,36519
1249,[00:58:14.6966136],7798,51631,30071
1250,[00:58:14.7719527],12999,50847,32050
1251,[00:58:14.8467950],9552,55977,34726
1252,[00:58:14.9215114],9890,53667,37337
1253,[00:58:14.9963536],7315,52084,36548
1254,[00:58:15.0711083],7900,54607,29824
1255,[00:58:15.1451965],12859,54953,35234
1256,[00:58:15.2198410],10109,49169,32484
1257,[00:58:15.2950464],8877,54814,31853
1258,[00:58:15.3725061],10350,55059,34314
1259,[00:58:15.4454295],7983,50379,33011
1260,[00:58:15.5210483],9243,53285,30775
1261,[00:58:15.5960337],11129,52552,31629
1262,[00:58:15.6710160],10514,55901,30887
1263,[00:58:15.7460310],9182,50401,32318
1264,[00:58:15.8217699],10207,47717,36160
1265,[00:58:15.8964809],10453,51060,35387
1266,[00:58:15.9715889],9301,53600,32258
1267,[00:58:16.0461651],10898,56941,36624
1268,[00:58:16.1215847],9382,50200,34685
1269,[00:58:16.1956663],8944,51314,39901
1270,[00:58:16.2711740],8590,56469,32639
1271,[00:58:16.3459582],10433,53344,32691
1272,[00:58:16.4213588],9185,59520,32286
1273,[00:58:16.4965173],9961,51680,30785
1274,[00:58:16.5711083],9185,50777,30203
1275,[00:58:16.6463683],9850,58439,32227
1276,[00:58:16.7231196],12523,55087,36169
1277,[00:58:16.7979611],10260,56349,35879
1278,[00:58:16.8734864],11563,52872,29765
1279,[00:58:16.9469111],13663,49436,33303
1280,[00:58:17.0216617],9963,54042,32308
1281,[00:58:17.0976315],10504,52629,33601
1282,[00:58:17.1736418],9350,47959,32576
1283,[00:58:17.2484079],8564,43984,35038
1284,[00:58:17.3219369],7854,56565,33159
1285,[00:58:17.3978866],9894,52815,29657
1286,[00:58:17.4721351],11726,53195,35700
1287,[00:58:17.5494692],11184,58699,27038
1288,[00:58:17.6242691],10189,46964,32945
1289,[00:58:17.6975245],10989,51673,31431
1290,[00:58:17.7723701],9690,44458,33174
1291,[00:58:17.8485455],7755,49834,31464
1292,[00:58:17.9233326],9052,53225,31674
1293,[00:58:17.9999531],11708,51067,32766
1294,[00:58:18.0728994],8461,49484,33679
1295,[00:58:18.1481651],8818,52984,34420
1296,[00:58:18.2229581],10866,54323,30206
1297,[00:58:18.2980154],7897,47914,31405
1298,[00:58:18.3749183],6487,49999,36674
1299,[00:58:18.4488772],8528,48524,34095
1300,[00:58:18.5231696],10794,49975,34164
1301,[00:58:18.5982763],9101,52532,32967
1302,[00:58:18.6741440],8486,52272,30368
1303,[00:58:18.7511696],9997,56563,35151
1304,[00:58:18.8255949],10654,49482,30978
1305,[00:58:18.8996197],10530,55520,35600
1306,[00:58:18.9747061],6931,54543,34789
1307,[00:58:19.0490075],8774,49506,37704
1308,[00:58:19.1242883],10187,54620,31621
1309,[00:58:19.1990866],9306,49620,30781
1310,[00:58:19.2747894],11190,50840,31616
1311,[00:58:19.3555833],10265,42981,33769
1312,[00:58:19.4251175],9893,54355,39049
1313,[00:58:19.5014496],8511,51412,34050
1314,[00:58:19.5765141],9712,47577,34098
1315,[00:58:19.6493665],10199,53068,36071
1316,[00:58:19.7270974],7431,52443,36189
1317,[00:58:19.8078241],9068,54946,37076
1318,[00:58:19.8827039],10131,55483,31938
1319,[00:58:19.9514903],7597,50586,31573
1320,[00:58:20.0285189],7967,52521,35144
1321,[00:58:20.1058419],9400,50028,37430
1322,[00:58:20.1778208],8359,55989,31475
1323,[00:58:20.2574000],8529,55435,33759
1324,[00:58:20.3327980],6780,56646,37101
1325,[00:58:20.4091134],10625,57263,30311
1326,[00:58:20.4766217],7384,44545,35510
1327,[00:58:20.5531694],7630,45218,30268
1328,[00:58:20.6267163],9607,46243,34499
1329,[00:58:20.7010969],11872,52647,33395
1330,[00:58:20.7753580],9844,52893,35368
1331,[00:58:20.8531140],9374,49117,29998
1332,[00:58:20.9257947],13125,54047,34159
1333,[00:58:21.0006574],10649,47692,30847
1334,[00:58:21.0758430],9134,46415,32495
1335,[00:58:21.1512979],7928,45696,30016
1336,[00:58:21.2274736],6047,45509,29766
1337,[00:58:21.3018397],9563,49296,32581
1338,[00:58:21.3765405],9097,46806,29605
1339,[00:58:21.4520238],7483,52918,30848
1340,[00:58:21.5272039],7759,48874,37222
1341,[00:58:21.6016089],9228,51480,32865
1342,[00:58:21.6771931],9364,53783,29779
1343,[00:58:21.7517389],6541,56465,32466
1344,[00:58:21.8275012],8772,55276,28216
1345,[00:58:21.9028029],10209,51165,32171
1346,[00:58:21.9780005],8657,55973,30861
1347,[00:58:22.0515444],13582,52794,31282
1348,[00:58:22.1274338],8940,46347,34111
1349,[00:58:22.2026992],7313,51415,35135
1350,[00:58:22.2780193],9403,50047,32404
1351,[00:58:22.3559885],9765,53029,29630
1352,[00:58:22.4281676],8700,54036,31223
1353,[00:58:22.5031684],12089,49107,27162
1354,[00:58:22.5775348],8779,53879,30763
1355,[00:58:22.6531288],10129,53471,30483
1356,[00:58:22.7276698],9470,48483,33033
1357,[00:58:22.8048172],10818,56778,33006
1358,[00:58:22.8785443],10168,55560,32444
1359,[00:58:22.9554466],7846,56809,33011
1360,[00:58:23.0283856],6985,50450,33928
1361,[00:58:23.1048706],9763,50944,35129
1362,[00:58:23.1788630],8840,53876,32674
1363,[00:58:23.2536489],12957,55196,31291
1364,[00:58:23.3284394],9176,55458,28050
1365,[00:58:23.4043742],8717,51545,32409
1366,[00:58:23.4784890],9753,58755,33742
1367,[00:58:23.5532438],11330,54496,29008
1368,[00:58:23.6294045],11584,47412,32285
1369,[00:58:23.7042213],9480,51075,33404
1370,[00:58:23.7784549],9693,48373,33474
1371,[00:58:23.8533808],10126,56235,30296
1372,[00:58:23.9286584],10830,53889,37551
1373,[00:58:24.0053529],10349,52106,32305
1374,[00:58:24.0795878],9024,51614,35513
1375,[00:58:24.1545491],9441,57886,34607
1376,[00:58:24.2290785],10544,53201,32429
1377,[00:58:24.3044896],9180,43732,32507
1378,[00:58:24.3798742],8950,48682,29354
1379,[00:58:24.4548007],8896,47427,30740
1380,[00:58:24.5297493],9183,51262,35472
1381,[00:58:24.6049501],9870,49957,33923
1382,[00:58:24.6797693],9726,46884,31312
1383,[00:58:24.7551211],12750,52195,30261
1384,[00:58:24.8302291],12325,48716,33589
1385,[00:58:24.9052836],9726,52341,33203
1386,[00:58:24.9797913],12096,60354,29104
1387,[00:58:25.0546476],9228,54575,31113
1388,[00:58:25.1301158],9705,53132,27203
1389,[00:58:25.2058473],8242,57068,31076
1390,[00:58:25.2800352],10736,51349,32704
1391,[00:58:25.3553071],11132,52909,32124
1392,[00:58:25.4299616],9748,53506,28546
1393,[00:58:25.5054782],12308,62594,34622
1394,[00:58:25.5802990],10194,59629,34484
1395,[00:58:25.6556821],8413,49625,29720
1396,[00:58:25.7312171],11481,53275,31358
1397,[00:58:25.8065737],12567,56876,29607
1398,[00:58:25.8813618],11491,49778,27318
1399,[00:58:25.9562673],9337,59712,31225
1400,[00:58:26.0316870],10341,55820,33571
1401,[00:58:26.1064893],11407,51253,27333
1402,[00:58:26.1810931],8717,55335,32054
1403,[00:58:26.2559055],7736,49054,36555
1404,[00:58:26.3317862],9782,49753,33566
1405,[00:58:26.4072426],7386,48293,33595
1406,[00:58:26.4845717],9998,51764,30994
1407,[00:58:26.5564892],10825,41607,29432
1408,[00:58:26.6315300],13566,54681,31612
1409,[00:58:26.7063804],10269,47028,32660
1410,[00:58:26.7846740],9215,52654,31606
1411,[00:58:26.8575337],12543,55666,30444
1412,[00:58:26.9319546],11568,45714,30898
1413,[00:58:27.0081690],7863,48169,32023
1414,[00:58:27.0853350],11120,55145,31609
1415,[00:58:27.1588971],9707,52037,35527
1416,[00:58:27.2321941],10240,50493,33338
1417,[00:58:27.3130570],11705,53296,31750
1418,[00:58:27.3824322],8683,54930,32742
1419,[00:58:27.4571158],11658,52207,32849
1420,[00:58:27.5329567],11642,52828,30829
1421,[00:58:27.6073649],8945,50523,33622
1422,[00:58:27.6823182],7313,48807,29948
1423,[00:58:27.7586837],9961,47898,31357
1424,[00:58:27.8325829],8744,50949,27560
1425,[00:58:27.9084118],11586,54901,35416
1426,[00:58:27.9834798],9238,49893,32824
1427,[00:58:28.0577268],12051,48035,32678
1428,[00:58:28.1333625],12538,50768,30860
1429,[00:58:28.2081355],9830,53926,30166
1430,[00:58:28.2831050],11367,55898,30386
1431,[00:58:28.3579973],11049,49391,29419
1432,[00:58:28.4337374],13740,51008,26296
1433,[00:58:28.5084840],9410,55052,36643
1434,[00:58:28.5847508],9834,50869,30963
1435,[00:58:28.6595363],7896,42342,30101
1436,[00:58:28.7337533],7540,49787,34251
1437,[00:58:28.8091889],9072,53507,37168
1438,[00:58:28.8848603],7949,47450,31098
1439,[00:58:28.9587566],9708,50742,35287
1440,[00:58:29.0354515],7801,52766,28441
1441,[00:58:29.1090410],8206,54198,38385
1442,[00:58:29.1841386],12153,50112,30043
1443,[00:58:29.2599413],9492,55556,31555
1444,[00:58:29.3356559],9067,54524,32835
1445,[00:58:29.4100501],12077,56733,30502
1446,[00:58:29.4849405],11174,53176,29884
1447,[00:58:29.5598460],10504,46169,28934
1448,[00:58:29.6361018],7209,55461,35383
1449,[00:58:29.7115686],7891,57888,34325
1450,[00:58:29.7850777],10752,54789,34141
1451,[00:58:29.8615510],9451,51170,31465
1452,[00:58:29.9358005],12475,59957,32543
1453,[00:58:30.0105679],9777,60417,32137
1454,[00:58:30.0864028],10671,49483,32767
1455,[00:58:30.1605055],7913,54311,36328
1456,[00:58:30.2352665],8101,52475,33709
1457,[00:58:30.3110363],12679,55367,31616
1458,[00:58:30.3875898],9017,56756,31043
1459,[00:58:30.4603478],11125,50690,33042
1460,[00:58:30.5365116],10554,57526,35011
1461,[00:58:30.6113327],9504,41489,29023
1462,[00:58:30.6858411],10407,54675,29471
1463,[00:58:30.7604327],7432,60919,36400
1464,[00:58:30.8364013],7110,48619,36659
1465,[00:58:30.9106311],11447,54293,35500
1466,[00:58:30.9856722],10717,55433,35604
1467,[00:58:31.0610396],8773,48545,30743
1468,[00:58:31.1385842],9783,51103,34789
1469,[00:58:31.2110202],9694,54868,33639
1470,[00:58:31.2860315],10989,53114,31571
1471,[00:58:31.3614264],12648,54269,33314
1472,[00:58:31.4369367],13037,50251,30141
1473,[00:58:31.5140594],13135,53722,33469
1474,[00:58:31.5863906],10338,54802,33823
1475,[00:58:31.6617924],11437,52079,32660
1476,[00:58:31.7373516],8897,54940,32722
1477,[00:58:31.8121847],11503,50254,32200
1478,[00:58:31.8866245],10124,43097,31912
1479,[00:58:31.9616357],10240,52917,33416
1480,[00:58:32.0369168],11219,57787,32206
1481,[00:58:32.1123114],10214,51081,30271
1482,[00:58:32.1870448],10866,47554,35908
1483,[00:58:32.2638660],10056,46344,33849
1484,[00:58:32.3380166],11794,51839,34018
1485,[00:58:32.4127352],8523,56991,34461
1486,[00:58:32.4887986],10168,50797,32482
1487,[00:58:32.5630902],13531,51791,33441
1488,[00:58:32.6376841],8702,54698,34133
1489,[00:58:32.7125903],12568,51000,36034
1490,[00:58:32.7906424],10130,51509,35816
1491,[00:58:32.8637078],12855,53153,30540
1492,[00:58:32.9410751],8824,52325,34306
1493,[00:58:33.0143395],9842,48077,29746
1494,[00:58:33.0883507],9003,57089,35311
1495,[00:58:33.1636550],8772,51300,30000
1496,[00:58:33.2382186],9028,54348,34758
1497,[00:58:33.3134341],10250,47505,32869
1498,[00:58:33.3883451],11511,47055,31222
1499,[00:58:33.4649442],13943,49847,35306
1500,[00:58:33.5410941],11335,51434,29971
1501,[00:58:33.6134679],10620,51618,29006
1502,[00:58:33.6885557],12023,53555,31759
1503,[00:58:33.7653380],11836,46993,32371
1504,[00:58:33.8396612],10175,53103,29269
1505,[00:58:33.9136065],12939,54062,31540
1506,[00:58:33.9894710],10113,56446,36324
1507,[00:58:34.0639860],10499,52930,34004
1508,[00:58:34.1396566],8471,53381,33968
1509,[00:58:34.2157038],10044,53072,33165
1510,[00:58:34.2892582],11340,54976,30004
1511,[00:58:34.3642370],8844,52452,30698
1512,[00:58:34.4393497],7918,51617,34120
1513,[00:58:34.5159650],10772,52534,32568
1514,[00:58:34.5900000],13692,56850,30262
1515,[00:58:34.6646622],11520,45127,32273
1516,[00:58:34.7398488],13295,46665,34086
1517,[00:58:34.8145852],11414,49498,34567
1518,[00:58:34.8900458],12252,47830,31741
1519,[00:58:34.9649121],9904,57055,32973
1520,[00:58:35.0405962],7846,50080,29683
1521,[00:58:35.1166241],10548,54775,26428
1522,[00:58:35.1905301],9106,58409,34729
1523,[00:58:35.2662103],13413,52606,31831
1524,[00:58:35.3411150],12954,51719,33973
1525,[00:58:35.4178275],10691,48922,36193
1526,[00:58:35.4902836],9832,58760,31703
1527,[00:58:35.5653231],10464,49742,33802
1528,[00:58:35.6408026],8874,52993,30796
1529,[00:58:35.7155925],11080,53438,33344
1530,[00:58:35.7906319],12353,54495,32860
1531,[00:58:35.8661364],10189,51570,35019
1532,[00:58:35.9426451],9869,51317,34595
1533,[00:58:36.0161043],9462,57474,38815
1534,[00:58:36.0921026],12632,51587,31611
1535,[00:58:36.1659526],12389,51400,34214
1536,[00:58:36.2429025],12151,52070,32232
1537,[00:58:36.3168685],13766,50873,30277
1538,[00:58:36.3915712],11653,50197,33967
1539,[00:58:36.4667405],8944,55625,32788
1540,[00:58:36.5421481],10707,48543,30864
1541,[00:58:36.6173819],12482,54420,33728
1542,[00:58:36.6924693],10456,47761,34745
1543,[00:58:36.7666841],10059,49774,34952
1544,[00:58:36.8415200],9584,55107,30118
1545,[00:58:36.9175213],11364,55185,31912
1546,[00:58:36.9934309],12304,49888,33503
1547,[00:58:37.0696950],9416,54055,29887
1548,[00:58:37.1428093],9367,53651,31868
1549,[00:58:37.2173130],11906,49664,33083
1550,[00:58:37.2926263],7817,55637,30000
1551,[00:58:37.3672983],8761,51384,31717
1552,[00:58:37.4432524],9604,54619,30910
1553,[00:58:37.5176802],11219,57625,33421
1554,[00:58:37.5932237],9639,54177,30209
1555,[00:58:37.6677528],11557,54097,26439
1556,[00:58:37.7425962],8165,52291,27177
1557,[00:58:37.8177483],10535,52127,31736
1558,[00:58:37.8945588],12065,50768,29497
1559,[00:58:37.9691751],10070,56144,27867
1560,[00:58:38.0436411],12116,49445,33049
1561,[00:58:38.1187571],10036,46699,31387
1562,[00:58:38.1949953],9639,55170,29855
1563,[00:58:38.2689785],9354,48957,30584
1564,[00:58:38.3432164],11978,54426,31966
1565,[00:58:38.4179989],8462,53955,30589
1566,[00:58:38.4937624],9776,52969,32230
1567,[00:58:38.5684950],10058,54431,39196
1568,[00:58:38.6446877],7940,49207,32771
1569,[00:58:38.7184949],8521,50080,34320
1570,[00:58:38.7944952],7924,50871,31289
1571,[00:58:38.8687053],8731,48990,28610
1572,[00:58:38.9459548],7804,55142,30829
1573,[00:58:39.0194240],12056,50767,34855
1574,[00:58:39.0941858],10176,48793,31095
1575,[00:58:39.1731091],10532,53230,33956
1576,[00:58:39.2451365],8250,57597,30087
1577,[00:58:39.3199509],8652,53302,35631
1578,[00:58:39.3952431],10967,55356,32173
1579,[00:58:39.4699393],10211,52857,31522
1580,[00:58:39.5444658],9368,52684,31545
1581,[00:58:39.6195205],12695,52006,31514
1582,[00:58:39.6946888],13571,52775,27499
1583,[00:58:39.7695230],12678,49491,26894
1584,[00:58:39.8447125],12756,53861,30787
1585,[00:58:39.9197354],12690,52797,25441
1586,[00:58:39.9948478],10516,53733,32958
1587,[00:58:40.0700736],14544,52471,28392
1588,[00:58:40.1451070],12680,51059,27565
1589,[00:58:40.2212843],12079,55436,34025
1590,[00:58:40.2953100],10747,52040,32305
1591,[00:58:40.3718381],10607,51453,30914
1592,[00:58:40.4453549],7539,54161,32479
1593,[00:58:40.5203911],10177,52828,29844
1594,[00:58:40.5977249],9405,49611,33589
1595,[00:58:40.6714989],8878,50632,28680
1596,[00:58:40.7475044],10849,56364,28916
1597,[00:58:40.8218177],10676,44396,32510